id,food_name,classification,rewritten_name,cached_at
1,oats,vegan,,2026-05-12T22:48:53.132Z
3,oat milk,vegan,,2026-05-12T22:48:53.134Z
4,"oats, raw",vegan,,2026-05-12T22:48:53.135Z
5,"oil, oat",vegan,,2026-05-12T22:48:53.136Z
6,"cereal, oat bunches",vegan,,2026-05-12T22:48:53.137Z
7,"bagel, oat bran",vegan,,2026-05-12T22:48:53.138Z
8,"bagels, oat bran",vegan,,2026-05-12T22:48:53.139Z
9,"bread, oat bran",vegan,,2026-05-12T22:48:53.142Z
11,"cereal, oat squares",vegan,,2026-05-12T22:48:53.143Z
12,"muffin, oat bran",rewritten,"Vegan muffin, oat bran",2026-05-12T22:48:53.145Z
13,"muffins, oat bran",rewritten,"Vegan muffins, oat bran",2026-05-12T22:48:53.146Z
14,"oat bran, cooked",vegan,,2026-05-12T22:48:53.147Z
15,"oat bran, raw",vegan,,2026-05-12T22:48:53.149Z
16,"yogurt, greek, with oats",rewritten,"Plant-based yogurt, Greek-style, with oats",2026-05-12T22:48:53.150Z
17,"cereals, quaker, oat bran, quaker/mother's oat bran, dry",vegan,,2026-05-12T22:48:53.156Z
18,"bread, oat bran, toasted",vegan,,2026-05-12T22:48:53.158Z
20,"cereal, frosted oats with marshmallows",rewritten,"Cereal, frosted oats with vegan marshmallows",2026-05-12T22:48:53.159Z
21,"flour, oat, whole grain",vegan,,2026-05-12T22:48:53.160Z
22,"muffin, english, oat bran",vegan,,2026-05-12T22:48:53.161Z
23,"oat bran cereal, cooked",vegan,,2026-05-12T22:48:53.162Z
24,"oat flour, partially debranned",vegan,,2026-05-12T22:48:53.163Z
25,"rolls, dinner, oat bran",rewritten,"Vegan rolls, dinner, oat bran",2026-05-12T22:48:53.163Z
26,"cereals, oat bran, quaker, quaker/mother's oat bran, prepared with water, salt",vegan,,2026-05-12T22:48:53.164Z
27,"cereals, quaker, oat bran, quaker/mother's oat bran, prepared with water, no salt",vegan,,2026-05-12T22:48:53.165Z
28,"cereals, oats, regular and quick, not fortified, dry",vegan,,2026-05-12T22:48:53.166Z
29,"bread, reduced-calorie, oat bran",vegan,,2026-05-12T22:48:53.167Z
30,"cereal, oat bran, ready-to-eat",vegan,,2026-05-12T22:48:53.168Z
31,"cereals, quaker, quick oats, dry",vegan,,2026-05-12T22:48:53.169Z
32,"muffin, english, oat bran, with raisins",vegan,,2026-05-12T22:48:53.170Z
33,"oat milk, unsweetened, plain, refrigerated",vegan,,2026-05-12T22:48:53.172Z
34,"oats, whole grain, steel cut",vegan,,2026-05-12T22:48:53.173Z
35,"cereals, quaker, quick oats with iron, dry",vegan,,2026-05-12T22:48:53.174Z
36,"bread, reduced-calorie, oat bran, toasted",vegan,,2026-05-12T22:48:53.175Z
37,"cereals, oats, instant, fortified, plain, dry",vegan,,2026-05-12T22:48:53.176Z
38,"oats, whole grain, rolled, old fashioned",vegan,,2026-05-12T22:48:53.178Z
39,"cereals ready-to-eat, frosted oat cereal with marshmallows",rewritten,"Cereals ready-to-eat, frosted oat cereal with vegan marshmallows",2026-05-12T22:48:53.179Z
40,"cereals, oats, instant, fortified, with cinnamon and spice, dry",vegan,,2026-05-12T22:48:53.181Z
41,"cookie, marshmallow and peanut butter, with oat cereal, no bake",rewritten,"Vegan cookie, vegan marshmallow and peanut butter, with oat cereal, no bake",2026-05-12T22:48:53.182Z
42,"formulated bar, high fiber, chewy, oats and chocolate",rewritten,"Vegan formulated bar, high fiber, chewy, oats and dairy-free chocolate",2026-05-12T22:48:53.183Z
43,oats (includes foods for usda's food distribution program),vegan,,2026-05-12T22:48:53.185Z
44,"cereal or granola bar, peanuts , oats, sugar, wheat germ",vegan,,2026-05-12T22:48:53.186Z
45,"cereals ready-to-eat, oat bran flakes, health valley",vegan,,2026-05-12T22:48:53.187Z
46,"cereals ready-to-eat, post, honey bunches of oats, with almonds",rewritten,"Cereals ready-to-eat, plant-based bunches of oats, with almonds (no honey)",2026-05-12T22:48:53.188Z
47,"cereals ready-to-eat, quaker whole hearts oat cereal",vegan,,2026-05-12T22:48:53.190Z
48,"cereals ready-to-eat, quaker, mother's cinnamon oat crunch",vegan,,2026-05-12T22:48:53.191Z
49,"cereals ready-to-eat, quaker, quaker oat cinnamon life",vegan,,2026-05-12T22:48:53.192Z
50,"cereals ready-to-eat, quaker, quaker oat life, plain",vegan,,2026-05-12T22:48:53.193Z
51,pumpkin seeds,vegan,,2026-05-12T23:43:11.047Z
52,sunflower seeds,vegan,,2026-05-12T23:43:11.049Z
53,flax seeds,vegan,,2026-05-12T23:43:11.051Z
54,chia seeds,vegan,,2026-05-12T23:43:11.053Z
55,"seeds, watermelon seed kernels, dried",vegan,,2026-05-12T23:43:11.055Z
56,"seeds, hemp seed, hulled",vegan,,2026-05-12T23:43:11.056Z
57,olive oil,vegan,,2026-05-12T23:43:11.058Z
58,tofu,vegan,,2026-05-12T23:43:11.059Z
59,"peppers, bell, red, raw",vegan,,2026-05-12T23:43:11.062Z
60,carrots,vegan,,2026-05-12T23:43:11.063Z
61,"banana, raw",vegan,,2026-05-12T23:43:11.064Z
62,blueberries,vegan,,2026-05-12T23:43:11.065Z
63,"pineapple, raw",vegan,,2026-05-12T23:43:11.067Z
64,broccoli,vegan,,2026-05-13T00:40:49.702Z
65,algae oil supplement (dha/epa),vegan,,2026-05-13T01:27:15.456Z
66,vegan b12 supplement (cyanocobalamin),vegan,,2026-05-13T01:27:15.458Z
67,"shiitake mushrooms, dried",vegan,,2026-05-13T01:27:15.460Z
68,"black-eyed peas, cooked",vegan,,2026-05-13T01:27:15.461Z
69,almonds,vegan,,2026-05-13T01:27:15.463Z
70,vegan iodine supplement (potassium iodide),vegan,,2026-05-13T01:27:15.464Z
71,"carrot, raw",vegan,,2026-05-13T01:27:15.465Z
72,vegan vitamin d3 supplement (lichen-derived),vegan,,2026-05-13T01:27:15.466Z
73,"broccoli, cooked",vegan,,2026-05-13T02:20:15.658Z
74,"soybeans, dried",vegan,,2026-05-13T02:20:15.659Z
75,vegan choline supplement (bitartrate),vegan,,2026-05-13T02:20:15.660Z
76,"tofu, firm",vegan,,2026-05-13T02:20:15.661Z
77,"peanuts, raw",vegan,,2026-05-13T02:20:15.662Z
78,"wakame, dried",vegan,,2026-05-13T15:07:53.005Z
79,"sweet potato, baked",vegan,,2026-05-13T15:07:53.006Z
80,"tofu, firm, prepared with calcium sulfate",vegan,,2026-05-13T15:14:27.802Z
82,"kale, raw",vegan,,2026-05-13T15:14:27.803Z
84,"bok choy (chinese cabbage), raw",vegan,,2026-05-13T15:14:27.804Z
91,"soy milk, fortified",vegan,,2026-05-13T15:27:34.068Z
92,"spirulina, dried",vegan,,2026-05-13T15:27:34.069Z
93,"nori, dried",vegan,,2026-05-13T15:27:34.070Z
94,grape juice,vegan,,2026-05-13T15:27:34.070Z
95,vital wheat gluten (seitan flour),vegan,,2026-05-13T15:28:06.053Z
96,"lentils, cooked",vegan,,2026-05-13 21:50:20
97,"spinach, raw",vegan,,2026-05-13 21:50:20
98,"pumpkin seeds (pepitas), dried",vegan,,2026-05-13 21:50:20
99,"nutritional yeast, fortified",vegan,,2026-05-13 21:50:20
100,"flaxseed, ground",vegan,,2026-05-13 21:50:20
101,"nori seaweed, dried",vegan,,2026-05-13 21:50:20
102,brazil nuts,vegan,,2026-05-13 21:50:20
103,"oats, rolled, dry",vegan,,2026-05-13 21:50:20
104,"brown rice, cooked",vegan,,2026-05-13 21:50:20
105,"quinoa, cooked",vegan,,2026-05-13 21:50:20
106,"chickpeas (garbanzo beans), cooked",vegan,,2026-05-13 21:50:20
107,"black beans, cooked",vegan,,2026-05-13 21:50:20
108,"orange, raw",vegan,,2026-05-13 21:50:20
109,"blueberries, raw",vegan,,2026-05-13 21:50:20
110,"almonds, raw",vegan,,2026-05-13 21:50:20
111,"walnuts, raw",vegan,,2026-05-13 21:50:20
112,tempeh,vegan,,2026-05-13 21:50:20
113,"edamame, shelled, cooked",vegan,,2026-05-13 21:50:20
114,"dulse, dried",vegan,,2026-05-13 21:50:20
115,microalgae oil (schizochytrium sp.),vegan,,2026-05-13 21:50:20
116,"chlorella powder, dried",vegan,,2026-05-13 21:50:20
117,brewer's yeast,vegan,,2026-05-13 21:50:20
118,"lima beans, cooked",vegan,,2026-05-13 21:50:20
119,cucumber,vegan,,2026-05-13 21:50:20
120,iceberg lettuce,vegan,,2026-05-13 21:50:20
121,celery,vegan,,2026-05-13 21:50:20
122,rice bran,vegan,,2026-05-13 21:50:20
123,"sweet potatoes, cooked",vegan,,2026-05-13 21:50:20
124,"lentils, dried",vegan,,2026-05-13 21:50:20
125,vital wheat gluten (seitan),vegan,,2026-05-13 21:50:20
126,soy protein isolate,vegan,,2026-05-13 21:50:20
127,"black beans, dried",vegan,,2026-05-13 21:50:20
128,"kidney beans, dried",vegan,,2026-05-13 21:50:20
129,"soy flour, defatted",vegan,,2026-05-13 21:50:20
130,vital wheat gluten,vegan,,2026-05-13 21:50:20
131,"parsley, fresh",vegan,,2026-05-13 21:50:20
132,"swiss chard, raw",vegan,,2026-05-13 21:50:20
133,"cauliflower, raw",vegan,,2026-05-13 21:50:20
134,"broccoli, raw",vegan,,2026-05-13 21:50:20
135,"shiitake mushrooms, raw",vegan,,2026-05-13 21:50:20
136,"pumpkin seeds, dried",vegan,,2026-05-13 21:50:20
137,seitan (vital wheat gluten),vegan,,2026-05-13 21:50:20
138,iodized salt,vegan,,2026-05-13 23:09:41
139,vegan vitamin a supplement (retinyl palmitate),vegan,,2026-05-13 23:09:41
140,vegan vitamin c supplement (ascorbic acid),vegan,,2026-05-13 23:09:41
141,vegan vitamin e supplement (alpha-tocopherol),vegan,,2026-05-13 23:09:41
142,vegan vitamin k supplement (phytonadione),vegan,,2026-05-13 23:09:41
143,vegan thiamin supplement (b1),vegan,,2026-05-13 23:09:41
144,vegan riboflavin supplement (b2),vegan,,2026-05-13 23:09:41
145,vegan niacin supplement (b3),vegan,,2026-05-13 23:09:41
146,vegan vitamin b6 supplement (pyridoxine),vegan,,2026-05-13 23:09:41
147,vegan folate supplement (methylfolate),vegan,,2026-05-13 23:09:41
148,vegan biotin supplement (b7),vegan,,2026-05-13 23:09:41
149,vegan pantothenic acid supplement (b5),vegan,,2026-05-13 23:09:41
150,vegan calcium supplement (calcium citrate),vegan,,2026-05-13 23:09:41
151,vegan iron supplement (bisglycinate),vegan,,2026-05-13 23:09:41
152,vegan zinc supplement (picolinate),vegan,,2026-05-13 23:09:41
153,vegan magnesium supplement (citrate),vegan,,2026-05-13 23:09:41
154,vegan selenium supplement (selenomethionine),vegan,,2026-05-13 23:09:41
155,vegan copper supplement (gluconate),vegan,,2026-05-13 23:09:41
156,vegan chromium supplement (picolinate),vegan,,2026-05-13 23:09:41
157,vegan molybdenum supplement (sodium molybdate),vegan,,2026-05-13 23:09:41
158,vegan potassium supplement (potassium chloride),vegan,,2026-05-13 23:09:41
159,vegan ala supplement (flaxseed oil),vegan,,2026-05-13 23:09:41
160,"avocado, raw",vegan,,2026-05-14T00:28:52.702Z
161,"avocados, raw, all commercial varieties",vegan,,2026-05-14T00:50:34.414Z
162,"potato, white, baked, flesh and skin",vegan,,2026-05-14 01:19:09
163,brown rice,vegan,,2026-05-14T01:21:39.090Z
3237,"Black beans, dried",vegan,,2026-05-26T01:51:59.346065+00:00
3238,"Kidney beans, dried",vegan,,2026-05-26T01:51:59.350218+00:00
3239,"Soy flour, defatted",vegan,,2026-05-26T01:51:59.351550+00:00
3240,Vital wheat gluten,vegan,,2026-05-26T01:51:59.351733+00:00
3241,"Parsley, fresh",vegan,,2026-05-26T01:51:59.353518+00:00
3242,"Swiss chard, raw",vegan,,2026-05-26T01:51:59.353682+00:00
3243,"Cauliflower, raw",vegan,,2026-05-26T01:51:59.353808+00:00
3244,"Broccoli, raw",vegan,,2026-05-26T01:51:59.356456+00:00
3245,"Shiitake mushrooms, raw",vegan,,2026-05-26T01:51:59.357111+00:00
3246,Vegan B12 supplement (cyanocobalamin),vegan,,2026-05-26T01:51:59.357257+00:00
3247,Vegan vitamin D3 supplement (lichen-derived),vegan,,2026-05-26T01:51:59.357417+00:00
3248,Algae oil supplement (DHA/EPA),vegan,,2026-05-26T01:51:59.357522+00:00
3249,Vegan iodine supplement (potassium iodide),vegan,,2026-05-26T01:51:59.358237+00:00
3250,Vegan choline supplement (bitartrate),vegan,,2026-05-26T01:51:59.358442+00:00
3251,"Soybeans, dried",vegan,,2026-05-26T01:51:59.358569+00:00
3252,"Pumpkin seeds, dried",vegan,,2026-05-26T01:51:59.358680+00:00
3253,Seitan (vital wheat gluten),vegan,,2026-05-26T01:51:59.358802+00:00
3254,"Peanuts, raw",vegan,,2026-05-26T01:51:59.358941+00:00
3255,"Tofu, firm",vegan,,2026-05-26T01:51:59.359046+00:00
3256,Iodized salt,vegan,,2026-05-26T01:51:59.359148+00:00
3257,Vegan vitamin A supplement (retinyl palmitate),vegan,,2026-05-26T01:51:59.364468+00:00
3258,Vegan vitamin C supplement (ascorbic acid),vegan,,2026-05-26T01:51:59.364634+00:00
3259,Vegan vitamin E supplement (alpha-tocopherol),vegan,,2026-05-26T01:51:59.364749+00:00
3260,Vegan vitamin K supplement (phytonadione),vegan,,2026-05-26T01:51:59.364855+00:00
3261,Vegan thiamin supplement (B1),vegan,,2026-05-26T01:51:59.364959+00:00
3262,Vegan riboflavin supplement (B2),vegan,,2026-05-26T01:51:59.365061+00:00
3263,Vegan niacin supplement (B3),vegan,,2026-05-26T01:51:59.365161+00:00
3264,Vegan vitamin B6 supplement (pyridoxine),vegan,,2026-05-26T01:51:59.365259+00:00
3265,Vegan folate supplement (methylfolate),vegan,,2026-05-26T01:51:59.367601+00:00
3266,Vegan biotin supplement (B7),vegan,,2026-05-26T01:51:59.367758+00:00
3267,Vegan pantothenic acid supplement (B5),vegan,,2026-05-26T01:51:59.367908+00:00
3268,Vegan calcium supplement (calcium citrate),vegan,,2026-05-26T01:51:59.368040+00:00
3269,Vegan iron supplement (bisglycinate),vegan,,2026-05-26T01:51:59.368177+00:00
3270,Vegan zinc supplement (picolinate),vegan,,2026-05-26T01:51:59.368335+00:00
3271,Vegan magnesium supplement (citrate),vegan,,2026-05-26T01:51:59.368494+00:00
3272,Vegan selenium supplement (selenomethionine),vegan,,2026-05-26T01:51:59.368643+00:00
3273,Vegan copper supplement (gluconate),vegan,,2026-05-26T01:51:59.369889+00:00
3274,Vegan chromium supplement (picolinate),vegan,,2026-05-26T01:51:59.370049+00:00
3275,Vegan molybdenum supplement (sodium molybdate),vegan,,2026-05-26T01:51:59.370189+00:00
3276,Vegan potassium supplement (potassium chloride),vegan,,2026-05-26T01:51:59.370350+00:00
3277,Vegan ALA supplement (flaxseed oil),vegan,,2026-05-26T01:51:59.370487+00:00
3278,"Potato, white, baked, flesh and skin",vegan,,2026-05-26T01:51:59.370617+00:00
3279,"Abiyuch, raw",vegan,,2026-05-26T01:51:59.370748+00:00
3280,"Acerola juice, raw",vegan,,2026-05-26T01:51:59.370883+00:00
3281,"Acerola, (west indian cherry), raw",vegan,,2026-05-26T01:51:59.371016+00:00
3282,Acorn stew (Apache),ambiguous,,2026-05-26T01:51:59.371148+00:00
3283,"Agave, dried (Southwest)",vegan,,2026-05-26T01:51:59.371249+00:00
3284,"Agutuk, fish with shortening (Alaskan ice cream) (Alaska Native)",non_vegan,,2026-05-26T01:51:59.371452+00:00
3285,"Agutuk, fish/berry with seal oil (Alaskan ice cream) (Alaska Native)",non_vegan,,2026-05-26T01:51:59.371596+00:00
3286,"Agutuk, meat-caribou (Alaskan ice cream) (Alaska Native)",non_vegan,,2026-05-26T01:51:59.371730+00:00
3287,"Almond milk, unsweetened, plain, shelf stable",vegan,,2026-05-26T01:52:13.669021+00:00
3288,"Amaranth grain, cooked",vegan,,2026-05-26T01:52:13.669322+00:00
3289,"Amaranth grain, uncooked",vegan,,2026-05-26T01:52:13.669471+00:00
3290,"Amaranth leaves, cooked, boiled, drained, with salt",vegan,,2026-05-26T01:52:13.669627+00:00
3291,"Amaranth leaves, cooked, boiled, drained, without salt",vegan,,2026-05-26T01:52:13.669779+00:00
3292,"Amaranth leaves, raw",vegan,,2026-05-26T01:52:13.669924+00:00
3293,"Anchovies, canned in olive oil, with salt, drained",non_vegan,,2026-05-26T01:52:13.670068+00:00
3294,"Andrea's, Gluten Free Soft Dinner Roll",ambiguous,,2026-05-26T01:52:13.670225+00:00
3295,"Animal fat, bacon grease",non_vegan,,2026-05-26T01:52:13.671828+00:00
3296,"Apple juice, canned or bottled, unsweetened, with added ascorbic acid",vegan,,2026-05-26T01:52:13.672009+00:00
3297,"Apple juice, canned or bottled, unsweetened, with added ascorbic acid, calcium, and potassium",vegan,,2026-05-26T01:52:13.672176+00:00
3298,"Apple juice, canned or bottled, unsweetened, without added ascorbic acid",vegan,,2026-05-26T01:52:13.678522+00:00
3299,"Apple juice, frozen concentrate, unsweetened, diluted with 3 volume water without added ascorbic acid",vegan,,2026-05-26T01:52:13.678682+00:00
3300,"Apple juice, frozen concentrate, unsweetened, diluted with 3 volume water, with added ascorbic acid",vegan,,2026-05-26T01:52:13.678826+00:00
3301,"Apple juice, frozen concentrate, unsweetened, undiluted, with added ascorbic acid",vegan,,2026-05-26T01:52:13.678955+00:00
3302,"Apple juice, frozen concentrate, unsweetened, undiluted, without added ascorbic acid",vegan,,2026-05-26T01:52:13.679519+00:00
3303,"Apple juice, with added vitamin C, from concentrate, shelf stable",vegan,,2026-05-26T01:52:13.679666+00:00
3304,"APPLEBEE'S, 9 oz house sirloin steak",non_vegan,,2026-05-26T01:52:13.679773+00:00
3305,"APPLEBEE'S, chicken tenders platter",non_vegan,,2026-05-26T01:52:13.679869+00:00
3306,"APPLEBEE'S, chicken tenders, from kids' menu",non_vegan,,2026-05-26T01:52:13.679971+00:00
3307,"APPLEBEE'S, chili",non_vegan,,2026-05-26T01:52:13.680067+00:00
3308,"APPLEBEE'S, coleslaw",non_vegan,,2026-05-26T01:52:13.680158+00:00
3309,"APPLEBEE'S, crunchy onion rings",non_vegan,,2026-05-26T01:52:13.680254+00:00
3310,"APPLEBEE'S, Double Crunch Shrimp",non_vegan,,2026-05-26T01:52:13.680383+00:00
3311,"APPLEBEE'S, fish, hand battered",non_vegan,,2026-05-26T01:52:13.680482+00:00
3312,"APPLEBEE'S, french fries",vegan,,2026-05-26T01:52:13.680571+00:00
3313,"APPLEBEE'S, KRAFT, Macaroni & Cheese, from kid's menu",non_vegan,,2026-05-26T01:52:13.680665+00:00
3314,"APPLEBEE'S, mozzarella sticks",non_vegan,,2026-05-26T01:52:13.680760+00:00
3315,"Apples, canned, sweetened, sliced, drained, heated",vegan,,2026-05-26T01:52:13.680867+00:00
3316,"Apples, dehydrated (low moisture), sulfured, stewed",vegan,,2026-05-26T01:52:13.680978+00:00
3317,"Apples, dehydrated (low moisture), sulfured, uncooked",vegan,,2026-05-26T01:52:13.681075+00:00
3318,"Apples, dried, sulfured, stewed, with added sugar",vegan,,2026-05-26T01:52:13.681161+00:00
3319,"Apples, dried, sulfured, stewed, without added sugar",vegan,,2026-05-26T01:52:13.681255+00:00
3320,"Apples, dried, sulfured, uncooked",vegan,,2026-05-26T01:52:13.681373+00:00
3321,"Apples, frozen, unsweetened, heated (Includes foods for USDA's Food Distribution Program)",vegan,,2026-05-26T01:52:13.681474+00:00
3322,"Apples, frozen, unsweetened, unheated (Includes foods for USDA's Food Distribution Program)",vegan,,2026-05-26T01:52:13.681575+00:00
3323,"Apples, fuji, with skin, raw",vegan,,2026-05-26T01:52:13.681672+00:00
3324,"Apples, gala, with skin, raw",vegan,,2026-05-26T01:52:13.681825+00:00
3325,"Apples, granny smith, with skin, raw",vegan,,2026-05-26T01:52:13.681969+00:00
3326,"Apples, honeycrisp, with skin, raw",vegan,,2026-05-26T01:52:13.682070+00:00
3327,"Apples, raw, fuji, with skin (Includes foods for USDA's Food Distribution Program)",vegan,,2026-05-26T01:52:13.682168+00:00
3328,"Apples, raw, gala, with skin (Includes foods for USDA's Food Distribution Program)",vegan,,2026-05-26T01:52:13.682258+00:00
3329,"Apples, raw, golden delicious, with skin",vegan,,2026-05-26T01:52:13.682380+00:00
3330,"Apples, raw, granny smith, with skin (Includes foods for USDA's Food Distribution Program)",vegan,,2026-05-26T01:52:13.682472+00:00
3331,"Apples, raw, red delicious, with skin (Includes foods for USDA's Food Distribution Program)",vegan,,2026-05-26T01:52:13.682574+00:00
3332,"Apples, raw, with skin (Includes foods for USDA's Food Distribution Program)",vegan,,2026-05-26T01:52:13.682705+00:00
3333,"Apples, raw, without skin",vegan,,2026-05-26T01:52:13.682824+00:00
3334,"Apples, raw, without skin, cooked, boiled",vegan,,2026-05-26T01:52:13.682935+00:00
3335,"Apples, raw, without skin, cooked, microwave",vegan,,2026-05-26T01:52:13.683036+00:00
3336,"Apples, red delicious, with skin, raw",vegan,,2026-05-26T01:52:13.683168+00:00
3337,"Tofu, firm, prepared with calcium sulfate",vegan,,2026-05-26T01:52:16.529819+00:00
3338,"Kale, raw",vegan,,2026-05-26T01:52:16.530073+00:00
3339,"Bok choy (Chinese cabbage), raw",vegan,,2026-05-26T01:52:16.530215+00:00
3340,"Lentils, cooked",vegan,,2026-05-26T01:52:16.530385+00:00
3341,"Spinach, raw",vegan,,2026-05-26T01:52:16.530503+00:00
3342,"Pumpkin seeds (pepitas), dried",vegan,,2026-05-26T01:52:16.530618+00:00
3343,"Nutritional yeast, fortified",vegan,,2026-05-26T01:52:16.530735+00:00
3344,"Soy milk, fortified",vegan,,2026-05-26T01:52:16.530867+00:00
3345,"Flaxseed, ground",vegan,,2026-05-26T01:52:16.530982+00:00
3346,Chia seeds,vegan,,2026-05-26T01:52:16.531083+00:00
3347,"Nori seaweed, dried",vegan,,2026-05-26T01:52:16.535358+00:00
3348,Brazil nuts,vegan,,2026-05-26T01:52:16.535519+00:00
3349,"Oats, rolled, dry",vegan,,2026-05-26T01:52:16.535627+00:00
3350,"Brown rice, cooked",vegan,,2026-05-26T01:52:16.535725+00:00
3351,"Quinoa, cooked",vegan,,2026-05-26T01:52:16.535826+00:00
3352,"Chickpeas (garbanzo beans), cooked",vegan,,2026-05-26T01:52:16.535930+00:00
3353,"Black beans, cooked",vegan,,2026-05-26T01:52:16.538602+00:00
3354,"Sweet potato, baked",vegan,,2026-05-26T01:52:16.538779+00:00
3355,"Broccoli, cooked",vegan,,2026-05-26T01:52:16.538891+00:00
3356,"Orange, raw",vegan,,2026-05-26T01:52:16.539447+00:00
3357,"Banana, raw",vegan,,2026-05-26T01:52:16.539629+00:00
3358,"Blueberries, raw",vegan,,2026-05-26T01:52:16.540206+00:00
3359,"Almonds, raw",vegan,,2026-05-26T01:52:16.540623+00:00
3360,"Walnuts, raw",vegan,,2026-05-26T01:52:16.540797+00:00
3361,Tempeh,vegan,,2026-05-26T01:52:16.541065+00:00
3362,"Edamame, shelled, cooked",vegan,,2026-05-26T01:52:16.541207+00:00
3363,"Spirulina, dried",vegan,,2026-05-26T01:52:16.541371+00:00
3364,"Nori, dried",vegan,,2026-05-26T01:52:16.541452+00:00
3365,"Wakame, dried",vegan,,2026-05-26T01:52:16.541515+00:00
3366,"Dulse, dried",vegan,,2026-05-26T01:52:16.541573+00:00
3367,Microalgae oil (Schizochytrium sp.),vegan,,2026-05-26T01:52:16.541693+00:00
3368,"Chlorella powder, dried",vegan,,2026-05-26T01:52:16.541758+00:00
3369,Broccoli,vegan,,2026-05-26T01:52:16.541836+00:00
3370,Brewer's yeast,vegan,,2026-05-26T01:52:16.541895+00:00
3371,Grape juice,vegan,,2026-05-26T01:52:16.541954+00:00
3372,"Black-eyed peas, cooked",vegan,,2026-05-26T01:52:16.542021+00:00
3373,"Lima beans, cooked",vegan,,2026-05-26T01:52:16.542077+00:00
3374,Cucumber,vegan,,2026-05-26T01:52:16.542135+00:00
3375,Iceberg Lettuce,vegan,,2026-05-26T01:52:16.542212+00:00
3376,Celery,vegan,,2026-05-26T01:52:16.542352+00:00
3377,"Carrot, raw",vegan,,2026-05-26T01:52:16.542430+00:00
3378,"Shiitake mushrooms, dried",vegan,,2026-05-26T01:52:16.542841+00:00
3379,Sunflower seeds,vegan,,2026-05-26T01:52:16.542952+00:00
3380,Rice bran,vegan,,2026-05-26T01:52:16.543048+00:00
3381,Almonds,vegan,,2026-05-26T01:52:16.543140+00:00
3382,"Sweet potatoes, cooked",vegan,,2026-05-26T01:52:16.543336+00:00
3383,"Lentils, dried",vegan,,2026-05-26T01:52:16.543460+00:00
3384,Vital wheat gluten (seitan),vegan,,2026-05-26T01:52:16.543554+00:00
3385,Vital wheat gluten (seitan flour),vegan,,2026-05-26T01:52:16.543682+00:00
3386,Soy protein isolate,vegan,,2026-05-26T01:52:16.543795+00:00
3387,"Applesauce, canned, sweetened, with salt",vegan,,2026-05-26T01:52:23.468313+00:00
3388,"Applesauce, canned, sweetened, without salt",vegan,,2026-05-26T01:52:23.468572+00:00
3389,"Applesauce, canned, unsweetened, with added ascorbic acid",vegan,,2026-05-26T01:52:23.468725+00:00
3390,"Applesauce, canned, unsweetened, without added ascorbic acid (Includes foods for USDA's Food Distribution Program)",vegan,,2026-05-26T01:52:23.468862+00:00
3391,"Applesauce, unsweetened, with added vitamin C",vegan,,2026-05-26T01:52:23.469021+00:00
3392,"Apricot nectar, canned, with added ascorbic acid",vegan,,2026-05-26T01:52:23.469169+00:00
3393,"Apricot, with skin, raw",vegan,,2026-05-26T01:52:23.469649+00:00
3394,"Apricots, canned, extra heavy syrup pack, without skin, solids and liquids",vegan,,2026-05-26T01:52:23.469794+00:00
3395,"Apricots, canned, extra light syrup pack, with skin, solids and liquids (Includes foods for USDA's Food Distribution Program)",vegan,,2026-05-26T01:52:23.469933+00:00
3396,"Apricots, canned, heavy syrup, drained",vegan,,2026-05-26T01:52:23.470084+00:00
3397,"Apricots, canned, juice pack, with skin, solids and liquids",vegan,,2026-05-26T01:52:23.470214+00:00
3398,"Apricots, canned, light syrup pack, with skin, solids and liquids",vegan,,2026-05-26T01:52:23.470398+00:00
3399,"Apricots, canned, water pack, with skin, solids and liquids",vegan,,2026-05-26T01:52:23.470542+00:00
3400,"Apricots, dehydrated (low-moisture), sulfured, stewed",vegan,,2026-05-26T01:52:23.470682+00:00
3401,"Apricots, dehydrated (low-moisture), sulfured, uncooked",vegan,,2026-05-26T01:52:23.470841+00:00
3402,"Apricots, dried, sulfured, stewed, with added sugar",vegan,,2026-05-26T01:52:23.470976+00:00
3403,"Apricots, dried, sulfured, stewed, without added sugar",vegan,,2026-05-26T01:52:23.471110+00:00
3404,"Apricots, dried, sulfured, uncooked",vegan,,2026-05-26T01:52:23.471252+00:00
3405,"Apricots, frozen, sweetened",vegan,,2026-05-26T01:52:23.471794+00:00
3406,"Apricots, raw",vegan,,2026-05-26T01:52:23.471931+00:00
3407,"ARBY'S, roast beef sandwich, classic",non_vegan,,2026-05-26T01:52:23.472061+00:00
3408,"Archway Home Style Cookies, Chocolate Chip Ice Box",non_vegan,,2026-05-26T01:52:23.472193+00:00
3409,"Archway Home Style Cookies, Coconut Macaroon",non_vegan,,2026-05-26T01:52:23.472365+00:00
3410,"Archway Home Style Cookies, Date Filled Oatmeal",non_vegan,,2026-05-26T01:52:23.472500+00:00
3411,"Archway Home Style Cookies, Dutch Cocoa",non_vegan,,2026-05-26T01:52:23.472629+00:00
3412,"Archway Home Style Cookies, Frosty Lemon",non_vegan,,2026-05-26T01:52:23.472759+00:00
3413,"Archway Home Style Cookies, Iced Oatmeal",non_vegan,,2026-05-26T01:52:23.472888+00:00
3414,"Archway Home Style Cookies, Oatmeal",non_vegan,,2026-05-26T01:52:23.473021+00:00
3415,"Archway Home Style Cookies, Old Fashioned Windmill Cookies",non_vegan,,2026-05-26T01:52:23.473180+00:00
3416,"Archway Home Style Cookies, Peanut Butter",non_vegan,,2026-05-26T01:52:23.473339+00:00
3417,"Archway Home Style Cookies, Reduced Fat Ginger Snaps",non_vegan,,2026-05-26T01:52:23.475226+00:00
3418,"Arrowhead, cooked, boiled, drained, with salt",vegan,,2026-05-26T01:52:23.475427+00:00
3419,"Arrowhead, raw",vegan,,2026-05-26T01:52:23.475579+00:00
3420,"Artichokes, (globe or french), cooked, boiled, drained, with salt",vegan,,2026-05-26T01:52:23.475688+00:00
3421,"Artichokes, (globe or french), cooked, boiled, drained, without salt",vegan,,2026-05-26T01:52:23.475837+00:00
3422,"Artichokes, (globe or french), raw",vegan,,2026-05-26T01:52:23.475939+00:00
3423,"Arugula, baby, raw",vegan,,2026-05-26T01:52:23.476067+00:00
3424,"Asparagus, frozen, cooked, boiled, drained, with salt",vegan,,2026-05-26T01:52:23.476175+00:00
3425,"Asparagus, frozen, cooked, boiled, drained, without salt",vegan,,2026-05-26T01:52:23.476360+00:00
3426,"Asparagus, green, raw",vegan,,2026-05-26T01:52:23.476544+00:00
3427,"Asparagus, raw",vegan,,2026-05-26T01:52:23.476702+00:00
3428,"Avocados, raw, Florida",vegan,,2026-05-26T01:52:23.476853+00:00
3429,"Babyfood, apple yogurt dessert, strained",non_vegan,,2026-05-26T01:52:23.477064+00:00
3430,"Babyfood, apple-banana juice",vegan,,2026-05-26T01:52:23.477202+00:00
3431,"Babyfood, baked product, finger snacks cereal fortified",non_vegan,,2026-05-26T01:52:23.477548+00:00
3432,"Babyfood, banana juice with low fat yogurt",non_vegan,,2026-05-26T01:52:23.477690+00:00
3433,"Babyfood, banana no tapioca, strained",vegan,,2026-05-26T01:52:23.477835+00:00
3434,"Babyfood, banana with mixed berries, strained",vegan,,2026-05-26T01:52:23.477970+00:00
3435,"Babyfood, carrots, toddler",vegan,,2026-05-26T01:52:23.478106+00:00
3436,"Babyfood, cereal, barley, dry fortified",vegan,,2026-05-26T01:52:23.478538+00:00
3437,"Babyfood, dinner, beef with vegetables",non_vegan,,2026-05-26T01:52:41.537573+00:00
3438,"Babyfood, dinner, broccoli and chicken, junior",non_vegan,,2026-05-26T01:52:41.538181+00:00
3439,"Babyfood, dinner, chicken and rice",non_vegan,,2026-05-26T01:52:41.538372+00:00
3440,"Babyfood, dinner, chicken noodle, strained",non_vegan,,2026-05-26T01:52:41.538453+00:00
3441,"Babyfood, dinner, chicken soup, strained",non_vegan,,2026-05-26T01:52:41.538519+00:00
3442,"Babyfood, dinner, chicken stew, toddler",non_vegan,,2026-05-26T01:52:41.538575+00:00
3443,"Babyfood, dinner, macaroni and cheese, junior",non_vegan,,2026-05-26T01:52:41.538635+00:00
3444,"Babyfood, dinner, macaroni and tomato and beef, junior",non_vegan,,2026-05-26T01:52:41.538690+00:00
3445,"Babyfood, dinner, macaroni and tomato and beef, strained",non_vegan,,2026-05-26T01:52:41.538767+00:00
3446,"Babyfood, dinner, macaroni, beef and tomato sauce, toddler",non_vegan,,2026-05-26T01:52:41.538825+00:00
3447,"Babyfood, dinner, mixed vegetable, junior",vegan,,2026-05-26T01:52:41.538884+00:00
3448,"Babyfood, dinner, mixed vegetable, strained",vegan,,2026-05-26T01:52:41.538939+00:00
3449,"Babyfood, dinner, pasta with vegetables",ambiguous,,2026-05-26T01:52:41.539012+00:00
3450,"Babyfood, dinner, spaghetti and tomato and meat, junior",non_vegan,,2026-05-26T01:52:41.539072+00:00
3451,"Babyfood, dinner, spaghetti and tomato and meat, toddler",non_vegan,,2026-05-26T01:52:41.539127+00:00
3452,"Babyfood, dinner, sweet potatoes and chicken, strained",non_vegan,,2026-05-26T01:52:41.539182+00:00
3453,"Babyfood, dinner, turkey and rice, junior",non_vegan,,2026-05-26T01:52:41.539237+00:00
3454,"Babyfood, dinner, turkey and rice, strained",non_vegan,,2026-05-26T01:52:41.539323+00:00
3455,"Babyfood, dinner, turkey, rice, and vegetables, toddler",non_vegan,,2026-05-26T01:52:41.539382+00:00
3456,"Babyfood, dinner, vegetables and beef, junior",non_vegan,,2026-05-26T01:52:41.539438+00:00
3457,"Babyfood, dinner, vegetables and beef, strained",non_vegan,,2026-05-26T01:52:41.539511+00:00
3458,"Babyfood, dinner, vegetables and chicken, junior",non_vegan,,2026-05-26T01:52:41.539568+00:00
3459,"Babyfood, dinner, vegetables and dumplings and beef, junior",non_vegan,,2026-05-26T01:52:41.539623+00:00
3460,"Babyfood, dinner, vegetables and dumplings and beef, strained",non_vegan,,2026-05-26T01:52:41.539681+00:00
3461,"Babyfood, dinner, vegetables and lamb, junior",non_vegan,,2026-05-26T01:52:41.539740+00:00
3462,"Babyfood, dinner, vegetables and noodles and turkey, junior",non_vegan,,2026-05-26T01:52:41.539795+00:00
3463,"Babyfood, dinner, vegetables and noodles and turkey, strained",non_vegan,,2026-05-26T01:52:41.539853+00:00
3464,"Babyfood, dinner, vegetables and turkey, junior",non_vegan,,2026-05-26T01:52:41.539907+00:00
3465,"Babyfood, dinner, vegetables and turkey, strained",non_vegan,,2026-05-26T01:52:41.539960+00:00
3466,"Babyfood, dinner, vegetables chicken, strained",non_vegan,,2026-05-26T01:52:41.540014+00:00
3467,"Babyfood, fortified cereal bar, fruit filling",ambiguous,,2026-05-26T01:52:41.540071+00:00
3468,"Babyfood, fruit and vegetable, apple and sweet potato",vegan,,2026-05-26T01:52:41.540128+00:00
3469,"Babyfood, fruit supreme dessert",ambiguous,,2026-05-26T01:52:41.540213+00:00
3470,"Babyfood, fruit, apple and blueberry, strained",vegan,,2026-05-26T01:52:41.540322+00:00
3471,"Babyfood, fruit, apple and raspberry, strained",vegan,,2026-05-26T01:52:41.540444+00:00
3472,"Babyfood, fruit, applesauce and apricots, junior",vegan,,2026-05-26T01:52:41.540505+00:00
3473,"Babyfood, fruit, applesauce and apricots, strained",vegan,,2026-05-26T01:52:41.540560+00:00
3474,"Babyfood, fruit, applesauce and cherries, strained",vegan,,2026-05-26T01:52:41.540622+00:00
3475,"Babyfood, fruit, applesauce and pineapple, junior",vegan,,2026-05-26T01:52:41.541053+00:00
3476,"Babyfood, fruit, applesauce and pineapple, strained",vegan,,2026-05-26T01:52:41.541159+00:00
3477,"Babyfood, fruit, applesauce with banana, junior",vegan,,2026-05-26T01:52:41.541227+00:00
3478,"Babyfood, fruit, applesauce, junior",vegan,,2026-05-26T01:52:41.541335+00:00
3479,"Babyfood, fruit, applesauce, strained",vegan,,2026-05-26T01:52:41.541397+00:00
3480,"Babyfood, fruit, bananas with apples and pears, strained",vegan,,2026-05-26T01:52:41.541454+00:00
3481,"Babyfood, fruit, guava and papaya with tapioca, strained",vegan,,2026-05-26T01:52:41.541510+00:00
3482,"Babyfood, fruit, peaches, strained",vegan,,2026-05-26T01:52:41.541565+00:00
3483,"Babyfood, fruit, pears, junior",vegan,,2026-05-26T01:52:41.541621+00:00
3484,"Babyfood, fruit, prunes with tapioca, without ascorbic acid, junior",vegan,,2026-05-26T01:52:41.541680+00:00
3485,"Babyfood, fruit, tutti frutti, strained",vegan,,2026-05-26T01:52:41.541758+00:00
3486,"Babyfood, GERBER, 2nd Foods, apple, carrot and squash, organic",vegan,,2026-05-26T01:52:41.541816+00:00
3487,"Babyfood, GERBER, Banana with orange medley",vegan,,2026-05-26T01:52:46.722356+00:00
3488,"Babyfood, grape juice, no sugar, canned",vegan,,2026-05-26T01:52:46.722629+00:00
3489,"Babyfood, juice treats, fruit medley, toddler",ambiguous,,2026-05-26T01:52:46.722800+00:00
3490,"Babyfood, juice, apple",vegan,,2026-05-26T01:52:46.722948+00:00
3491,"Babyfood, juice, apple - cherry",vegan,,2026-05-26T01:52:46.723155+00:00
3492,"Babyfood, juice, apple and grape",vegan,,2026-05-26T01:52:46.723335+00:00
3493,"Babyfood, juice, apple and peach",vegan,,2026-05-26T01:52:46.723487+00:00
3494,"Babyfood, juice, apple and prune",vegan,,2026-05-26T01:52:46.723622+00:00
3495,"Babyfood, juice, apple, with calcium",vegan,,2026-05-26T01:52:46.723767+00:00
3496,"Babyfood, juice, apple-sweet potato",vegan,,2026-05-26T01:52:46.723908+00:00
3497,"Babyfood, juice, fruit punch, with calcium",vegan,,2026-05-26T01:52:46.724043+00:00
3498,"Babyfood, juice, mixed fruit",vegan,,2026-05-26T01:52:46.724183+00:00
3499,"Babyfood, juice, orange",vegan,,2026-05-26T01:52:46.724552+00:00
3500,"Babyfood, juice, orange and apple and banana",vegan,,2026-05-26T01:52:46.724711+00:00
3501,"Babyfood, juice, orange and banana",vegan,,2026-05-26T01:52:46.724856+00:00
3502,"Babyfood, juice, orange-carrot",vegan,,2026-05-26T01:52:46.724992+00:00
3503,"Babyfood, macaroni and cheese, toddler",non_vegan,,2026-05-26T01:52:46.725125+00:00
3504,"Babyfood, mashed cheddar potatoes and broccoli, toddlers",non_vegan,,2026-05-26T01:52:46.725264+00:00
3505,"Babyfood, meat, beef with vegetables, toddler",non_vegan,,2026-05-26T01:52:46.725447+00:00
3506,"Babyfood, meat, beef, junior",non_vegan,,2026-05-26T01:52:46.725589+00:00
3507,"Babyfood, meat, chicken sticks, junior",non_vegan,,2026-05-26T01:52:46.725729+00:00
3508,"Babyfood, meat, chicken, strained",non_vegan,,2026-05-26T01:52:46.725868+00:00
3509,"Babyfood, meat, ham, junior",non_vegan,,2026-05-26T01:52:46.726001+00:00
3510,"Babyfood, meat, lamb, junior",non_vegan,,2026-05-26T01:52:46.726137+00:00
3511,"Babyfood, meat, meat sticks, junior",non_vegan,,2026-05-26T01:52:46.726421+00:00
3512,"Babyfood, meat, pork, strained",non_vegan,,2026-05-26T01:52:46.726575+00:00
3513,"Babyfood, meat, veal, strained",non_vegan,,2026-05-26T01:52:46.726715+00:00
3514,"Babyfood, mixed fruit juice with low fat yogurt",non_vegan,,2026-05-26T01:52:46.726863+00:00
3515,"Babyfood, oatmeal cereal with fruit, dry, instant, toddler fortified",ambiguous,,2026-05-26T01:52:46.727004+00:00
3516,"Babyfood, pears, dices, toddler",vegan,,2026-05-26T01:52:46.727226+00:00
3517,"Babyfood, peas and brown rice",ambiguous,,2026-05-26T01:52:46.727470+00:00
3518,"Babyfood, peas, dices, toddler",vegan,,2026-05-26T01:52:46.727629+00:00
3519,"Babyfood, potatoes, toddler",ambiguous,,2026-05-26T01:52:46.727772+00:00
3520,"Babyfood, rice cereal, dry, EARTHS BEST ORGANIC WHOLE GRAIN, fortified only with iron",vegan,,2026-05-26T01:52:46.727919+00:00
3521,"Babyfood, snack, GERBER GRADUATE FRUIT  STRIPS, Real Fruit Bars",ambiguous,,2026-05-26T01:52:46.728461+00:00
3522,"Babyfood, Snack, GERBER, GRADUATES, LIL CRUNCHIES, baked whole grain corn snack",vegan,,2026-05-26T01:52:46.728638+00:00
3523,"Babyfood, snack, GERBER, GRADUATES, YOGURT MELTS",non_vegan,,2026-05-26T01:52:46.728789+00:00
3524,"Babyfood, tropical fruit medley",vegan,,2026-05-26T01:52:46.728932+00:00
3525,"Babyfood, vegetable and brown rice, strained",ambiguous,,2026-05-26T01:52:46.729072+00:00
3526,"Babyfood, vegetable, butternut squash and corn",ambiguous,,2026-05-26T01:52:46.729214+00:00
3527,"Babyfood, vegetable, green beans and potatoes",ambiguous,,2026-05-26T01:52:46.729389+00:00
3528,"Babyfood, vegetables, beets, strained",vegan,,2026-05-26T01:52:46.729529+00:00
3529,"Babyfood, vegetables, carrots, junior",vegan,,2026-05-26T01:52:46.729664+00:00
3530,"Babyfood, vegetables, carrots, strained",vegan,,2026-05-26T01:52:46.729802+00:00
3531,"Babyfood, vegetables, corn, creamed, junior",non_vegan,,2026-05-26T01:52:46.729938+00:00
3532,"Babyfood, vegetables, corn, creamed, strained",non_vegan,,2026-05-26T01:52:46.730076+00:00
3533,"Babyfood, vegetables, garden vegetable, strained",ambiguous,,2026-05-26T01:52:46.730208+00:00
3534,"Babyfood, vegetables, green beans, junior",vegan,,2026-05-26T01:52:46.730381+00:00
3535,"Babyfood, vegetables, green beans, strained",vegan,,2026-05-26T01:52:46.730526+00:00
3536,"Babyfood, vegetables, mix vegetables junior",ambiguous,,2026-05-26T01:52:46.730707+00:00
3537,"Babyfood, cereal, egg yolks and bacon, junior",non_vegan,,2026-05-26T01:52:54.195019+00:00
3538,"Babyfood, cereal, high protein, with apple and orange, prepared with whole milk",non_vegan,,2026-05-26T01:52:54.196761+00:00
3539,"Babyfood, cereal, mixed, dry fortified",ambiguous,,2026-05-26T01:52:54.196920+00:00
3540,"Babyfood, cereal, mixed, prepared with whole milk",non_vegan,,2026-05-26T01:52:54.197052+00:00
3541,"Babyfood, cereal, mixed, with applesauce and bananas, junior, fortified",ambiguous,,2026-05-26T01:52:54.197180+00:00
3542,"Babyfood, cereal, mixed, with applesauce and bananas, strained",ambiguous,,2026-05-26T01:52:54.197317+00:00
3543,"Babyfood, cereal, mixed, with bananas, dry",ambiguous,,2026-05-26T01:52:54.197425+00:00
3544,"Babyfood, cereal, mixed, with bananas, prepared with whole milk",non_vegan,,2026-05-26T01:52:54.197522+00:00
3545,"Babyfood, cereal, mixed, with honey, prepared with whole milk",non_vegan,,2026-05-26T01:52:54.197618+00:00
3546,"Babyfood, cereal, oatmeal, dry fortified",ambiguous,,2026-05-26T01:52:54.197713+00:00
3547,"Babyfood, cereal, Oatmeal, dry, GERBER, SINGLE GRAIN, fortified",ambiguous,,2026-05-26T01:52:54.197807+00:00
3548,"Babyfood, cereal, oatmeal, prepared with whole milk",non_vegan,,2026-05-26T01:52:54.197906+00:00
3549,"Babyfood, cereal, oatmeal, with applesauce and bananas, junior, fortified",ambiguous,,2026-05-26T01:52:54.197999+00:00
3550,"Babyfood, cereal, oatmeal, with applesauce and bananas, strained",ambiguous,,2026-05-26T01:52:54.198093+00:00
3551,"Babyfood, cereal, oatmeal, with bananas, dry",ambiguous,,2026-05-26T01:52:54.198187+00:00
3552,"Babyfood, cereal, oatmeal, with bananas, prepared with whole milk",non_vegan,,2026-05-26T01:52:54.198302+00:00
3553,"Babyfood, cereal, oatmeal, with honey, dry",non_vegan,,2026-05-26T01:52:54.198400+00:00
3554,"Babyfood, cereal, oatmeal, with honey, prepared with whole milk",non_vegan,,2026-05-26T01:52:54.198490+00:00
3555,"Babyfood, cereal, rice with pears and apple, dry, instant fortified",ambiguous,,2026-05-26T01:52:54.198580+00:00
3556,"Babyfood, cereal, rice, dry fortified",ambiguous,,2026-05-26T01:52:54.198670+00:00
3557,"Babyfood, cereal, rice, prepared with whole milk",non_vegan,,2026-05-26T01:52:54.198762+00:00
3558,"Babyfood, cereal, rice, with applesauce and bananas, strained",ambiguous,,2026-05-26T01:52:54.198850+00:00
3559,"Babyfood, cereal, rice, with bananas, dry",ambiguous,,2026-05-26T01:52:54.198950+00:00
3560,"Babyfood, cereal, rice, with honey, prepared with whole milk",non_vegan,,2026-05-26T01:52:54.199042+00:00
3561,"Babyfood, cereal, whole wheat, with apples, dry fortified",ambiguous,,2026-05-26T01:52:54.199133+00:00
3562,"Babyfood, cereal, with egg yolks, strained",non_vegan,,2026-05-26T01:52:54.199231+00:00
3563,"Babyfood, cherry cobbler, junior",non_vegan,,2026-05-26T01:52:54.199423+00:00
3564,"Babyfood, cookie, baby, fruit",ambiguous,,2026-05-26T01:52:54.199530+00:00
3565,"Babyfood, cookies",ambiguous,,2026-05-26T01:52:54.199627+00:00
3566,"Babyfood, dessert, banana pudding, strained",non_vegan,,2026-05-26T01:52:54.199728+00:00
3567,"Babyfood, dessert, banana yogurt, strained",non_vegan,,2026-05-26T01:52:54.199820+00:00
3568,"Babyfood, dessert, blueberry yogurt, strained",non_vegan,,2026-05-26T01:52:54.199920+00:00
3569,"Babyfood, dessert, cherry vanilla pudding, junior",non_vegan,,2026-05-26T01:52:54.200043+00:00
3570,"Babyfood, dessert, cherry vanilla pudding, strained",non_vegan,,2026-05-26T01:52:54.200140+00:00
3571,"Babyfood, dessert, custard pudding, vanilla, strained",non_vegan,,2026-05-26T01:52:54.200239+00:00
3572,"Babyfood, dessert, dutch apple, junior",non_vegan,,2026-05-26T01:52:54.200526+00:00
3573,"Babyfood, dessert, dutch apple, strained",non_vegan,,2026-05-26T01:52:54.200625+00:00
3574,"Babyfood, dessert, fruit dessert, without ascorbic acid, junior",ambiguous,,2026-05-26T01:52:54.200716+00:00
3575,"Babyfood, dessert, fruit dessert, without ascorbic acid, strained",ambiguous,,2026-05-26T01:52:54.200809+00:00
3576,"Babyfood, dessert, fruit pudding, orange, strained",non_vegan,,2026-05-26T01:52:54.200897+00:00
3577,"Babyfood, dessert, fruit pudding, pineapple, strained",non_vegan,,2026-05-26T01:52:54.200988+00:00
3578,"Babyfood, dessert, peach cobbler, junior",non_vegan,,2026-05-26T01:52:54.201076+00:00
3579,"Babyfood, dessert, peach cobbler, strained",non_vegan,,2026-05-26T01:52:54.201165+00:00
3580,"Babyfood, dessert, peach melba, junior",non_vegan,,2026-05-26T01:52:54.201254+00:00
3581,"Babyfood, dessert, peach melba, strained",non_vegan,,2026-05-26T01:52:54.201375+00:00
3582,"Babyfood, dessert, tropical fruit, junior",ambiguous,,2026-05-26T01:52:54.201507+00:00
3583,"Babyfood, dinner, apples and chicken, strained",non_vegan,,2026-05-26T01:52:54.201601+00:00
3584,"Babyfood, dinner, beef lasagna, toddler",non_vegan,,2026-05-26T01:52:54.201691+00:00
3585,"Babyfood, dinner, beef noodle, junior",non_vegan,,2026-05-26T01:52:54.201781+00:00
3586,"Babyfood, dinner, beef noodle, strained",non_vegan,,2026-05-26T01:52:54.201871+00:00
3587,"Alaska Pollock, raw",non_vegan,,2026-05-26T01:52:58.286084+00:00
3588,"Alcoholic beverage, beer, light",vegan,,2026-05-26T01:52:58.286389+00:00
3589,"Alcoholic beverage, beer, light, BUD LIGHT",vegan,,2026-05-26T01:52:58.286558+00:00
3590,"Alcoholic beverage, beer, light, BUDWEISER SELECT",vegan,,2026-05-26T01:52:58.286717+00:00
3591,"Alcoholic beverage, beer, light, higher alcohol",vegan,,2026-05-26T01:52:58.286865+00:00
3592,"Alcoholic beverage, beer, light, low carb",vegan,,2026-05-26T01:52:58.287006+00:00
3593,"Alcoholic beverage, beer, regular, all",vegan,,2026-05-26T01:52:58.287154+00:00
3594,"Alcoholic beverage, beer, regular, BUDWEISER",vegan,,2026-05-26T01:52:58.287325+00:00
3595,"Alcoholic beverage, creme de menthe, 72 proof",vegan,,2026-05-26T01:52:58.287440+00:00
3596,"Alcoholic beverage, daiquiri, canned",vegan,,2026-05-26T01:52:58.287544+00:00
3597,"Alcoholic beverage, daiquiri, prepared-from-recipe",vegan,,2026-05-26T01:52:58.287651+00:00
3598,"Alcoholic beverage, distilled, all (gin, rum, vodka, whiskey) 90 proof",vegan,,2026-05-26T01:52:58.287763+00:00
3599,"Alcoholic beverage, distilled, rum, 80 proof",vegan,,2026-05-26T01:52:58.287886+00:00
3600,"Alcoholic beverage, distilled, vodka, 80 proof",vegan,,2026-05-26T01:52:58.287982+00:00
3601,"Alcoholic beverage, malt beer, hard lemonade",vegan,,2026-05-26T01:52:58.288094+00:00
3602,"Alcoholic beverage, whiskey sour, prepared from item 14028",vegan,,2026-05-26T01:52:58.288244+00:00
3603,"Alcoholic beverage, liqueur, coffee, 53 proof",ambiguous,,2026-05-26T01:52:58.288617+00:00
3604,"Alcoholic beverage, liqueur, coffee, 63 proof",ambiguous,,2026-05-26T01:52:58.288726+00:00
3605,"Alcoholic beverage, pina colada, canned",ambiguous,,2026-05-26T01:52:58.288873+00:00
3606,"Alcoholic beverage, pina colada, prepared-from-recipe",vegan,,2026-05-26T01:52:58.289016+00:00
3607,"Alcoholic beverage, rice (sake)",vegan,,2026-05-26T01:52:58.289161+00:00
3608,"Alcoholic beverage, tequila sunrise, canned",vegan,,2026-05-26T01:52:58.291566+00:00
3609,"Alcoholic beverage, whiskey sour",vegan,,2026-05-26T01:52:58.291737+00:00
3610,"Alcoholic beverage, whiskey sour, canned",vegan,,2026-05-26T01:52:58.291887+00:00
3611,"Alcoholic beverage, wine, dessert, dry",vegan,,2026-05-26T01:52:58.292017+00:00
3612,"Alcoholic beverage, wine, dessert, sweet",vegan,,2026-05-26T01:52:58.292124+00:00
3613,"Alcoholic beverage, wine, table, all",vegan,,2026-05-26T01:52:58.292221+00:00
3614,"Alcoholic beverage, wine, table, red",vegan,,2026-05-26T01:52:58.292372+00:00
3615,"Alcoholic Beverage, wine, table, red, Barbera",vegan,,2026-05-26T01:52:58.292448+00:00
3616,"Alcoholic Beverage, wine, table, red, Burgundy",vegan,,2026-05-26T01:52:58.292506+00:00
3617,"Alcoholic Beverage, wine, table, red, Cabernet Franc",vegan,,2026-05-26T01:52:58.292565+00:00
3618,"Alcoholic Beverage, wine, table, red, Carignane",vegan,,2026-05-26T01:52:58.292621+00:00
3619,"Alcoholic Beverage, wine, table, red, Claret",vegan,,2026-05-26T01:52:58.292674+00:00
3620,"Alcoholic Beverage, wine, table, red, Gamay",vegan,,2026-05-26T01:52:58.292730+00:00
3621,"Alcoholic Beverage, wine, table, red, Lemberger",vegan,,2026-05-26T01:52:58.292784+00:00
3622,"Alcoholic Beverage, wine, table, red, Mouvedre",vegan,,2026-05-26T01:52:58.292840+00:00
3623,"Alcoholic Beverage, wine, table, red, Sangiovese",vegan,,2026-05-26T01:52:58.292924+00:00
3624,"Ice creams, vanilla, rich",non_vegan,,2026-05-26T01:52:58.293106+00:00
3625,"Ice creams, vanilla",non_vegan,,2026-05-26T01:52:58.293240+00:00
3626,"Sherbet, orange",non_vegan,,2026-05-26T01:52:58.293411+00:00
3627,"Candies, fudge, vanilla with nuts",non_vegan,,2026-05-26T01:52:58.293507+00:00
3628,"Candies, NESTLE, GOOBERS Chocolate Covered Peanuts",non_vegan,,2026-05-26T01:52:58.293670+00:00
3629,"Alcoholic beverage, wine, table, white, Muscat",vegan,,2026-05-26T01:52:58.293791+00:00
3630,"Alcoholic beverage, wine, table, white, Riesling",vegan,,2026-05-26T01:52:58.293855+00:00
3631,"Alcoholic beverage, wine, table, white, Sauvignon Blanc",vegan,,2026-05-26T01:52:58.293965+00:00
3632,"Alcoholic beverage, wine, table, white, Semillon",vegan,,2026-05-26T01:52:58.294099+00:00
3633,"Alcoholic beverages, beer, higher alcohol",vegan,,2026-05-26T01:52:58.294193+00:00
3634,"Alfalfa seeds, sprouted, raw",vegan,,2026-05-26T01:52:58.294374+00:00
3635,"Almond butter, creamy",vegan,,2026-05-26T01:52:58.294502+00:00
3636,"Almond milk, unsweetened, plain, refrigerated",vegan,,2026-05-26T01:52:58.294569+00:00
3637,"Beef, Australian, imported, Wagyu, loin, top loin steak/roast, separable lean and fat, Aust. marble score 9, raw",non_vegan,,2026-05-26T01:53:11.337383+00:00
3638,"Beef, Australian, imported, Wagyu, rib, small end rib steak/roast, boneless, separable lean only, Aust. marble score 4/5, raw",non_vegan,,2026-05-26T01:53:11.337619+00:00
3639,"Beef, Australian, imported, Wagyu, rib, small end rib steak/roast, boneless, separable lean only, Aust. marble score 9, raw",non_vegan,,2026-05-26T01:53:11.337764+00:00
3640,"Beef, Australian, imported, Wagyu, seam fat, Aust. marble score 4/5, raw",non_vegan,,2026-05-26T01:53:11.337869+00:00
3641,"Beef, Australian, imported, Wagyu, seam fat, Aust. marble score 9, raw",non_vegan,,2026-05-26T01:53:11.337971+00:00
3642,"Beef, bologna, reduced sodium",non_vegan,,2026-05-26T01:53:11.338082+00:00
3643,"Beef, bottom sirloin, tri-tip roast, separable lean and fat, trimmed to 0"" fat, all grades, cooked, roasted",non_vegan,,2026-05-26T01:53:11.338207+00:00
3644,"Beef, bottom sirloin, tri-tip roast, separable lean and fat, trimmed to 0"" fat, all grades, raw",non_vegan,,2026-05-26T01:53:11.338354+00:00
3645,"Beef, bottom sirloin, tri-tip roast, separable lean and fat, trimmed to 0"" fat, choice, cooked, roasted",non_vegan,,2026-05-26T01:53:11.338442+00:00
3646,"Beef, bottom sirloin, tri-tip roast, separable lean and fat, trimmed to 0"" fat, choice, raw",non_vegan,,2026-05-26T01:53:11.338505+00:00
3647,"Beef, bottom sirloin, tri-tip roast, separable lean and fat, trimmed to 0"" fat, select, cooked, roasted",non_vegan,,2026-05-26T01:53:11.338560+00:00
3648,"Beef, bottom sirloin, tri-tip roast, separable lean and fat, trimmed to 0"" fat, select, raw",non_vegan,,2026-05-26T01:53:11.338702+00:00
3649,"Beef, bottom sirloin, tri-tip roast, separable lean only, trimmed to 0"" fat, all grades, raw",non_vegan,,2026-05-26T01:53:11.338802+00:00
3650,"Beef, bottom sirloin, tri-tip roast, separable lean only, trimmed to 0"" fat, choice, raw",non_vegan,,2026-05-26T01:53:11.338911+00:00
3651,"Beef, bottom sirloin, tri-tip roast, separable lean only, trimmed to 0"" fat, select, raw",non_vegan,,2026-05-26T01:53:11.339006+00:00
3652,"Beef, brisket, flat half, boneless, separable lean only, trimmed to 0"" fat, choice, raw",non_vegan,,2026-05-26T01:53:11.339112+00:00
3653,"Squash, summer, scallop, raw",vegan,,2026-05-26T01:53:11.339211+00:00
3654,"Squash, winter, acorn, raw",vegan,,2026-05-26T01:53:11.339407+00:00
3655,"Squash, winter, all varieties, raw",vegan,,2026-05-26T01:53:11.339521+00:00
3656,"Squash, winter, butternut, raw",vegan,,2026-05-26T01:53:11.339587+00:00
3657,"Squash, winter, hubbard, raw",vegan,,2026-05-26T01:53:11.339641+00:00
3658,"Squash, winter, spaghetti, raw",vegan,,2026-05-26T01:53:11.339740+00:00
3659,"Squash, zucchini, baby, raw",vegan,,2026-05-26T01:53:11.339848+00:00
3660,"Squirrel, ground, meat (Alaska Native)",non_vegan,,2026-05-26T01:53:11.339944+00:00
3661,"Strawberries, raw",vegan,,2026-05-26T01:53:11.340050+00:00
3662,"Sugar-apples, (sweetsop), raw",vegan,,2026-05-26T01:53:11.340147+00:00
3663,"Beef, brisket, flat half, separable lean only, trimmed to 0"" fat, all grades, cooked, braised",non_vegan,,2026-05-26T01:53:11.340250+00:00
3664,"Beef, brisket, flat half, separable lean only, trimmed to 0"" fat, select, cooked, braised",non_vegan,,2026-05-26T01:53:11.340377+00:00
3665,"Beef, brisket, flat half, separable lean only, trimmed to 1/8"" fat, all grades, cooked, braised",non_vegan,,2026-05-26T01:53:11.340450+00:00
3666,"Beef, brisket, flat half, separable lean only, trimmed to 1/8"" fat, choice, cooked, braised",non_vegan,,2026-05-26T01:53:11.340550+00:00
3667,"Beef, brisket, flat half, separable lean only, trimmed to 1/8"" fat, choice, raw",non_vegan,,2026-05-26T01:53:11.340612+00:00
3668,"Beef, brisket, flat half, separable lean only, trimmed to 1/8"" fat, select, cooked, braised",non_vegan,,2026-05-26T01:53:11.340670+00:00
3669,"Beef, brisket, flat half, separable lean only, trimmed to 1/8"" fat, select, raw",non_vegan,,2026-05-26T01:53:11.340751+00:00
3670,"Beef, brisket, point half, separable lean and fat, trimmed to 1/8"" fat, all grades, cooked, braised",non_vegan,,2026-05-26T01:53:11.340850+00:00
3671,"Beef, brisket, point half, separable lean and fat, trimmed to 1/8"" fat, all grades, raw",non_vegan,,2026-05-26T01:53:11.340984+00:00
3672,"Beef, brisket, point half, separable lean only, trimmed to 0"" fat, all grades, cooked, braised",non_vegan,,2026-05-26T01:53:11.341127+00:00
3673,"Beef, brisket, whole, separable lean and fat, trimmed to 0"" fat, all grades, cooked, braised",non_vegan,,2026-05-26T01:53:11.341255+00:00
3674,"Beef, brisket, whole, separable lean and fat, trimmed to 1/8"" fat, all grades, cooked, braised",non_vegan,,2026-05-26T01:53:11.341423+00:00
3675,"Beef, brisket, whole, separable lean and fat, trimmed to 1/8"" fat, all grades, raw",non_vegan,,2026-05-26T01:53:11.341552+00:00
3676,"Beef, brisket, whole, separable lean only, all grades, raw",non_vegan,,2026-05-26T01:53:11.341688+00:00
3677,"Beef, brisket, whole, separable lean only, trimmed to 0"" fat, all grades, cooked, braised",non_vegan,,2026-05-26T01:53:11.341825+00:00
3678,"Beef, carcass, separable lean and fat, choice, raw",non_vegan,,2026-05-26T01:53:11.341969+00:00
3679,"Beef, carcass, separable lean and fat, select, raw",non_vegan,,2026-05-26T01:53:11.342111+00:00
3680,"Veal, breast, plate half, boneless, separable lean and fat, cooked, braised",non_vegan,,2026-05-26T01:53:11.342257+00:00
3681,"Veal, breast, whole, boneless, separable lean and fat, cooked, braised",non_vegan,,2026-05-26T01:53:11.342595+00:00
3682,"Veal, breast, whole, boneless, separable lean and fat, raw",non_vegan,,2026-05-26T01:53:11.342734+00:00
3683,"Veal, composite of trimmed retail cuts, separable lean and fat, raw",non_vegan,,2026-05-26T01:53:11.342843+00:00
3684,"Beef, chuck eye Country-Style ribs, boneless, separable lean only, trimmed to 0"" fat, select, cooked, braised",non_vegan,,2026-05-26T01:53:11.342946+00:00
3685,"Beef, chuck eye Country-Style ribs, boneless, separable lean only, trimmed to 0"" fat, select, raw",non_vegan,,2026-05-26T01:53:11.343107+00:00
3686,"Beef, chuck eye roast, boneless, America's Beef Roast, separable lean and fat, trimmed to 0"" fat, all grades, cooked, roasted",non_vegan,,2026-05-26T01:53:11.343228+00:00
3687,"Beans, pinto, mature seeds, cooked, boiled, without salt",vegan,,2026-05-26T01:53:17.574753+00:00
3688,"Beans, pinto, mature seeds, raw (Includes foods for USDA's Food Distribution Program)",vegan,,2026-05-26T01:53:17.574994+00:00
3689,"Beans, pinto, mature seeds, sprouted, cooked, boiled, drained, with salt",vegan,,2026-05-26T01:53:17.575140+00:00
3690,"Beans, pinto, mature seeds, sprouted, cooked, boiled, drained, without salt",vegan,,2026-05-26T01:53:17.575311+00:00
3691,"Beans, pinto, mature seeds, sprouted, raw",vegan,,2026-05-26T01:53:17.575439+00:00
3692,"Beans, snap, canned, all styles, seasoned, solids and liquids",ambiguous,,2026-05-26T01:53:17.575562+00:00
3693,"Beans, snap, green, canned, no salt added, drained solids",vegan,,2026-05-26T01:53:17.575668+00:00
3694,"Beans, snap, green, canned, regular pack, drained solids",vegan,,2026-05-26T01:53:17.575780+00:00
3695,"Beans, snap, green, cooked, boiled, drained, without salt",vegan,,2026-05-26T01:53:17.575893+00:00
3696,"Beans, snap, green, frozen, all styles, microwaved",ambiguous,,2026-05-26T01:53:17.576049+00:00
3697,"Beans, snap, green, frozen, all styles, unprepared (Includes foods for USDA's Food Distribution Program)",ambiguous,,2026-05-26T01:53:17.576164+00:00
3698,"Beans, snap, green, frozen, cooked, boiled, drained without salt",vegan,,2026-05-26T01:53:17.576311+00:00
3699,"Beans, snap, green, frozen, cooked, boiled, drained, with salt",vegan,,2026-05-26T01:53:17.576422+00:00
3700,"Beans, snap, green, microwaved",vegan,,2026-05-26T01:53:17.576534+00:00
3701,"Beans, snap, green, raw",vegan,,2026-05-26T01:53:17.576645+00:00
3702,"Beans, snap, yellow, canned, no salt added, drained solids",vegan,,2026-05-26T01:53:17.576747+00:00
3703,"Beans, snap, yellow, cooked, boiled, drained, with salt",vegan,,2026-05-26T01:53:17.576858+00:00
3704,"Beans, snap, yellow, cooked, boiled, drained, without salt",vegan,,2026-05-26T01:53:17.576967+00:00
3705,"Beans, snap, yellow, frozen, all styles, unprepared",ambiguous,,2026-05-26T01:53:17.577077+00:00
3706,"Beans, snap, yellow, frozen, cooked, boiled, drained, with salt",vegan,,2026-05-26T01:53:17.577188+00:00
3707,"Beans, snap, yellow, frozen, cooked, boiled, drained, without salt",vegan,,2026-05-26T01:53:17.577324+00:00
3708,"Beans, snap, yellow, raw",vegan,,2026-05-26T01:53:17.577445+00:00
3709,"Beans, white, mature seeds, canned",vegan,,2026-05-26T01:53:17.577585+00:00
3710,"Beans, white, mature seeds, cooked, boiled, with salt",vegan,,2026-05-26T01:53:17.577704+00:00
3711,"Beans, white, mature seeds, cooked, boiled, without salt",vegan,,2026-05-26T01:53:17.577825+00:00
3712,"Beans, white, mature seeds, raw",vegan,,2026-05-26T01:53:17.577929+00:00
3713,"Beans, yellow, mature seeds, cooked, boiled, with salt",vegan,,2026-05-26T01:53:17.578029+00:00
3714,"Beans, yellow, mature seeds, cooked, boiled, without salt",vegan,,2026-05-26T01:53:17.578127+00:00
3715,"Beans, yellow, mature seeds, raw",vegan,,2026-05-26T01:53:17.578225+00:00
3716,"Bear, black, meat (Alaska Native)",non_vegan,,2026-05-26T01:53:17.578358+00:00
3717,"Bear, polar, meat, raw (Alaska Native)",non_vegan,,2026-05-26T01:53:17.578529+00:00
3718,"Beef composite, separable lean only, trimmed to 1/8"" fat, choice, cooked",non_vegan,,2026-05-26T01:53:17.578643+00:00
3719,"Beef macaroni with tomato sauce, frozen entree, reduced fat",non_vegan,,2026-05-26T01:53:17.578755+00:00
3720,"Beef stew, canned entree",non_vegan,,2026-05-26T01:53:17.578863+00:00
3721,"Beef, Australian, imported, grass-fed,  external fat, raw",non_vegan,,2026-05-26T01:53:17.578976+00:00
3722,"Beef, Australian, imported, grass-fed, ground, 85% lean / 15% fat, raw",non_vegan,,2026-05-26T01:53:17.579121+00:00
3723,"Beef, Australian, imported, grass-fed, loin, top loin steak/roast, boneless, separable lean and fat, raw",non_vegan,,2026-05-26T01:53:17.579234+00:00
3724,"Beef, Australian, imported, grass-fed, loin, top loin steak/roast, boneless, separable lean only, raw",non_vegan,,2026-05-26T01:53:17.579393+00:00
3725,"Beef, Australian, imported, grass-fed, rib, ribeye steak/roast lip-on, boneless, separable lean and fat, raw",non_vegan,,2026-05-26T01:53:17.579501+00:00
3726,"Beef, Australian, imported, grass-fed, rib, ribeye steak/roast lip-on, boneless, separable lean only, raw",non_vegan,,2026-05-26T01:53:17.579645+00:00
3727,"Beef, Australian, imported, grass-fed, round, bottom round steak/roast, boneless, separable lean and fat, raw",non_vegan,,2026-05-26T01:53:17.579742+00:00
3728,"Beef, Australian, imported, grass-fed, round, bottom round steak/roast, boneless, separable lean only, raw",non_vegan,,2026-05-26T01:53:17.579867+00:00
3729,"Beef, Australian, imported, grass-fed, round, top round cap-off steak/roast, boneless, separable lean and fat, raw",non_vegan,,2026-05-26T01:53:17.579971+00:00
3730,"Beef, Australian, imported, grass-fed, round, top round cap-off steak/roast, boneless, separable lean only, raw",non_vegan,,2026-05-26T01:53:17.580082+00:00
3731,"Beef, Australian, imported, grass-fed, seam fat, raw",non_vegan,,2026-05-26T01:53:17.580260+00:00
3732,"Beef, Australian, imported, Wagyu, external fat, Aust. marble score 4/5, raw",non_vegan,,2026-05-26T01:53:17.580440+00:00
3733,"Beef, Australian, imported, Wagyu, external fat, Aust. marble score 9, raw",non_vegan,,2026-05-26T01:53:17.582462+00:00
3734,"Beef, Australian, imported, Wagyu, loin, tenderloin steak/roast, boneless, separable lean and fat, Aust. marble score 4/5, raw",non_vegan,,2026-05-26T01:53:17.582644+00:00
3735,"Beef, Australian, imported, Wagyu, loin, tenderloin steak/roast, boneless, separable lean and fat, Aust. marble score 9, raw",non_vegan,,2026-05-26T01:53:17.582795+00:00
3736,"Beef, Australian, imported, Wagyu, loin, tenderloin steak/roast, boneless, separable lean only, Aust. marble score 9, raw",non_vegan,,2026-05-26T01:53:17.582912+00:00
3737,"Beef, chuck eye Country-Style ribs, boneless, separable lean only, trimmed to 0"" fat, choice, raw",non_vegan,,2026-05-26T01:53:22.782784+00:00
3738,"Beef, chuck eye roast, boneless, America's Beef Roast, separable lean and fat, trimmed to 0"" fat, choice, cooked, roasted",non_vegan,,2026-05-26T01:53:22.783128+00:00
3739,"Beef, chuck eye roast, boneless, America's Beef Roast, separable lean and fat, trimmed to 0"" fat, choice, raw",non_vegan,,2026-05-26T01:53:22.783498+00:00
3740,"Beef, chuck eye roast, boneless, America's Beef Roast, separable lean and fat, trimmed to 0"" fat, select, raw",non_vegan,,2026-05-26T01:53:22.783594+00:00
3741,"Beef, chuck eye roast, boneless, America's Beef Roast, separable lean only, trimmed to 0"" fat, all grades, cooked, roasted",non_vegan,,2026-05-26T01:53:22.783671+00:00
3742,"Beef, chuck eye roast, boneless, America's Beef Roast, separable lean only, trimmed to 0"" fat, choice, raw",non_vegan,,2026-05-26T01:53:22.783734+00:00
3743,"Beef, chuck eye steak, boneless, separable lean and fat, trimmed to 0"" fat, all grades, cooked, grilled",non_vegan,,2026-05-26T01:53:22.783793+00:00
3744,"Beef, chuck eye steak, boneless, separable lean and fat, trimmed to 0"" fat, select, cooked, grilled",non_vegan,,2026-05-26T01:53:22.783851+00:00
3745,"Beef, chuck eye steak, boneless, separable lean and fat, trimmed to 0"" fat, select, raw",non_vegan,,2026-05-26T01:53:22.783906+00:00
3746,"Beef, chuck eye steak, boneless, separable lean only, trimmed to 0"" fat, all grades, cooked, grilled",non_vegan,,2026-05-26T01:53:22.783962+00:00
3747,"Beef, chuck eye steak, boneless, separable lean only, trimmed to 0"" fat, all grades, raw",non_vegan,,2026-05-26T01:53:22.784041+00:00
3748,"Beef, chuck eye steak, boneless, separable lean only, trimmed to 0"" fat, choice, cooked, grilled",non_vegan,,2026-05-26T01:53:22.784139+00:00
3749,"Beef, chuck eye steak, boneless, separable lean only, trimmed to 0"" fat, choice, raw",non_vegan,,2026-05-26T01:53:22.784255+00:00
3750,"Beef, chuck eye steak, boneless, separable lean only, trimmed to 0"" fat, select, cooked, grilled",non_vegan,,2026-05-26T01:53:22.784404+00:00
3751,"Beef, chuck eye steak, boneless, separable lean only, trimmed to 0"" fat, select, raw",non_vegan,,2026-05-26T01:53:22.784513+00:00
3752,"Beef, chuck for stew, separable lean and fat, all grades, cooked, braised",non_vegan,,2026-05-26T01:53:22.784618+00:00
3753,"Beef, chuck for stew, separable lean and fat, all grades, raw",non_vegan,,2026-05-26T01:53:22.784713+00:00
3754,"Beef, chuck for stew, separable lean and fat, choice, cooked, braised",non_vegan,,2026-05-26T01:53:22.784807+00:00
3755,"Beef, chuck for stew, separable lean and fat, choice, raw",non_vegan,,2026-05-26T01:53:22.784876+00:00
3756,"Beef, chuck for stew, separable lean and fat, select, cooked, braised",non_vegan,,2026-05-26T01:53:22.784977+00:00
3757,"Beef, chuck for stew, separable lean and fat, select, raw",non_vegan,,2026-05-26T01:53:22.785075+00:00
3758,"Beef, chuck, arm pot roast, separable lean and fat, trimmed to 0"" fat, all grades, cooked, braised",non_vegan,,2026-05-26T01:53:22.785235+00:00
3759,"Beef, chuck, arm pot roast, separable lean and fat, trimmed to 0"" fat, select, cooked, braised",non_vegan,,2026-05-26T01:53:22.785353+00:00
3760,"Beef, chuck, arm pot roast, separable lean and fat, trimmed to 1/8"" fat, all grades, cooked, braised",non_vegan,,2026-05-26T01:53:22.785430+00:00
3761,"Beef, chuck, arm pot roast, separable lean and fat, trimmed to 1/8"" fat, all grades, raw",non_vegan,,2026-05-26T01:53:22.785489+00:00
3762,"Beef, chuck, arm pot roast, separable lean and fat, trimmed to 1/8"" fat, choice, cooked, braised",non_vegan,,2026-05-26T01:53:22.785547+00:00
3763,"Beef, chuck, arm pot roast, separable lean and fat, trimmed to 1/8"" fat, choice, raw",non_vegan,,2026-05-26T01:53:22.785780+00:00
3764,"Beef, chuck, arm pot roast, separable lean and fat, trimmed to 1/8"" fat, select, cooked, braised",non_vegan,,2026-05-26T01:53:22.785845+00:00
3765,"Beef, chuck, arm pot roast, separable lean and fat, trimmed to 1/8"" fat, select, raw",non_vegan,,2026-05-26T01:53:22.785902+00:00
3766,"Beef, chuck, arm pot roast, separable lean only, trimmed to 1/8"" fat, all grades, cooked, braised",non_vegan,,2026-05-26T01:53:22.785958+00:00
3767,"Beef, chuck, arm pot roast, separable lean only, trimmed to 1/8"" fat, choice, cooked, braised",non_vegan,,2026-05-26T01:53:22.786030+00:00
3768,"Beef, chuck, arm pot roast, separable lean only, trimmed to 1/8"" fat, choice, raw",non_vegan,,2026-05-26T01:53:22.786133+00:00
3769,"Beef, chuck, arm pot roast, separable lean only, trimmed to 1/8"" fat, select, raw",non_vegan,,2026-05-26T01:53:22.786236+00:00
3770,"Beef, chuck, blade roast, separable lean and fat, trimmed to 1/8"" fat, all grades, cooked, braised",non_vegan,,2026-05-26T01:53:22.786487+00:00
3771,"Beef, chuck, blade roast, separable lean and fat, trimmed to 1/8"" fat, all grades, raw",non_vegan,,2026-05-26T01:53:22.786555+00:00
3772,"Beef, chuck, blade roast, separable lean and fat, trimmed to 1/8"" fat, choice, cooked, braised",non_vegan,,2026-05-26T01:53:22.786614+00:00
3773,"Beef, chuck, blade roast, separable lean and fat, trimmed to 1/8"" fat, choice, raw",non_vegan,,2026-05-26T01:53:22.786686+00:00
3774,"Beef, chuck, blade roast, separable lean and fat, trimmed to 1/8"" fat, select, cooked, braised",non_vegan,,2026-05-26T01:53:22.786744+00:00
3775,"Beef, chuck, blade roast, separable lean and fat, trimmed to 1/8"" fat, select, raw",non_vegan,,2026-05-26T01:53:22.786798+00:00
3776,"Beef, chuck, blade roast, separable lean only, trimmed to 0"" fat, all grades, cooked, braised",non_vegan,,2026-05-26T01:53:22.786853+00:00
3777,"Beef, chuck, clod roast, separable lean and fat, trimmed to 0"" fat, all grades, cooked, roasted",non_vegan,,2026-05-26T01:53:22.786907+00:00
3778,"Beef, chuck, clod roast, separable lean and fat, trimmed to 0"" fat, choice, cooked, roasted",non_vegan,,2026-05-26T01:53:22.786961+00:00
3779,"Beef, chuck, clod roast, separable lean and fat, trimmed to 0"" fat, select, cooked, roasted",non_vegan,,2026-05-26T01:53:22.787014+00:00
3780,"Beef, chuck, clod roast, separable lean only, trimmed to 0"" fat, choice, cooked, roasted",non_vegan,,2026-05-26T01:53:22.787068+00:00
3781,"Beef, chuck, clod roast, separable lean only, trimmed to 1/4"" fat, all grades, raw",non_vegan,,2026-05-26T01:53:22.787172+00:00
3782,"Beef, chuck, clod steak, separable lean only, trimmed to 1/4"" fat, all grades, cooked, braised",non_vegan,,2026-05-26T01:53:22.787395+00:00
3783,"Beef, chuck, mock tender steak, boneless, separable lean and fat, trimmed to 0"" fat, all grades, cooked, braised",non_vegan,,2026-05-26T01:53:22.787477+00:00
3784,"Beef, chuck, mock tender steak, boneless, separable lean and fat, trimmed to 0"" fat, choice, cooked, braised",non_vegan,,2026-05-26T01:53:22.787534+00:00
3785,"Beef, chuck, mock tender steak, boneless, separable lean and fat, trimmed to 0"" fat, select, cooked, braised",non_vegan,,2026-05-26T01:53:22.787606+00:00
3786,"Beef, chuck, mock tender steak, boneless, separable lean and fat, trimmed to 0"" fat, select, raw",non_vegan,,2026-05-26T01:53:22.787662+00:00
3787,"Beans, cannellini, dry",vegan,,2026-05-26T01:53:27.327626+00:00
3788,"Beans, chili, barbecue, ranch style, cooked",non_vegan,,2026-05-26T01:53:27.327922+00:00
3789,"Beans, cranberry (roman), mature seeds, raw",vegan,,2026-05-26T01:53:27.328079+00:00
3790,"Beans, Dry, Black (0% moisture)",vegan,,2026-05-26T01:53:27.328240+00:00
3791,"Beans, Dry, Brown (0% moisture)",vegan,,2026-05-26T01:53:27.328497+00:00
3792,"Beans, Dry, Carioca (0% moisture)",vegan,,2026-05-26T01:53:27.328616+00:00
3793,"Beans, Dry, Cranberry (0% moisture)",vegan,,2026-05-26T01:53:27.328738+00:00
3794,"Beans, Dry, Great Northern (0% moisture)",vegan,,2026-05-26T01:53:27.328837+00:00
3795,"Beans, Dry, Light Red Kidney (0% moisture)",vegan,,2026-05-26T01:53:27.328942+00:00
3796,"Beans, Dry, Light Tan (0% moisture)",vegan,,2026-05-26T01:53:27.329066+00:00
3797,"Beans, Dry, Medium Red (0% moisture)",vegan,,2026-05-26T01:53:27.329170+00:00
3798,"Beans, Dry, Navy (0% moisture)",vegan,,2026-05-26T01:53:27.329325+00:00
3799,"Beans, Dry, Pink (0% moisture)",vegan,,2026-05-26T01:53:27.329434+00:00
3800,"Beans, Dry, Pinto (0% moisture)",vegan,,2026-05-26T01:53:27.329569+00:00
3801,"Beans, Dry, Red (0% moisture)",vegan,,2026-05-26T01:53:27.329788+00:00
3802,"Beans, Dry, Small Red (0% moisture)",vegan,,2026-05-26T01:53:27.329936+00:00
3803,"Beans, Dry, Small White (0% moisture)",vegan,,2026-05-26T01:53:27.330057+00:00
3804,"Beans, Dry, Tan (0% moisture)",vegan,,2026-05-26T01:53:27.330158+00:00
3805,"Beans, fava, in pod, raw",vegan,,2026-05-26T01:53:27.330241+00:00
3806,"Beans, french, mature seeds, cooked, boiled, with salt",vegan,,2026-05-26T01:53:27.330355+00:00
3807,"Beans, french, mature seeds, cooked, boiled, without salt",vegan,,2026-05-26T01:53:27.330444+00:00
3808,"Beans, french, mature seeds, raw",vegan,,2026-05-26T01:53:27.330522+00:00
3809,"Beans, great northern, canned, sodium added, drained and rinsed",vegan,,2026-05-26T01:53:27.330601+00:00
3810,"Beans, great northern, mature seeds, canned",vegan,,2026-05-26T01:53:27.330680+00:00
3811,"Beans, great northern, mature seeds, canned, low sodium",vegan,,2026-05-26T01:53:27.330759+00:00
3812,"Beans, great northern, mature seeds, cooked, boiled, with salt",vegan,,2026-05-26T01:53:27.330847+00:00
3813,"Beans, great northern, mature seeds, cooked, boiled, without salt",vegan,,2026-05-26T01:53:27.330976+00:00
3814,"Beans, great northern, mature seeds, raw (Includes foods for USDA's Food Distribution Program)",vegan,,2026-05-26T01:53:27.331114+00:00
3815,"Beans, kidney, all types, mature seeds, cooked, boiled, with salt",vegan,,2026-05-26T01:53:27.331262+00:00
3816,"Beans, kidney, all types, mature seeds, cooked, boiled, without salt",vegan,,2026-05-26T01:53:27.331526+00:00
3817,"Beans, kidney, all types, mature seeds, raw",vegan,,2026-05-26T01:53:27.331643+00:00
3818,"Beans, kidney, california red, mature seeds, cooked, boiled, without salt",vegan,,2026-05-26T01:53:27.331750+00:00
3819,"Beans, kidney, dark red, canned, sodium added, sugar added, drained and rinsed",vegan,,2026-05-26T01:53:27.331853+00:00
3820,"Beans, kidney, mature seeds, sprouted, cooked, boiled, drained, with salt",vegan,,2026-05-26T01:53:27.332016+00:00
3821,"Beans, kidney, mature seeds, sprouted, cooked, boiled, drained, without salt",vegan,,2026-05-26T01:53:27.332165+00:00
3822,"Beans, kidney, red, mature seeds, canned, drained solids, rinsed in tap water",vegan,,2026-05-26T01:53:27.332462+00:00
3823,"Beans, kidney, red, mature seeds, raw",vegan,,2026-05-26T01:53:27.332570+00:00
3824,"Beans, kidney, royal red, mature seeds, raw",vegan,,2026-05-26T01:53:27.332688+00:00
3825,"Beans, mung, mature seeds, sprouted, canned, drained solids",vegan,,2026-05-26T01:53:27.332777+00:00
3826,"Beans, navy, mature seeds, cooked, boiled, with salt",vegan,,2026-05-26T01:53:27.332860+00:00
3827,"Beans, navy, mature seeds, raw",vegan,,2026-05-26T01:53:27.332940+00:00
3828,"Beans, navy, mature seeds, sprouted, cooked, boiled, drained, with salt",vegan,,2026-05-26T01:53:27.333020+00:00
3829,"Beans, navy, mature seeds, sprouted, raw",vegan,,2026-05-26T01:53:27.333106+00:00
3830,"Beans, pinto, canned, sodium added, drained and rinsed",vegan,,2026-05-26T01:53:27.333194+00:00
3831,"Beans, pinto, immature seeds, frozen, cooked, boiled, drained, with salt",vegan,,2026-05-26T01:53:27.333327+00:00
3832,"Beans, pinto, immature seeds, frozen, unprepared",vegan,,2026-05-26T01:53:27.333427+00:00
3833,"Beans, pinto, mature seeds, canned, drained solids, rinsed in tap water",vegan,,2026-05-26T01:53:27.333561+00:00
3834,"Beans, pinto, mature seeds, canned, solids and liquids",vegan,,2026-05-26T01:53:27.333690+00:00
3835,"Beans, pinto, mature seeds, canned, solids and liquids, low sodium",vegan,,2026-05-26T01:53:27.333845+00:00
3836,"Beans, pinto, mature seeds, cooked, boiled, with salt",vegan,,2026-05-26T01:53:27.333964+00:00
3837,"Beef, chuck, mock tender steak, boneless, separable lean only, trimmed to 0"" fat, choice, cooked, braised",non_vegan,,2026-05-26T01:53:31.249676+00:00
3838,"Beef, chuck, mock tender steak, boneless, separable lean only, trimmed to 0"" fat, select, cooked, braised",non_vegan,,2026-05-26T01:53:31.249971+00:00
3839,"Beef, chuck, mock tender steak, separable lean and fat, trimmed to 0"" fat, USDA choice, cooked, broiled",non_vegan,,2026-05-26T01:53:31.250201+00:00
3840,"Beef, chuck, mock tender steak, separable lean only, trimmed to 0"" fat, all grades, cooked, broiled",non_vegan,,2026-05-26T01:53:31.250401+00:00
3841,"Beef, chuck, mock tender steak, separable lean only, trimmed to 0"" fat, choice, cooked, broiled",non_vegan,,2026-05-26T01:53:31.250556+00:00
3842,"Beef, chuck, short ribs, boneless, separable lean and fat, trimmed to 0"" fat, all grades, cooked, braised",non_vegan,,2026-05-26T01:53:31.250703+00:00
3843,"Beef, chuck, short ribs, boneless, separable lean and fat, trimmed to 0"" fat, choice, raw",non_vegan,,2026-05-26T01:53:31.250854+00:00
3844,"Beef, chuck, short ribs, boneless, separable lean and fat, trimmed to 0"" fat, select, cooked, braised",non_vegan,,2026-05-26T01:53:31.251046+00:00
3845,"Beef, chuck, short ribs, boneless, separable lean and fat, trimmed to 0"" fat, select, raw",non_vegan,,2026-05-26T01:53:31.251203+00:00
3846,"Beef, chuck, short ribs, boneless, separable lean only, trimmed to 0"" fat, all grades, cooked, braised",non_vegan,,2026-05-26T01:53:31.251388+00:00
3847,"Beef, chuck, short ribs, boneless, separable lean only, trimmed to 0"" fat, all grades, raw",non_vegan,,2026-05-26T01:53:31.251534+00:00
3848,"Beef, chuck, short ribs, boneless, separable lean only, trimmed to 0"" fat, choice, cooked, braised",non_vegan,,2026-05-26T01:53:31.251669+00:00
3849,"Beef, chuck, short ribs, boneless, separable lean only, trimmed to 0"" fat, select, cooked, braised",non_vegan,,2026-05-26T01:53:31.251801+00:00
3850,"Beef, chuck, short ribs, boneless, separable lean only, trimmed to 0"" fat, select, raw",non_vegan,,2026-05-26T01:53:31.252093+00:00
3851,"Beef, chuck, shoulder clod, shoulder tender, medallion, separable lean and fat, trimmed to 0"" fat, all grades, cooked, grilled",non_vegan,,2026-05-26T01:53:31.252223+00:00
3852,"Beef, chuck, shoulder clod, shoulder tender, medallion, separable lean and fat, trimmed to 0"" fat, all grades, raw",non_vegan,,2026-05-26T01:53:31.252391+00:00
3853,"Beef, chuck, shoulder clod, shoulder tender, medallion, separable lean and fat, trimmed to 0"" fat, choice, cooked, grilled",non_vegan,,2026-05-26T01:53:31.252543+00:00
3854,"Beef, chuck, shoulder clod, shoulder tender, medallion, separable lean and fat, trimmed to 0"" fat, choice, raw",non_vegan,,2026-05-26T01:53:31.252674+00:00
3855,"Beef, chuck, shoulder clod, shoulder top and center steaks, separable lean and fat, trimmed to 0"" fat, select, raw",non_vegan,,2026-05-26T01:53:31.252798+00:00
3856,"Beef, chuck, shoulder clod, shoulder top and center steaks, separable lean and fat, trimmed to 0"" fat, select, cooked, grilled",non_vegan,,2026-05-26T01:53:31.252924+00:00
3857,"Beef, chuck, shoulder clod, shoulder top and center steaks, separable lean and fat, trimmed to 0"" fat, all grades, raw",non_vegan,,2026-05-26T01:53:31.253051+00:00
3858,"Beef, chuck, shoulder clod, shoulder top and center steaks, separable lean and fat, trimmed to 0"" fat, all grades, cooked, grilled",non_vegan,,2026-05-26T01:53:31.253204+00:00
3859,"Beef, chuck, shoulder clod, shoulder tender, medallion, separable lean and fat, trimmed to 0"" fat, select, cooked, grilled",non_vegan,,2026-05-26T01:53:31.253711+00:00
3860,"Beef, chuck, shoulder clod, shoulder tender, medallion, separable lean and fat, trimmed to 0"" fat, select, raw",non_vegan,,2026-05-26T01:53:31.253887+00:00
3861,"Beef, chuck, shoulder clod, shoulder top and center steaks, separable lean and fat, trimmed to 0"" fat, choice, raw",non_vegan,,2026-05-26T01:53:31.254025+00:00
3862,"Beef, chuck, shoulder clod, shoulder top and center steaks, separable lean and fat, trimmed to 0"" fat, choice, cooked, grilled",non_vegan,,2026-05-26T01:53:31.254160+00:00
3863,"Beef, chuck, shoulder clod, top blade, steak, separable lean and fat, trimmed to 0"" fat, all grades, cooked, grilled",non_vegan,,2026-05-26T01:53:31.254314+00:00
3864,"Beef, chuck, shoulder clod, top blade, steak, separable lean and fat, trimmed to 0"" fat, all grades, raw",non_vegan,,2026-05-26T01:53:31.254453+00:00
3865,"Beef, chuck, shoulder clod, top blade, steak, separable lean and fat, trimmed to 0"" fat, choice, cooked, grilled",non_vegan,,2026-05-26T01:53:31.254624+00:00
3866,"Beef, chuck, shoulder clod, top blade, steak, separable lean and fat, trimmed to 0"" fat, choice, raw",non_vegan,,2026-05-26T01:53:31.254787+00:00
3867,"Beef, chuck, shoulder clod, top blade, steak, separable lean and fat, trimmed to 0"" fat, select, cooked, grilled",non_vegan,,2026-05-26T01:53:31.254935+00:00
3868,"Beef, chuck, shoulder clod, top blade, steak, separable lean and fat, trimmed to 0"" fat, select, raw",non_vegan,,2026-05-26T01:53:31.255058+00:00
3869,"Beef, chuck, top blade, separable lean and fat, trimmed to 0"" fat, all grades, cooked, broiled",non_vegan,,2026-05-26T01:53:31.255206+00:00
3870,"Beef, chuck, top blade, separable lean and fat, trimmed to 0"" fat, choice, cooked, broiled",non_vegan,,2026-05-26T01:53:31.255358+00:00
3871,"Beef, chuck, top blade, separable lean and fat, trimmed to 0"" fat, select, cooked, broiled",non_vegan,,2026-05-26T01:53:31.255494+00:00
3872,"Beef, chuck, top blade, separable lean only, trimmed to 0"" fat, all grades, cooked, broiled",non_vegan,,2026-05-26T01:53:31.255626+00:00
3873,"Beef, chuck, top blade, separable lean only, trimmed to 0"" fat, choice, cooked, broiled",non_vegan,,2026-05-26T01:53:31.255754+00:00
3874,"Beef, chuck, top blade, separable lean only, trimmed to 0"" fat, select, cooked, broiled",non_vegan,,2026-05-26T01:53:31.255886+00:00
3875,"Beef, chuck, under blade center steak, boneless, Denver Cut, separable lean and fat, trimmed to 0"" fat, all grades, cooked, grilled",non_vegan,,2026-05-26T01:53:31.256044+00:00
3876,"Beef, chuck, under blade center steak, boneless, Denver Cut, separable lean and fat, trimmed to 0"" fat, all grades, raw",non_vegan,,2026-05-26T01:53:31.256176+00:00
3877,"Beef, chuck, under blade center steak, boneless, Denver Cut, separable lean and fat, trimmed to 0"" fat, choice, cooked, grilled",non_vegan,,2026-05-26T01:53:31.256350+00:00
3878,"Beef, chuck, under blade center steak, boneless, Denver Cut, separable lean and fat, trimmed to 0"" fat, choice, raw",non_vegan,,2026-05-26T01:53:31.256498+00:00
3879,"Beef, chuck, under blade center steak, boneless, Denver Cut, separable lean and fat, trimmed to 0"" fat, select, cooked, grilled",non_vegan,,2026-05-26T01:53:31.256642+00:00
3880,"Beef, chuck, under blade center steak, boneless, Denver Cut, separable lean and fat, trimmed to 0"" fat, select, raw",non_vegan,,2026-05-26T01:53:31.256866+00:00
3881,"Beef, chuck, under blade center steak, boneless, Denver Cut, separable lean only, trimmed to 0"" fat, all grades, cooked, grilled",non_vegan,,2026-05-26T01:53:31.257014+00:00
3882,"Beef, chuck, under blade center steak, boneless, Denver Cut, separable lean only, trimmed to 0"" fat, all grades, raw",non_vegan,,2026-05-26T01:53:31.257145+00:00
3883,"Beef, chuck, under blade center steak, boneless, Denver Cut, separable lean only, trimmed to 0"" fat, choice, cooked, grilled",non_vegan,,2026-05-26T01:53:31.257293+00:00
3884,"Beef, chuck, under blade center steak, boneless, Denver Cut, separable lean only, trimmed to 0"" fat, choice, raw",non_vegan,,2026-05-26T01:53:31.257572+00:00
3885,"Beef, chuck, under blade center steak, boneless, Denver Cut, separable lean only, trimmed to 0"" fat, select, cooked, grilled",non_vegan,,2026-05-26T01:53:31.257709+00:00
3886,"Beef, chuck, under blade center steak, boneless, Denver Cut, separable lean only, trimmed to 0"" fat, select, raw",non_vegan,,2026-05-26T01:53:31.257858+00:00
3887,"Beef, chuck, under blade pot roast or steak, boneless, separable lean and fat, trimmed to 0"" fat, all grades, raw",non_vegan,,2026-05-26T01:53:37.450308+00:00
3888,"Beef, chuck, under blade pot roast or steak, boneless, separable lean and fat, trimmed to 0"" fat, choice, raw",non_vegan,,2026-05-26T01:53:37.450600+00:00
3889,"Beef, chuck, under blade pot roast or steak, boneless, separable lean and fat, trimmed to 0"" fat, select, raw",non_vegan,,2026-05-26T01:53:37.450875+00:00
3890,"Beef, chuck, under blade pot roast or steak, boneless, separable lean only, trimmed to 0"" fat, all grades, raw",non_vegan,,2026-05-26T01:53:37.451033+00:00
3891,"Beef, chuck, under blade pot roast or steak, boneless, separable lean only, trimmed to 0"" fat, choice, raw",non_vegan,,2026-05-26T01:53:37.451225+00:00
3892,"Beef, chuck, under blade pot roast or steak, boneless, separable lean only, trimmed to 0"" fat, select, raw",non_vegan,,2026-05-26T01:53:37.451420+00:00
3893,"Beef, chuck, under blade pot roast, boneless, separable lean and fat, trimmed to 0"" fat, all grades, cooked, braised",non_vegan,,2026-05-26T01:53:37.451547+00:00
3894,"Beef, chuck, under blade pot roast, boneless, separable lean and fat, trimmed to 0"" fat, choice, cooked, braised",non_vegan,,2026-05-26T01:53:37.451668+00:00
3895,"Beef, chuck, under blade pot roast, boneless, separable lean and fat, trimmed to 0"" fat, select, cooked, braised",non_vegan,,2026-05-26T01:53:37.451768+00:00
3896,"Beef, chuck, under blade pot roast, boneless, separable lean only, trimmed to 0"" fat, all grades, cooked, braised",non_vegan,,2026-05-26T01:53:37.451861+00:00
3897,"Beef, chuck, under blade pot roast, boneless, separable lean only, trimmed to 0"" fat, choice, cooked, braised",non_vegan,,2026-05-26T01:53:37.451954+00:00
3898,"Beef, chuck, under blade pot roast, boneless, separable lean only, trimmed to 0"" fat, select, cooked, braised",non_vegan,,2026-05-26T01:53:37.452045+00:00
3899,"Beef, chuck, under blade steak, boneless, separable lean and fat, trimmed to 0"" fat, choice, cooked, braised",non_vegan,,2026-05-26T01:53:37.452154+00:00
3900,"Beef, chuck, under blade steak, boneless, separable lean and fat, trimmed to 0"" fat, select, cooked, braised",non_vegan,,2026-05-26T01:53:37.452241+00:00
3901,"Beef, chuck, under blade steak, boneless, separable lean only, trimmed to 0"" fat, all grades, cooked, braised",non_vegan,,2026-05-26T01:53:37.452446+00:00
3902,"Beef, chuck, under blade steak, boneless, separable lean only, trimmed to 0"" fat, choice, cooked, braised",non_vegan,,2026-05-26T01:53:37.452546+00:00
3903,"Beef, composite of trimmed retail cuts, separable lean and fat, trimmed to 1/8"" fat, select, cooked",non_vegan,,2026-05-26T01:53:37.452640+00:00
3904,"Beef, composite of trimmed retail cuts, separable lean and fat, trimmed to 1/8"" fat, select, raw",non_vegan,,2026-05-26T01:53:37.452735+00:00
3905,"Beef, composite of trimmed retail cuts, separable lean only, trimmed to 0"" fat, all grades, cooked",non_vegan,,2026-05-26T01:53:37.452826+00:00
3906,"Beef, composite of trimmed retail cuts, separable lean only, trimmed to 0"" fat, all grades, raw",non_vegan,,2026-05-26T01:53:37.452913+00:00
3907,"Beef, composite of trimmed retail cuts, separable lean only, trimmed to 0"" fat, choice, cooked",non_vegan,,2026-05-26T01:53:37.453003+00:00
3908,"Beef, composite of trimmed retail cuts, separable lean only, trimmed to 0"" fat, choice, raw",non_vegan,,2026-05-26T01:53:37.453089+00:00
3909,"Beef, composite of trimmed retail cuts, separable lean only, trimmed to 0"" fat, select, cooked",non_vegan,,2026-05-26T01:53:37.453200+00:00
3910,"Beef, composite of trimmed retail cuts, separable lean only, trimmed to 0"" fat, select, raw",non_vegan,,2026-05-26T01:53:37.453323+00:00
3911,"Beef, composite of trimmed retail cuts, separable lean only, trimmed to 1/8"" fat, all grades, cooked",non_vegan,,2026-05-26T01:53:37.453418+00:00
3912,"Beef, composite of trimmed retail cuts, separable lean only, trimmed to 1/8"" fat, select, cooked",non_vegan,,2026-05-26T01:53:37.453504+00:00
3913,"Beef, cured, breakfast strips, cooked",non_vegan,,2026-05-26T01:53:37.453591+00:00
3914,"Beef, cured, breakfast strips, raw or unheated",non_vegan,,2026-05-26T01:53:37.453682+00:00
3915,"Beef, cured, corned beef, brisket, cooked",non_vegan,,2026-05-26T01:53:37.453791+00:00
3916,"Beef, cured, corned beef, canned",non_vegan,,2026-05-26T01:53:37.453918+00:00
3917,"Beef, cured, luncheon meat, jellied",non_vegan,,2026-05-26T01:53:37.454014+00:00
3918,"Beef, cured, pastrami",non_vegan,,2026-05-26T01:53:37.454104+00:00
3919,"Beef, flank, steak, boneless, choice, raw",non_vegan,,2026-05-26T01:53:37.454196+00:00
3920,"Beef, flank, steak, separable lean and fat, trimmed to 0"" fat, all grades, cooked, broiled",non_vegan,,2026-05-26T01:53:37.454315+00:00
3921,"Beef, flank, steak, separable lean and fat, trimmed to 0"" fat, all grades, raw",non_vegan,,2026-05-26T01:53:37.454433+00:00
3922,"Beef, flank, steak, separable lean and fat, trimmed to 0"" fat, choice, cooked, broiled",non_vegan,,2026-05-26T01:53:37.454525+00:00
3923,"Beef, flank, steak, separable lean and fat, trimmed to 0"" fat, choice, raw",non_vegan,,2026-05-26T01:53:37.454617+00:00
3924,"Beef, flank, steak, separable lean and fat, trimmed to 0"" fat, select, raw",non_vegan,,2026-05-26T01:53:37.454707+00:00
3925,"Beef, flank, steak, separable lean only, trimmed to 0"" fat, all grades, cooked, broiled",non_vegan,,2026-05-26T01:53:37.454797+00:00
3926,"Beef, flank, steak, separable lean only, trimmed to 0"" fat, all grades, raw",non_vegan,,2026-05-26T01:53:37.454889+00:00
3927,"Beef, flank, steak, separable lean only, trimmed to 0"" fat, choice, cooked, braised",non_vegan,,2026-05-26T01:53:37.454985+00:00
3928,"Beef, flank, steak, separable lean only, trimmed to 0"" fat, choice, cooked, broiled",non_vegan,,2026-05-26T01:53:37.455079+00:00
3929,"Beef, flank, steak, separable lean only, trimmed to 0"" fat, choice, raw",non_vegan,,2026-05-26T01:53:37.455173+00:00
3930,"Beef, flank, steak, separable lean only, trimmed to 0"" fat, select, cooked, broiled",non_vegan,,2026-05-26T01:53:37.455345+00:00
3931,"Beef, flank, steak, separable lean only, trimmed to 0"" fat, select, raw",non_vegan,,2026-05-26T01:53:37.455464+00:00
3932,"Beef, grass-fed, ground, raw",non_vegan,,2026-05-26T01:53:37.455574+00:00
3933,"Beef, grass-fed, strip steaks, lean only, raw",non_vegan,,2026-05-26T01:53:37.455710+00:00
3934,"Beef, ground, 70% lean meat / 30% fat, crumbles, cooked, pan-browned",non_vegan,,2026-05-26T01:53:37.455914+00:00
3935,"Beef, ground, 70% lean meat / 30% fat, loaf, cooked, baked",non_vegan,,2026-05-26T01:53:37.456070+00:00
3936,"Beef, ground, 70% lean meat / 30% fat, patty cooked, pan-broiled",non_vegan,,2026-05-26T01:53:37.456230+00:00
3937,"Beef, ground, 70% lean meat / 30% fat, patty, cooked, broiled",non_vegan,,2026-05-26T01:53:40.038627+00:00
3938,"Beef, ground, 70% lean meat / 30% fat, raw",non_vegan,,2026-05-26T01:53:40.038959+00:00
3939,"Beef, ground, 75% lean meat / 25% fat, crumbles, cooked, pan-browned",non_vegan,,2026-05-26T01:53:40.039218+00:00
3940,"Beef, ground, 75% lean meat / 25% fat, loaf, cooked, baked",non_vegan,,2026-05-26T01:53:40.039457+00:00
3941,"Beef, ground, 75% lean meat / 25% fat, patty, cooked, broiled",non_vegan,,2026-05-26T01:53:40.039631+00:00
3942,"Beef, ground, 75% lean meat / 25% fat, patty, cooked, pan-broiled",non_vegan,,2026-05-26T01:53:40.039796+00:00
3943,"Beef, ground, 75% lean meat / 25% fat, raw",non_vegan,,2026-05-26T01:53:40.039964+00:00
3944,"Beef, ground, 80% lean meat / 20% fat, crumbles, cooked, pan-browned",non_vegan,,2026-05-26T01:53:40.040129+00:00
3945,"Beef, ground, 80% lean meat / 20% fat, loaf, cooked, baked",non_vegan,,2026-05-26T01:53:40.040323+00:00
3946,"Beef, ground, 80% lean meat / 20% fat, patty, cooked, broiled",non_vegan,,2026-05-26T01:53:40.040485+00:00
3947,"Beef, ground, 80% lean meat / 20% fat, patty, cooked, pan-broiled",non_vegan,,2026-05-26T01:53:40.040640+00:00
3948,"Beef, ground, 80% lean meat / 20% fat, raw",non_vegan,,2026-05-26T01:53:40.040768+00:00
3949,"Beef, ground, 85% lean meat / 15% fat, crumbles, cooked, pan-browned",non_vegan,,2026-05-26T01:53:40.040880+00:00
3950,"Beef, ground, 85% lean meat / 15% fat, loaf, cooked, baked",non_vegan,,2026-05-26T01:53:40.041022+00:00
3951,"Beef, ground, 85% lean meat / 15% fat, patty, cooked, broiled",non_vegan,,2026-05-26T01:53:40.041161+00:00
3952,"Beef, ground, 85% lean meat / 15% fat, patty, cooked, pan-broiled",non_vegan,,2026-05-26T01:53:40.041314+00:00
3953,"Beef, ground, 85% lean meat / 15% fat, raw (Includes foods for USDA's Food Distribution Program)",non_vegan,,2026-05-26T01:53:40.041427+00:00
3954,"Beef, ground, 90% lean meat / 10% fat, crumbles, cooked, pan-browned",non_vegan,,2026-05-26T01:53:40.041662+00:00
3955,"Beef, ground, 90% lean meat / 10% fat, loaf, cooked, baked",non_vegan,,2026-05-26T01:53:40.041896+00:00
3956,"Beef, ground, 90% lean meat / 10% fat, patty, cooked, broiled",non_vegan,,2026-05-26T01:53:40.042058+00:00
3957,"Beef, ground, 90% lean meat / 10% fat, patty, cooked, pan-broiled",non_vegan,,2026-05-26T01:53:40.042213+00:00
3958,"Beef, ground, 90% lean meat / 10% fat, raw",non_vegan,,2026-05-26T01:53:40.045476+00:00
3959,"Beef, ground, 93% lean meat / 7% fat, crumbles, cooked, pan-browned",non_vegan,,2026-05-26T01:53:40.045685+00:00
3960,"Beef, ground, 93% lean meat / 7% fat, loaf, cooked, baked",non_vegan,,2026-05-26T01:53:40.045864+00:00
3961,"Beef, ground, 93% lean meat / 7% fat, patty, cooked, broiled",non_vegan,,2026-05-26T01:53:40.046021+00:00
3962,"Beef, ground, 93% lean meat / 7% fat, raw",non_vegan,,2026-05-26T01:53:40.046189+00:00
3963,"Beef, ground, 93% lean meat /7% fat, patty, cooked, pan-broiled",non_vegan,,2026-05-26T01:53:40.046383+00:00
3964,"Beef, ground, 95% lean meat / 5% fat, crumbles, cooked, pan-browned",non_vegan,,2026-05-26T01:53:40.046549+00:00
3965,"Beef, ground, 95% lean meat / 5% fat, loaf, cooked, baked",non_vegan,,2026-05-26T01:53:40.046746+00:00
3966,"Beef, ground, 95% lean meat / 5% fat, patty, cooked, broiled",non_vegan,,2026-05-26T01:53:40.046909+00:00
3967,"Beef, ground, 95% lean meat / 5% fat, patty, cooked, pan-broiled",non_vegan,,2026-05-26T01:53:40.047073+00:00
3968,"Beef, ground, 95% lean meat / 5% fat, raw",non_vegan,,2026-05-26T01:53:40.047226+00:00
3969,"Beef, ground, 97% lean meat / 3% fat, crumbles, cooked, pan-browned",non_vegan,,2026-05-26T01:53:40.052568+00:00
3970,"Beef, ground, 97% lean meat / 3% fat, loaf, cooked, baked",non_vegan,,2026-05-26T01:53:40.052785+00:00
3971,"Beef, ground, 97% lean meat / 3% fat, patty, cooked, broiled",non_vegan,,2026-05-26T01:53:40.053025+00:00
3972,"Beef, ground, 97% lean meat / 3% fat, raw",non_vegan,,2026-05-26T01:53:40.053191+00:00
3973,"Beef, ground, 97% lean meat /3% fat, patty, cooked, pan-broiled",non_vegan,,2026-05-26T01:53:40.053383+00:00
3974,"Beef, ground, patties, frozen, cooked, broiled",non_vegan,,2026-05-26T01:53:40.053558+00:00
3975,"Beef, ground, unspecified fat content, cooked",non_vegan,,2026-05-26T01:53:40.053719+00:00
3976,"Beef, loin, bottom sirloin butt, tri-tip roast, separable lean only, trimmed to 0"" fat, all grades, cooked, roasted",non_vegan,,2026-05-26T01:53:40.053882+00:00
3977,"Beef, loin, bottom sirloin butt, tri-tip steak, separable lean and fat, trimmed to 0"" fat, all grades, cooked, broiled",non_vegan,,2026-05-26T01:53:40.054054+00:00
3978,"Beef, loin, tenderloin roast, boneless, separable lean and fat, trimmed to 0"" fat, all grades, cooked, roasted",non_vegan,,2026-05-26T01:53:40.054219+00:00
3979,"Beef, loin, tenderloin roast, boneless, separable lean and fat, trimmed to 0"" fat, all grades, raw",non_vegan,,2026-05-26T01:53:40.059748+00:00
3980,"Beef, loin, tenderloin roast, boneless, separable lean and fat, trimmed to 0"" fat, choice, cooked, roasted",non_vegan,,2026-05-26T01:53:40.059985+00:00
3981,"Beef, loin, tenderloin roast, boneless, separable lean and fat, trimmed to 0"" fat, choice, raw",non_vegan,,2026-05-26T01:53:40.060187+00:00
3982,"Beef, loin, tenderloin roast, boneless, separable lean and fat, trimmed to 0"" fat, select, cooked, roasted",non_vegan,,2026-05-26T01:53:40.060505+00:00
3983,"Beef, loin, tenderloin roast, boneless, separable lean and fat, trimmed to 0"" fat, select, raw",non_vegan,,2026-05-26T01:53:40.060824+00:00
3984,"Beef, loin, tenderloin roast, boneless, separable lean only, trimmed to 0"" fat, all grades, cooked, roasted",non_vegan,,2026-05-26T01:53:40.060992+00:00
3985,"Beef, loin, tenderloin roast, boneless, separable lean only, trimmed to 0"" fat, all grades, raw",non_vegan,,2026-05-26T01:53:40.061123+00:00
3986,"Beef, loin, tenderloin roast, boneless, separable lean only, trimmed to 0"" fat, choice, cooked, roasted",non_vegan,,2026-05-26T01:53:40.061322+00:00
3987,"Babyfood, vegetables, mix vegetables strained",vegan,,2026-05-26T01:53:42.593999+00:00
3988,"Babyfood, vegetables, peas, strained",vegan,,2026-05-26T01:53:42.594356+00:00
3989,"Babyfood, vegetables, spinach, creamed, strained",non_vegan,,2026-05-26T01:53:42.594538+00:00
3990,"Babyfood, vegetables, squash, junior",vegan,,2026-05-26T01:53:42.594711+00:00
3991,"Babyfood, vegetables, squash, strained",vegan,,2026-05-26T01:53:42.594872+00:00
3992,"Babyfood, vegetables, sweet potatoes strained",vegan,,2026-05-26T01:53:42.608668+00:00
3993,"Babyfood, yogurt, whole milk, with fruit, multigrain cereal and added iron fortified",non_vegan,,2026-05-26T01:53:42.608889+00:00
3994,"Bacon bits, meatless",vegan,,2026-05-26T01:53:42.609505+00:00
3995,"Bacon, pre-sliced, reduced/low sodium, unprepared",non_vegan,,2026-05-26T01:53:42.609716+00:00
3996,"Bacon, turkey, unprepared",non_vegan,,2026-05-26T01:53:42.609898+00:00
3997,"Bagels, egg",non_vegan,,2026-05-26T01:53:42.610041+00:00
3998,"Bagels, multigrain",ambiguous,,2026-05-26T01:53:42.610162+00:00
3999,"Bagels, oat bran",ambiguous,,2026-05-26T01:53:42.616350+00:00
4000,"Bagels, plain, enriched, with calcium propionate (includes onion, poppy, sesame)",ambiguous,,2026-05-26T01:53:42.616609+00:00
4001,"Bagels, plain, enriched, with calcium propionate (includes onion, poppy, sesame), toasted",ambiguous,,2026-05-26T01:53:42.616741+00:00
4002,"Bagels, plain, enriched, without calcium propionate (includes onion, poppy, sesame)",ambiguous,,2026-05-26T01:53:42.616857+00:00
4003,"Bagels, plain, unenriched, with calcium propionate (includes onion, poppy, sesame)",ambiguous,,2026-05-26T01:53:42.616982+00:00
4004,"Bagels, plain, unenriched, without calcium propionate(includes onion, poppy, sesame)",ambiguous,,2026-05-26T01:53:42.617090+00:00
4005,"Bagels, wheat",ambiguous,,2026-05-26T01:53:42.617192+00:00
4006,"Bagels, whole grain white",ambiguous,,2026-05-26T01:53:42.617643+00:00
4007,"Baked beans, Original, canned, with pork",non_vegan,,2026-05-26T01:53:42.617780+00:00
4008,"Baking chocolate, MARS SNACKFOOD US, M&M's Milk Chocolate Mini Baking Bits",non_vegan,,2026-05-26T01:53:42.617895+00:00
4009,"Baking chocolate, MARS SNACKFOOD US, M&M's Semisweet Chocolate Mini Baking Bits",ambiguous,,2026-05-26T01:53:42.618030+00:00
4010,"Baking chocolate, unsweetened, liquid",vegan,,2026-05-26T01:53:42.618241+00:00
4011,"Balsam-pear (bitter gourd), leafy tips, cooked, boiled, drained, without salt",vegan,,2026-05-26T01:53:42.619486+00:00
4012,"Balsam-pear (bitter gourd), leafy tips, raw",vegan,,2026-05-26T01:53:42.619627+00:00
4013,"Balsam-pear (bitter gourd), pods, cooked, boiled, drained, with salt",vegan,,2026-05-26T01:53:42.619753+00:00
4014,"Bamboo shoots, canned, drained solids",vegan,,2026-05-26T01:53:42.619854+00:00
4015,"Bamboo shoots, cooked, boiled, drained, without salt",vegan,,2026-05-26T01:53:42.619951+00:00
4016,"Bananas, dehydrated, or banana powder",vegan,,2026-05-26T01:53:42.620060+00:00
4017,"Bananas, overripe, raw",vegan,,2026-05-26T01:53:42.620160+00:00
4018,"Bananas, raw",vegan,,2026-05-26T01:53:42.620298+00:00
4019,"BANQUET, Salisbury Steak With Gravy, family size, frozen, unprepared",non_vegan,,2026-05-26T01:53:42.620420+00:00
4020,"Barbecue loaf, pork, beef",non_vegan,,2026-05-26T01:53:42.620535+00:00
4021,Barley flour or meal,vegan,,2026-05-26T01:53:42.620695+00:00
4022,Barley malt flour,vegan,,2026-05-26T01:53:42.620814+00:00
4023,"Barley, hulled",vegan,,2026-05-26T01:53:42.620916+00:00
4024,"Barley, pearled, cooked",vegan,,2026-05-26T01:53:42.621045+00:00
4025,"Barley, pearled, raw",vegan,,2026-05-26T01:53:42.621219+00:00
4026,"Beans, baked, canned, plain or vegetarian",vegan,,2026-05-26T01:53:42.621385+00:00
4027,"Beans, baked, canned, with franks",non_vegan,,2026-05-26T01:53:42.621504+00:00
4028,"Beans, baked, canned, with pork and sweet sauce",non_vegan,,2026-05-26T01:53:42.621839+00:00
4029,"Beans, black turtle, mature seeds, canned",vegan,,2026-05-26T01:53:42.622021+00:00
4030,"Beans, black turtle, mature seeds, cooked, boiled, without salt",vegan,,2026-05-26T01:53:42.622164+00:00
4031,"Beans, black turtle, mature seeds, raw",vegan,,2026-05-26T01:53:42.626386+00:00
4032,"Beans, black, canned, sodium added, drained and rinsed",vegan,,2026-05-26T01:53:42.626637+00:00
4033,"Beans, black, mature seeds, canned, low sodium",vegan,,2026-05-26T01:53:42.626798+00:00
4034,"Beans, black, mature seeds, cooked, boiled, without salt",vegan,,2026-05-26T01:53:42.626938+00:00
4035,"Beans, black, mature seeds, raw",vegan,,2026-05-26T01:53:42.627074+00:00
4036,"Beans, cannellini, canned, sodium added, drained and rinsed",vegan,,2026-05-26T01:53:42.627214+00:00
4037,"Beef, loin, tenderloin roast, boneless, separable lean only, trimmed to 0"" fat, choice, raw",non_vegan,,2026-05-26T01:53:44.964558+00:00
4038,"Beef, loin, tenderloin roast, boneless, separable lean only, trimmed to 0"" fat, select, raw",non_vegan,,2026-05-26T01:53:44.964881+00:00
4039,"Beef, loin, tenderloin roast, separable lean only, boneless, trimmed to 0"" fat, select, cooked, roasted",non_vegan,,2026-05-26T01:53:44.965053+00:00
4040,"Beef, loin, tenderloin steak, boneless, separable lean and fat, trimmed to 0"" fat, all grades, cooked, grilled",non_vegan,,2026-05-26T01:53:44.965229+00:00
4041,"Beef, loin, tenderloin steak, boneless, separable lean and fat, trimmed to 0"" fat, all grades, raw",non_vegan,,2026-05-26T01:53:44.965475+00:00
4042,"Beef, loin, tenderloin steak, boneless, separable lean and fat, trimmed to 0"" fat, choice, cooked, grilled",non_vegan,,2026-05-26T01:53:44.965787+00:00
4043,"Beef, loin, tenderloin steak, boneless, separable lean and fat, trimmed to 0"" fat, choice, raw",non_vegan,,2026-05-26T01:53:44.965921+00:00
4044,"Beef, loin, tenderloin steak, boneless, separable lean and fat, trimmed to 0"" fat, select, cooked, grilled",non_vegan,,2026-05-26T01:53:44.966054+00:00
4045,"Beef, loin, tenderloin steak, boneless, separable lean and fat, trimmed to 0"" fat, select, raw",non_vegan,,2026-05-26T01:53:44.966171+00:00
4046,"Beef, loin, tenderloin steak, boneless, separable lean only, trimmed to 0"" fat, all grades, cooked, grilled",non_vegan,,2026-05-26T01:53:44.967437+00:00
4047,"Beef, loin, tenderloin steak, boneless, separable lean only, trimmed to 0"" fat, choice, raw",non_vegan,,2026-05-26T01:53:44.967617+00:00
4048,"Beef, loin, tenderloin steak, boneless, separable lean only, trimmed to 0"" fat, select, cooked, grilled",non_vegan,,2026-05-26T01:53:44.967750+00:00
4049,"Beef, loin, tenderloin steak, boneless, separable lean only, trimmed to 0"" fat, all grades, raw",non_vegan,,2026-05-26T01:53:44.967865+00:00
4050,"Beef, loin, tenderloin steak, boneless, separable lean only, trimmed to 0"" fat, choice, cooked, grilled",non_vegan,,2026-05-26T01:53:44.967978+00:00
4051,"Beef, loin, tenderloin steak, boneless, separable lean only, trimmed to 0"" fat, select, raw",non_vegan,,2026-05-26T01:53:44.968105+00:00
4052,"Beef, loin, top loin steak, boneless, lip off, separable lean and fat, trimmed to 0"" fat, all grades, raw",non_vegan,,2026-05-26T01:53:44.968222+00:00
4053,"Beef, loin, top loin steak, boneless, lip off, separable lean and fat, trimmed to 0"" fat, choice, cooked, grilled",non_vegan,,2026-05-26T01:53:44.968428+00:00
4054,"Beef, loin, top loin steak, boneless, lip off, separable lean and fat, trimmed to 0"" fat, select, raw",non_vegan,,2026-05-26T01:53:44.968549+00:00
4055,"Beef, loin, top loin steak, boneless, lip off, separable lean only, trimmed to 0"" fat, all grades, cooked, grilled",non_vegan,,2026-05-26T01:53:44.968770+00:00
4056,"Beef, loin, top loin steak, boneless, lip off, separable lean only, trimmed to 0"" fat, all grades, raw",non_vegan,,2026-05-26T01:53:44.968891+00:00
4057,"Beef, loin, top loin steak, boneless, lip off, separable lean only, trimmed to 0"" fat, select, cooked, grilled",non_vegan,,2026-05-26T01:53:44.969002+00:00
4058,"Beef, loin, top loin steak, boneless, lip off, separable lean only, trimmed to 0"" fat, select, raw",non_vegan,,2026-05-26T01:53:44.969106+00:00
4059,"Beef, loin, top loin steak, boneless, lip-on, separable lean and fat, trimmed to 1/8"" fat, all grades, cooked, grilled",non_vegan,,2026-05-26T01:53:44.969214+00:00
4060,"Beef, loin, top loin steak, boneless, lip-on, separable lean and fat, trimmed to 1/8"" fat, all grades, raw",non_vegan,,2026-05-26T01:53:44.969673+00:00
4061,"Beef, loin, top loin steak, boneless, lip-on, separable lean and fat, trimmed to 1/8"" fat, select, cooked, grilled",non_vegan,,2026-05-26T01:53:44.969795+00:00
4062,"Beef, loin, top loin steak, boneless, lip-on, separable lean and fat, trimmed to 1/8"" fat, select, raw",non_vegan,,2026-05-26T01:53:44.969906+00:00
4063,"Beef, loin, top loin steak, boneless, lip-on, separable lean only, trimmed to 1/8"" fat, all grades, raw",non_vegan,,2026-05-26T01:53:44.970018+00:00
4064,"Beef, loin, top loin steak, boneless, lip-on, separable lean only, trimmed to 1/8"" fat, select, cooked, grilled",non_vegan,,2026-05-26T01:53:44.970170+00:00
4065,"Beef, loin, top loin steak, boneless, lip-on, separable lean only, trimmed to 1/8"" fat, select, raw",non_vegan,,2026-05-26T01:53:44.970324+00:00
4066,"Beef, loin, top loin, separable lean and fat, trimmed to 1/8"" fat, all grades, cooked, grilled",non_vegan,,2026-05-26T01:53:44.970449+00:00
4067,"Beef, loin, top loin, separable lean and fat, trimmed to 1/8"" fat, select, raw",non_vegan,,2026-05-26T01:53:44.970560+00:00
4068,"Beef, loin, top sirloin cap steak, boneless, separable lean and fat, trimmed to 1/8"" fat, all grades, cooked, grilled",non_vegan,,2026-05-26T01:53:44.970671+00:00
4069,"Beef, loin, top sirloin cap steak, boneless, separable lean and fat, trimmed to 1/8"" fat, all grades, raw",non_vegan,,2026-05-26T01:53:44.970787+00:00
4070,"Beef, loin, top sirloin cap steak, boneless, separable lean and fat, trimmed to 1/8"" fat, choice, raw",non_vegan,,2026-05-26T01:53:44.970912+00:00
4071,"Beef, loin, top sirloin cap steak, boneless, separable lean and fat, trimmed to 1/8"" fat, select, cooked, grilled",non_vegan,,2026-05-26T01:53:44.971025+00:00
4072,"Beef, loin, top sirloin cap steak, boneless, separable lean and fat, trimmed to 1/8"" fat, select, raw",non_vegan,,2026-05-26T01:53:44.971214+00:00
4073,"Beef, loin, top sirloin cap steak, boneless, separable lean only, trimmed to 1/8"" fat, all grades, raw",non_vegan,,2026-05-26T01:53:44.971395+00:00
4074,"Beef, loin, top sirloin cap steak, boneless, separable lean only, trimmed to 1/8"" fat, select, cooked, grilled",non_vegan,,2026-05-26T01:53:44.971514+00:00
4075,"Beef, loin, top sirloin cap steak, boneless, separable lean only, trimmed to 1/8"" fat, select, raw",non_vegan,,2026-05-26T01:53:44.971630+00:00
4076,"Beef, loin, top sirloin filet, boneless, separable lean only, trimmed to 0"" fat, all grades, cooked, grilled",non_vegan,,2026-05-26T01:53:44.971769+00:00
4077,"Beef, loin, top sirloin filet, boneless, separable lean only, trimmed to 0"" fat, choice, cooked, grilled",non_vegan,,2026-05-26T01:53:44.971882+00:00
4078,"Beef, loin, top sirloin filet, boneless, separable lean only, trimmed to 0"" fat, select, cooked, grilled",non_vegan,,2026-05-26T01:53:44.972008+00:00
4079,"Beef, loin, top sirloin petite roast, boneless, separable lean only, trimmed to 0"" fat, all grades, cooked, roasted",non_vegan,,2026-05-26T01:53:44.972123+00:00
4080,"Beef, loin, top sirloin petite roast, boneless, separable lean only, trimmed to 0"" fat, choice, cooked, roasted",non_vegan,,2026-05-26T01:53:44.972248+00:00
4081,"Beef, loin, top sirloin petite roast, boneless, separable lean only, trimmed to 0"" fat, select, cooked, roasted",non_vegan,,2026-05-26T01:53:44.972600+00:00
4082,"Beef, loin, top sirloin petite roast/filet, boneless, separable lean only, trimmed to 0"" fat, all grades, raw",non_vegan,,2026-05-26T01:53:44.972733+00:00
4083,"Beef, loin, top sirloin petite roast/filet, boneless, separable lean only, trimmed to 0"" fat, choice, raw",non_vegan,,2026-05-26T01:53:44.972848+00:00
4084,"Beef, loin, top sirloin petite roast/filet, boneless, separable lean only, trimmed to 0"" fat, select, raw",non_vegan,,2026-05-26T01:53:44.972958+00:00
4085,"Beef, New Zealand, imported, bolar blade, separable lean and fat, cooked, fast roasted",non_vegan,,2026-05-26T01:53:44.973091+00:00
4086,"Beef, New Zealand, imported, bolar blade, separable lean and fat, raw",non_vegan,,2026-05-26T01:53:44.973215+00:00
4087,"Beef, New Zealand, imported, tenderloin, separable lean and fat, raw",non_vegan,,2026-05-26T01:53:54.825905+00:00
4088,"Beef, New Zealand, imported, tenderloin, separable lean only, cooked, fast fried",non_vegan,,2026-05-26T01:53:54.833432+00:00
4089,"Beef, New Zealand, imported, tenderloin, separable lean only, raw",non_vegan,,2026-05-26T01:53:54.833640+00:00
4090,"Beef, New Zealand, imported, variety meats and by-products liver, cooked, boiled",non_vegan,,2026-05-26T01:53:54.833778+00:00
4091,"Beef, New Zealand, imported, variety meats and by-products, heart, cooked, boiled",non_vegan,,2026-05-26T01:53:54.833894+00:00
4092,"Beef, New Zealand, imported, variety meats and by-products, heart, raw",non_vegan,,2026-05-26T01:53:54.833999+00:00
4093,"Beef, New Zealand, imported, variety meats and by-products, kidney, cooked, boiled",non_vegan,,2026-05-26T01:53:54.834113+00:00
4094,"Beef, New Zealand, imported, variety meats and by-products, kidney, raw",non_vegan,,2026-05-26T01:53:54.834229+00:00
4095,"Beef, New Zealand, imported, variety meats and by-products, tripe uncooked, raw",non_vegan,,2026-05-26T01:53:54.834376+00:00
4096,"Beef, plate steak, boneless, inside skirt, separable lean and fat, trimmed to 0"" fat, all grades, cooked, grilled",non_vegan,,2026-05-26T01:53:54.834480+00:00
4097,"Beef, plate steak, boneless, inside skirt, separable lean and fat, trimmed to 0"" fat, all grades, raw",non_vegan,,2026-05-26T01:53:54.834589+00:00
4098,"Beef, plate steak, boneless, inside skirt, separable lean and fat, trimmed to 0"" fat, choice, cooked, grilled",non_vegan,,2026-05-26T01:53:54.834699+00:00
4099,"Beef, plate steak, boneless, inside skirt, separable lean and fat, trimmed to 0"" fat, choice, raw",non_vegan,,2026-05-26T01:53:54.834798+00:00
4100,"Beef, plate steak, boneless, inside skirt, separable lean and fat, trimmed to 0"" fat, select, cooked, grilled",non_vegan,,2026-05-26T01:53:54.834899+00:00
4101,"Beef, plate steak, boneless, inside skirt, separable lean only, trimmed to 0"" fat, choice, cooked, grilled",non_vegan,,2026-05-26T01:53:54.835001+00:00
4102,"Beef, plate steak, boneless, inside skirt, separable lean only, trimmed to 0"" fat, choice, raw",non_vegan,,2026-05-26T01:53:54.835100+00:00
4103,"Beef, plate steak, boneless, inside skirt, separable lean only, trimmed to 0"" fat, select, raw",non_vegan,,2026-05-26T01:53:54.835235+00:00
4104,"Beef, plate steak, boneless, outside skirt, separable lean and fat, trimmed to 0"" fat, all grades, cooked, grilled",non_vegan,,2026-05-26T01:53:54.835387+00:00
4105,"Beef, plate steak, boneless, outside skirt, separable lean and fat, trimmed to 0"" fat, choice, cooked, grilled",non_vegan,,2026-05-26T01:53:54.835492+00:00
4106,"Beef, plate steak, boneless, outside skirt, separable lean and fat, trimmed to 0"" fat, choice, raw",non_vegan,,2026-05-26T01:53:54.835592+00:00
4107,"Beef, plate steak, boneless, outside skirt, separable lean and fat, trimmed to 0"" fat, select, cooked, grilled",non_vegan,,2026-05-26T01:53:54.835715+00:00
4108,"Beef, plate steak, boneless, outside skirt, separable lean and fat, trimmed to 0"" fat, select, raw",non_vegan,,2026-05-26T01:53:54.835820+00:00
4109,"Beef, plate steak, boneless, outside skirt, separable lean only, trimmed to 0"" fat, all grades, raw",non_vegan,,2026-05-26T01:53:54.836641+00:00
4110,"Beef, plate steak, boneless, outside skirt, separable lean only, trimmed to 0"" fat, choice, cooked, grilled",non_vegan,,2026-05-26T01:53:54.836776+00:00
4111,"Beef, plate steak, boneless, outside skirt, separable lean only, trimmed to 0"" fat, choice, raw",non_vegan,,2026-05-26T01:53:54.836859+00:00
4112,"Beef, plate steak, boneless, outside skirt, separable lean only, trimmed to 0"" fat, select, cooked, grilled",non_vegan,,2026-05-26T01:53:54.836930+00:00
4113,"Beef, plate steak, boneless, outside skirt, separable lean only, trimmed to 0"" fat, select, raw",non_vegan,,2026-05-26T01:53:54.836995+00:00
4114,"Beef, plate, inside skirt steak, separable lean and fat, trimmed to 0"" fat, all grades, cooked, broiled",non_vegan,,2026-05-26T01:53:54.837061+00:00
4115,"Beef, plate, inside skirt steak, separable lean only, trimmed to 0"" fat, all grades, cooked, broiled",non_vegan,,2026-05-26T01:53:54.837125+00:00
4116,"Beef, plate, outside skirt steak, separable lean and fat, trimmed to 0"" fat, all grades, cooked, broiled",non_vegan,,2026-05-26T01:53:54.837594+00:00
4117,"Beef, plate, outside skirt steak, separable lean only, trimmed to 0"" fat, all grades, cooked, broiled",non_vegan,,2026-05-26T01:53:54.837755+00:00
4118,"Beef, retail cuts, separable fat, cooked",non_vegan,,2026-05-26T01:53:54.837829+00:00
4119,"Beef, retail cuts, separable fat, raw",non_vegan,,2026-05-26T01:53:54.837899+00:00
4120,"Beef, rib eye roast, bone-in, lip-on, separable lean and fat, trimmed to 1/8"" fat, all grades, cooked, roasted",non_vegan,,2026-05-26T01:53:54.838019+00:00
4121,"Beef, rib eye roast, bone-in, lip-on, separable lean and fat, trimmed to 1/8"" fat, choice, cooked, roasted",non_vegan,,2026-05-26T01:53:54.838344+00:00
4122,"Beef, rib eye roast, bone-in, lip-on, separable lean and fat, trimmed to 1/8"" fat, select, cooked, roasted",non_vegan,,2026-05-26T01:53:54.838438+00:00
4123,"Beef, rib eye roast, bone-in, lip-on, separable lean only, trimmed to 1/8"" fat, all grades, cooked, roasted",non_vegan,,2026-05-26T01:53:54.838517+00:00
4124,"Beef, rib eye roast, bone-in, lip-on, separable lean only, trimmed to 1/8"" fat, choice, cooked, roasted",non_vegan,,2026-05-26T01:53:54.838588+00:00
4125,"Beef, rib eye roast, bone-in, lip-on, separable lean only, trimmed to 1/8"" fat, select, cooked, roasted",non_vegan,,2026-05-26T01:53:54.838825+00:00
4126,"Beef, rib eye roast, boneless, lip-on, separable lean and fat, trimmed to 1/8"" fat, all grades, cooked, roasted",non_vegan,,2026-05-26T01:53:54.839231+00:00
4127,"Beef, rib eye roast, boneless, lip-on, separable lean and fat, trimmed to 1/8"" fat, select, cooked, roasted",non_vegan,,2026-05-26T01:53:54.839384+00:00
4128,"Beef, rib eye roast, boneless, lip-on, separable lean only, trimmed to 1/8"" fat, choice, cooked, roasted",non_vegan,,2026-05-26T01:53:54.839455+00:00
4129,"Beef, rib eye steak, bone-in, lip-on, separable lean and fat, trimmed to 1/8"" fat, choice, cooked, grilled",non_vegan,,2026-05-26T01:53:54.839556+00:00
4130,"Beef, rib eye steak, bone-in, lip-on, separable lean and fat, trimmed to 1/8"" fat, select, cooked, grilled",non_vegan,,2026-05-26T01:53:54.839620+00:00
4131,"Beef, rib eye roast, boneless, lip-on, separable lean and fat, trimmed to 1/8"" fat, choice, cooked, roasted",non_vegan,,2026-05-26T01:53:54.839719+00:00
4132,"Beef, rib eye roast, boneless, lip-on, separable lean only, trimmed to 1/8"" fat, all grades, cooked, roasted",non_vegan,,2026-05-26T01:53:54.839786+00:00
4133,"Beef, rib eye roast, boneless, lip-on, separable lean only, trimmed to 1/8"" fat, select, cooked, roasted",non_vegan,,2026-05-26T01:53:54.839858+00:00
4134,"Beef, rib eye steak, bone-in, lip-on, separable lean and fat, trimmed to 1/8"" fat, all grades, cooked, grilled",non_vegan,,2026-05-26T01:53:54.839974+00:00
4135,"Beef, rib eye steak, bone-in, lip-on, separable lean only, trimmed to 1/8"" fat, all grades, cooked, grilled",non_vegan,,2026-05-26T01:53:54.840094+00:00
4136,"Beef, rib eye steak, bone-in, lip-on, separable lean only, trimmed to 1/8"" fat, choice, cooked, grilled",non_vegan,,2026-05-26T01:53:54.840229+00:00
4137,"Beef, New Zealand, imported, bolar blade, separable lean only, cooked, fast roasted",non_vegan,,2026-05-26T01:53:55.546177+00:00
4138,"Beef, New Zealand, imported, bolar blade, separable lean only, raw",non_vegan,,2026-05-26T01:53:55.546526+00:00
4139,"Beef, New Zealand, imported, brisket navel end, separable lean and fat, cooked, braised",non_vegan,,2026-05-26T01:53:55.546737+00:00
4140,"Beef, New Zealand, imported, brisket navel end, separable lean and fat, raw",non_vegan,,2026-05-26T01:53:55.546944+00:00
4141,"Beef, New Zealand, imported, brisket navel end, separable lean only, cooked, braised",non_vegan,,2026-05-26T01:53:55.547084+00:00
4142,"Beef, New Zealand, imported, brisket navel end, separable lean only, raw",non_vegan,,2026-05-26T01:53:55.547246+00:00
4143,"Beef, New Zealand, imported, brisket point end, separable lean and fat, cooked, braised",non_vegan,,2026-05-26T01:53:55.547453+00:00
4144,"Beef, New Zealand, imported, brisket point end, separable lean and fat, raw",non_vegan,,2026-05-26T01:53:55.547563+00:00
4145,"Beef, New Zealand, imported, brisket point end, separable lean only, cooked, braised",non_vegan,,2026-05-26T01:53:55.547670+00:00
4146,"Beef, New Zealand, imported, brisket point end, separable lean only, raw",non_vegan,,2026-05-26T01:53:55.547795+00:00
4147,"Beef, New Zealand, imported, chuck eye roll, separable lean and fat, cooked, braised",non_vegan,,2026-05-26T01:53:55.547930+00:00
4148,"Beef, New Zealand, imported, chuck eye roll, separable lean and fat, raw",non_vegan,,2026-05-26T01:53:55.548080+00:00
4149,"Beef, New Zealand, imported, chuck eye roll, separable lean only, raw",non_vegan,,2026-05-26T01:53:55.548230+00:00
4150,"Beef, New Zealand, imported, cube roll, separable lean and fat, raw",non_vegan,,2026-05-26T01:53:55.548417+00:00
4151,"Beef, New Zealand, imported, cube roll, separable lean only, cooked, fast roasted",non_vegan,,2026-05-26T01:53:55.548571+00:00
4152,"Beef, New Zealand, imported, cube roll, separable lean only, raw",non_vegan,,2026-05-26T01:53:55.548747+00:00
4153,"Beef, New Zealand, imported, eye round, separable lean and fat, cooked, slow roasted",non_vegan,,2026-05-26T01:53:55.548900+00:00
4154,"Beef, New Zealand, imported, eye round, separable lean and fat, raw",non_vegan,,2026-05-26T01:53:55.549098+00:00
4155,"Beef, New Zealand, imported, eye round, separable lean only, cooked, slow roasted",non_vegan,,2026-05-26T01:53:55.549244+00:00
4156,"Beef, New Zealand, imported, eye round, separable lean only, raw",non_vegan,,2026-05-26T01:53:55.549418+00:00
4157,"Beef, New Zealand, imported, flank, separable lean and fat, cooked, braised",non_vegan,,2026-05-26T01:53:55.549593+00:00
4158,"Beef, New Zealand, imported, flank, separable lean and fat, raw",non_vegan,,2026-05-26T01:53:55.549737+00:00
4159,"Beef, New Zealand, imported, flank, separable lean only, cooked, braised",non_vegan,,2026-05-26T01:53:55.549899+00:00
4160,"Beef, New Zealand, imported, flank, separable lean only, raw",non_vegan,,2026-05-26T01:53:55.550060+00:00
4161,"Beef, New Zealand, imported, flat, separable lean and fat, cooked, braised",non_vegan,,2026-05-26T01:53:55.550220+00:00
4162,"Beef, New Zealand, imported, flat, separable lean only, cooked, braised",non_vegan,,2026-05-26T01:53:55.550439+00:00
4163,"Beef, New Zealand, imported, flat, separable lean only, raw",non_vegan,,2026-05-26T01:53:55.550610+00:00
4164,"Beef, New Zealand, imported, hind shin, separable lean and fat, raw",non_vegan,,2026-05-26T01:53:55.550775+00:00
4165,"Beef, New Zealand, imported, inside, raw",non_vegan,,2026-05-26T01:53:55.550936+00:00
4166,"Beef, New Zealand, imported, intermuscular fat, cooked",non_vegan,,2026-05-26T01:53:55.551081+00:00
4167,"Beef, New Zealand, imported, manufacturing beef, cooked, boiled",non_vegan,,2026-05-26T01:53:55.551232+00:00
4168,"Beef, New Zealand, imported, manufacturing beef, raw",non_vegan,,2026-05-26T01:53:55.551596+00:00
4169,"Beef, New Zealand, imported, oyster blade, separable lean and fat, raw",non_vegan,,2026-05-26T01:53:55.551737+00:00
4170,"Beef, New Zealand, imported, oyster blade, separable lean only, cooked, braised",non_vegan,,2026-05-26T01:53:55.551888+00:00
4171,"Beef, New Zealand, imported, ribs prepared, cooked, fast roasted",non_vegan,,2026-05-26T01:53:55.552052+00:00
4172,"Beef, New Zealand, imported, ribs prepared, raw",non_vegan,,2026-05-26T01:53:55.552215+00:00
4173,"Beef, New Zealand, imported, rump centre, separable lean and fat, cooked, fast fried",non_vegan,,2026-05-26T01:53:55.552406+00:00
4174,"Beef, New Zealand, imported, knuckle, cooked, fast fried",non_vegan,,2026-05-26T01:53:55.552645+00:00
4175,"Beef, New Zealand, imported, oyster blade, separable lean and fat, cooked, braised",non_vegan,,2026-05-26T01:53:55.552764+00:00
4176,"Beef, New Zealand, imported, oyster blade, separable lean only, raw",non_vegan,,2026-05-26T01:53:55.552865+00:00
4177,"Beef, New Zealand, imported, rump centre, separable lean and fat, raw",non_vegan,,2026-05-26T01:53:55.553016+00:00
4178,"Beef, New Zealand, imported, rump centre, separable lean only, cooked, fast fried",non_vegan,,2026-05-26T01:53:55.553119+00:00
4179,"Beef, New Zealand, imported, striploin, separable lean and fat, cooked, fast fried",non_vegan,,2026-05-26T01:53:55.553231+00:00
4180,"Beef, New Zealand, imported, striploin, separable lean and fat, raw",non_vegan,,2026-05-26T01:53:55.553372+00:00
4181,"Beef, New Zealand, imported, striploin, separable lean only, raw",non_vegan,,2026-05-26T01:53:55.553493+00:00
4182,"Beef, New Zealand, imported, subcutaneous fat, cooked",non_vegan,,2026-05-26T01:53:55.553599+00:00
4183,"Beef, New Zealand, imported, subcutaneous fat, raw",non_vegan,,2026-05-26T01:53:55.553728+00:00
4184,"Beef, New Zealand, imported, sweetbread, cooked, boiled",non_vegan,,2026-05-26T01:53:55.553865+00:00
4185,"Beef, New Zealand, imported, sweetbread, raw",non_vegan,,2026-05-26T01:53:55.553988+00:00
4186,"Beef, New Zealand, imported, tenderloin, separable lean and fat, cooked, fast fried",non_vegan,,2026-05-26T01:53:55.554148+00:00
4187,"Beef, rib, large end (ribs 6-9), separable lean and fat, trimmed to 1/8"" fat, prime, raw",non_vegan,,2026-05-26T01:53:58.836065+00:00
4188,"Beef, rib, large end (ribs 6-9), separable lean and fat, trimmed to 1/8"" fat, select, raw",non_vegan,,2026-05-26T01:53:58.854887+00:00
4189,"Beef, rib, large end (ribs 6-9), separable lean only, trimmed to 0"" fat, all grades, cooked, roasted",non_vegan,,2026-05-26T01:53:58.855066+00:00
4190,"Beef, rib, large end (ribs 6-9), separable lean only, trimmed to 0"" fat, choice, cooked, roasted",non_vegan,,2026-05-26T01:53:58.855181+00:00
4191,"Beef, rib, shortribs, separable lean and fat, choice, cooked, braised",non_vegan,,2026-05-26T01:53:58.855319+00:00
4192,"Beef, rib, shortribs, separable lean only, choice, cooked, braised",non_vegan,,2026-05-26T01:53:58.855432+00:00
4193,"Beef, rib, shortribs, separable lean only, choice, raw",non_vegan,,2026-05-26T01:53:58.855530+00:00
4194,"Beef, rib, small end (ribs 10-12), separable lean and fat, trimmed to 0"" fat, all grades, cooked, broiled",non_vegan,,2026-05-26T01:53:58.855635+00:00
4195,"Beef, rib, small end (ribs 10-12), separable lean and fat, trimmed to 0"" fat, choice, cooked, broiled",non_vegan,,2026-05-26T01:53:58.855734+00:00
4196,"Beef, rib, small end (ribs 10-12), separable lean and fat, trimmed to 0"" fat, select, cooked, broiled",non_vegan,,2026-05-26T01:53:58.855852+00:00
4197,"Beef, rib, small end (ribs 10-12), separable lean and fat, trimmed to 1/8"" fat, all grades, cooked, broiled",non_vegan,,2026-05-26T01:53:58.855952+00:00
4198,"Beef, rib, small end (ribs 10-12), separable lean and fat, trimmed to 1/8"" fat, all grades, cooked, roasted",non_vegan,,2026-05-26T01:53:58.856047+00:00
4199,"Beef, rib, small end (ribs 10-12), separable lean and fat, trimmed to 1/8"" fat, all grades, raw",non_vegan,,2026-05-26T01:53:58.856141+00:00
4200,"Beef, rib, small end (ribs 10-12), separable lean and fat, trimmed to 1/8"" fat, choice, cooked, broiled",non_vegan,,2026-05-26T01:53:58.856236+00:00
4201,"Beef, rib, small end (ribs 10-12), separable lean and fat, trimmed to 1/8"" fat, choice, cooked, roasted",non_vegan,,2026-05-26T01:53:58.860161+00:00
4202,"Beef, rib, small end (ribs 10-12), separable lean and fat, trimmed to 1/8"" fat, choice, raw",non_vegan,,2026-05-26T01:53:58.860356+00:00
4203,"Beef, rib, small end (ribs 10-12), separable lean and fat, trimmed to 1/8"" fat, prime, cooked, broiled",non_vegan,,2026-05-26T01:53:58.860477+00:00
4204,"Beef, rib, small end (ribs 10-12), separable lean and fat, trimmed to 1/8"" fat, prime, cooked, roasted",non_vegan,,2026-05-26T01:53:58.860585+00:00
4205,"Beef, rib, small end (ribs 10-12), separable lean and fat, trimmed to 1/8"" fat, prime, raw",non_vegan,,2026-05-26T01:53:58.860684+00:00
4206,"Beef, rib, small end (ribs 10-12), separable lean and fat, trimmed to 1/8"" fat, select, cooked, broiled",non_vegan,,2026-05-26T01:53:58.868633+00:00
4207,"Beef, rib, small end (ribs 10-12), separable lean and fat, trimmed to 1/8"" fat, select, cooked, roasted",non_vegan,,2026-05-26T01:53:58.868805+00:00
4208,"Beef, rib, small end (ribs 10-12), separable lean and fat, trimmed to 1/8"" fat, select, raw",non_vegan,,2026-05-26T01:53:58.868915+00:00
4209,"Beef, rib, small end (ribs 10-12), separable lean only, trimmed to 0"" fat, all grades, cooked, broiled",non_vegan,,2026-05-26T01:53:58.869017+00:00
4210,"Beef, rib, small end (ribs 10-12), separable lean only, trimmed to 0"" fat, choice, cooked, broiled",non_vegan,,2026-05-26T01:53:58.869115+00:00
4211,"Beef, rib, small end (ribs 10-12), separable lean only, trimmed to 0"" fat, select, cooked, broiled",non_vegan,,2026-05-26T01:53:58.884203+00:00
4212,"Beef, rib, small end (ribs 10-12), separable lean only, trimmed to 1/8"" fat, all grades, cooked, broiled",non_vegan,,2026-05-26T01:53:58.884452+00:00
4213,"Beef, rib, small end (ribs 10-12), separable lean only, trimmed to 1/8"" fat, all grades, raw",non_vegan,,2026-05-26T01:53:58.885673+00:00
4214,"Beef, rib, small end (ribs 10-12), separable lean only, trimmed to 1/8"" fat, choice, raw",non_vegan,,2026-05-26T01:53:58.885866+00:00
4215,"Beef, rib, small end (ribs 10-12), separable lean only, trimmed to 1/8"" fat, select, cooked, broiled",non_vegan,,2026-05-26T01:53:58.886033+00:00
4216,"Beef, rib, small end (ribs 10-12), separable lean only, trimmed to 1/8"" fat, select, raw",non_vegan,,2026-05-26T01:53:58.888344+00:00
4217,"Beef, rib, small end (ribs 10-12), separable lean only, trimmed to 1/8""fat, choice, cooked, broiled",non_vegan,,2026-05-26T01:53:58.888546+00:00
4218,"Beef, rib, whole (ribs 6-12), separable lean and fat, trimmed to 1/8"" fat, all grades, cooked, broiled",non_vegan,,2026-05-26T01:53:58.888677+00:00
4219,"Beef, rib, whole (ribs 6-12), separable lean and fat, trimmed to 1/8"" fat, all grades, cooked, roasted",non_vegan,,2026-05-26T01:53:58.888810+00:00
4220,"Beef, rib, whole (ribs 6-12), separable lean and fat, trimmed to 1/8"" fat, all grades, raw",non_vegan,,2026-05-26T01:53:58.890205+00:00
4221,"Beef, rib, whole (ribs 6-12), separable lean and fat, trimmed to 1/8"" fat, choice, cooked, broiled",non_vegan,,2026-05-26T01:53:58.890398+00:00
4222,"Beef, rib, whole (ribs 6-12), separable lean and fat, trimmed to 1/8"" fat, choice, cooked, roasted",non_vegan,,2026-05-26T01:53:58.892517+00:00
4223,"Beef, rib, whole (ribs 6-12), separable lean and fat, trimmed to 1/8"" fat, choice, raw",non_vegan,,2026-05-26T01:53:58.892763+00:00
4224,"Beef, rib, whole (ribs 6-12), separable lean and fat, trimmed to 1/8"" fat, prime, cooked, broiled",non_vegan,,2026-05-26T01:53:58.892937+00:00
4225,"Beef, rib, whole (ribs 6-12), separable lean and fat, trimmed to 1/8"" fat, prime, cooked, roasted",non_vegan,,2026-05-26T01:53:58.893040+00:00
4226,"Beef, rib, whole (ribs 6-12), separable lean and fat, trimmed to 1/8"" fat, prime, raw",non_vegan,,2026-05-26T01:53:58.893143+00:00
4227,"Beef, rib, whole (ribs 6-12), separable lean and fat, trimmed to 1/8"" fat, select, cooked, broiled",non_vegan,,2026-05-26T01:53:58.893243+00:00
4228,"Beef, rib, whole (ribs 6-12), separable lean and fat, trimmed to 1/8"" fat, select, cooked, roasted",non_vegan,,2026-05-26T01:53:58.893374+00:00
4229,"Beef, rib, whole (ribs 6-12), separable lean and fat, trimmed to 1/8"" fat, select, raw",non_vegan,,2026-05-26T01:53:58.893472+00:00
4230,"Beef, ribeye  petite roast/filet, boneless, separable lean only, trimmed to 0"" fat, all grades, raw",non_vegan,,2026-05-26T01:53:58.893579+00:00
4231,"Beef, ribeye  petite roast/filet, boneless, separable lean only, trimmed to 0"" fat, choice, raw",non_vegan,,2026-05-26T01:53:58.893706+00:00
4232,"Beef, ribeye  petite roast/filet, boneless, separable lean only, trimmed to 0"" fat, select, raw",non_vegan,,2026-05-26T01:53:58.893834+00:00
4233,"Beef, ribeye cap steak, boneless, separable lean only, trimmed to 0"" fat, all grades, raw",non_vegan,,2026-05-26T01:53:58.893967+00:00
4234,"Beef, ribeye cap steak, boneless, separable lean only, trimmed to 0"" fat, choice, cooked, grilled",non_vegan,,2026-05-26T01:53:58.901441+00:00
4235,"Beef, ribeye cap steak, boneless, separable lean only, trimmed to 0"" fat, choice, raw",non_vegan,,2026-05-26T01:53:58.901729+00:00
4236,"Beef, ribeye cap steak, boneless, separable lean only, trimmed to 0"" fat, select, cooked, grilled",non_vegan,,2026-05-26T01:53:58.901869+00:00
4237,"Beef, rib eye steak, bone-in, lip-on, separable lean only, trimmed to 1/8"" fat, select, cooked, grilled",non_vegan,,2026-05-26T01:53:59.389162+00:00
4238,"Beef, rib eye steak, boneless, lip off, separable lean and fat, trimmed to 0"" fat, all grades, cooked, grilled",non_vegan,,2026-05-26T01:53:59.389706+00:00
4239,"Beef, rib eye steak, boneless, lip off, separable lean and fat, trimmed to 0"" fat, all grades, raw",non_vegan,,2026-05-26T01:53:59.389888+00:00
4240,"Beef, rib eye steak, boneless, lip off, separable lean and fat, trimmed to 0"" fat, choice, cooked, grilled",non_vegan,,2026-05-26T01:53:59.390023+00:00
4241,"Beef, rib eye steak, boneless, lip off, separable lean and fat, trimmed to 0"" fat, select, cooked, grilled",non_vegan,,2026-05-26T01:53:59.390175+00:00
4242,"Beef, rib eye steak, boneless, lip off, separable lean and fat, trimmed to 0"" fat, select, raw",non_vegan,,2026-05-26T01:53:59.390322+00:00
4243,"Beef, rib eye steak, boneless, lip off, separable lean only, trimmed to 0"" fat, all grades, cooked, grilled",non_vegan,,2026-05-26T01:53:59.390754+00:00
4244,"Beef, rib eye steak, boneless, lip off, separable lean only, trimmed to 0"" fat, all grades, raw",non_vegan,,2026-05-26T01:53:59.390882+00:00
4245,"Beef, rib eye steak, boneless, lip off, separable lean only, trimmed to 0"" fat, choice, cooked, grilled",non_vegan,,2026-05-26T01:53:59.391031+00:00
4246,"Beef, rib eye steak, boneless, lip off, separable lean only, trimmed to 0"" fat, choice, raw",non_vegan,,2026-05-26T01:53:59.391143+00:00
4247,"Beef, rib eye steak, boneless, lip off, separable lean only, trimmed to 0"" fat, select, cooked, grilled",non_vegan,,2026-05-26T01:53:59.391250+00:00
4248,"Beef, rib eye steak, boneless, lip off, separable lean only, trimmed to 0"" fat, select, raw",non_vegan,,2026-05-26T01:53:59.391470+00:00
4249,"Beef, rib eye steak, boneless, lip-on, separable lean and fat, trimmed to 1/8"" fat, all grades, cooked, grilled",non_vegan,,2026-05-26T01:53:59.391632+00:00
4250,"Beef, rib eye steak, boneless, lip-on, separable lean and fat, trimmed to 1/8"" fat, choice, cooked, grilled",non_vegan,,2026-05-26T01:53:59.391780+00:00
4251,"Beef, rib eye steak, boneless, lip-on, separable lean and fat, trimmed to 1/8"" fat, select, cooked, grilled",non_vegan,,2026-05-26T01:53:59.391924+00:00
4252,"Beef, rib eye steak, boneless, lip-on, separable lean only, trimmed to 1/8"" fat, all grades, cooked, grilled",non_vegan,,2026-05-26T01:53:59.392061+00:00
4253,"Beef, rib eye steak, boneless, lip-on, separable lean only, trimmed to 1/8"" fat, choice, cooked, grilled",non_vegan,,2026-05-26T01:53:59.392204+00:00
4254,"Beef, rib eye steak, boneless, lip-on, separable lean only, trimmed to 1/8"" fat, select, cooked, grilled",non_vegan,,2026-05-26T01:53:59.392379+00:00
4255,"Beef, rib eye steak/roast, bone-in, lip-on, separable lean and fat, trimmed to 1/8"" fat, all grades, raw",non_vegan,,2026-05-26T01:53:59.392528+00:00
4256,"Beef, rib eye steak/roast, bone-in, lip-on, separable lean and fat, trimmed to 1/8"" fat, choice, raw",non_vegan,,2026-05-26T01:53:59.392671+00:00
4257,"Beef, rib eye steak/roast, bone-in, lip-on, separable lean and fat, trimmed to 1/8"" fat, select, raw",non_vegan,,2026-05-26T01:53:59.392817+00:00
4258,"Beef, rib eye steak/roast, bone-in, lip-on, separable lean only, trimmed to 1/8"" fat, all grades, raw",non_vegan,,2026-05-26T01:53:59.392963+00:00
4259,"Beef, rib eye steak/roast, bone-in, lip-on, separable lean only, trimmed to 1/8"" fat, choice, raw",non_vegan,,2026-05-26T01:53:59.393104+00:00
4260,"Beef, rib eye steak/roast, bone-in, lip-on, separable lean only, trimmed to 1/8"" fat, select, raw",non_vegan,,2026-05-26T01:53:59.393244+00:00
4261,"Beef, rib eye steak/roast, boneless, lip-on, separable lean and fat, trimmed to 1/8"" fat, all grades, raw",non_vegan,,2026-05-26T01:53:59.393423+00:00
4262,"Beef, rib eye steak/roast, boneless, lip-on, separable lean and fat, trimmed to 1/8"" fat, choice, raw",non_vegan,,2026-05-26T01:53:59.393753+00:00
4263,"Beef, rib eye steak/roast, boneless, lip-on, separable lean and fat, trimmed to 1/8"" fat, select, raw",non_vegan,,2026-05-26T01:53:59.394009+00:00
4264,"Beef, rib eye steak/roast, boneless, lip-on, separable lean only, trimmed to 1/8"" fat, all grades, raw",non_vegan,,2026-05-26T01:53:59.394160+00:00
4265,"Beef, rib eye steak/roast, boneless, lip-on, separable lean only, trimmed to 1/8"" fat, choice, raw",non_vegan,,2026-05-26T01:53:59.394368+00:00
4266,"Beef, rib eye steak/roast, boneless, lip-on, separable lean only, trimmed to 1/8"" fat, select, raw",non_vegan,,2026-05-26T01:53:59.394518+00:00
4267,"Beef, rib eye, small end (ribs 10-12), separable lean and fat, trimmed to 0"" fat, all grades, cooked, broiled",non_vegan,,2026-05-26T01:53:59.394655+00:00
4268,"Beef, rib eye, small end (ribs 10-12), separable lean and fat, trimmed to 0"" fat, select, cooked, broiled",non_vegan,,2026-05-26T01:53:59.394757+00:00
4269,"Beef, rib eye, small end (ribs 10-12), separable lean only, trimmed to 0"" fat, select, raw",non_vegan,,2026-05-26T01:53:59.394861+00:00
4270,"Beef, rib, back ribs, bone-in, separable lean and fat, trimmed to 0"" fat, all grades, cooked, braised",non_vegan,,2026-05-26T01:53:59.395013+00:00
4271,"Beef, rib, back ribs, bone-in, separable lean and fat, trimmed to 0"" fat, all grades, raw",non_vegan,,2026-05-26T01:53:59.395119+00:00
4272,"Beef, rib, back ribs, bone-in, separable lean and fat, trimmed to 0"" fat, choice, cooked, braised",non_vegan,,2026-05-26T01:53:59.395231+00:00
4273,"Beef, rib, back ribs, bone-in, separable lean and fat, trimmed to 0"" fat, choice, raw",non_vegan,,2026-05-26T01:53:59.395396+00:00
4274,"Beef, rib, back ribs, bone-in, separable lean and fat, trimmed to 0"" fat, select, cooked, braised",non_vegan,,2026-05-26T01:53:59.395502+00:00
4275,"Beef, rib, back ribs, bone-in, separable lean and fat, trimmed to 0"" fat, select, raw",non_vegan,,2026-05-26T01:53:59.395615+00:00
4276,"Beef, rib, back ribs, bone-in, separable lean only, trimmed to 0"" fat, all grades, raw",non_vegan,,2026-05-26T01:53:59.395718+00:00
4277,"Beef, rib, back ribs, bone-in, separable lean only, trimmed to 0"" fat, choice, cooked, braised",non_vegan,,2026-05-26T01:53:59.395827+00:00
4278,"Beef, rib, back ribs, bone-in, separable lean only, trimmed to 0"" fat, choice, raw",non_vegan,,2026-05-26T01:53:59.395928+00:00
4279,"Beef, rib, back ribs, bone-in, separable lean only, trimmed to 0"" fat, select, cooked, braised",non_vegan,,2026-05-26T01:53:59.396032+00:00
4280,"Beef, rib, eye, small end (ribs 10- 12) separable lean only, trimmed to 0"" fat, select, cooked, broiled",non_vegan,,2026-05-26T01:53:59.399562+00:00
4281,"Beef, rib, eye, small end (ribs 10-12), separable lean only, trimmed to 0"" fat, choice, raw",non_vegan,,2026-05-26T01:53:59.399718+00:00
4282,"Beef, rib, large end (ribs 6-9), separable lean and fat, trimmed to 0"" fat, select, cooked, roasted",non_vegan,,2026-05-26T01:53:59.399845+00:00
4283,"Beef, rib, large end (ribs 6-9), separable lean and fat, trimmed to 1/8"" fat, all grades, cooked, broiled",non_vegan,,2026-05-26T01:53:59.399963+00:00
4284,"Beef, rib, large end (ribs 6-9), separable lean and fat, trimmed to 1/8"" fat, choice, cooked, broiled",non_vegan,,2026-05-26T01:53:59.400090+00:00
4285,"Beef, rib, large end (ribs 6-9), separable lean and fat, trimmed to 1/8"" fat, choice, cooked, roasted",non_vegan,,2026-05-26T01:53:59.400218+00:00
4286,"Beef, rib, large end (ribs 6-9), separable lean and fat, trimmed to 1/8"" fat, choice, raw",non_vegan,,2026-05-26T01:53:59.400787+00:00
4287,"Beef, round, eye of round steak, boneless, separable lean and fat, trimmed to 0"" fat, all grades, cooked, grilled",non_vegan,,2026-05-26T01:54:14.458694+00:00
4288,"Beef, round, eye of round steak, boneless, separable lean and fat, trimmed to 0"" fat, all grades, raw",non_vegan,,2026-05-26T01:54:14.459201+00:00
4289,"Beef, round, eye of round steak, boneless, separable lean and fat, trimmed to 0"" fat, choice, cooked, grilled",non_vegan,,2026-05-26T01:54:14.459483+00:00
4290,"Beef, round, eye of round steak, boneless, separable lean and fat, trimmed to 0"" fat, select, cooked, grilled",non_vegan,,2026-05-26T01:54:14.459860+00:00
4291,"Beef, round, eye of round steak, boneless, separable lean and fat, trimmed to 0"" fat, select, raw",non_vegan,,2026-05-26T01:54:14.460037+00:00
4292,"Beef, round, eye of round steak, boneless, separable lean only, trimmed to 0"" fat, all grades, cooked, grilled",non_vegan,,2026-05-26T01:54:14.460184+00:00
4293,"Beef, round, eye of round steak, boneless, separable lean only, trimmed to 0"" fat, all grades, raw",non_vegan,,2026-05-26T01:54:14.460375+00:00
4294,"Beef, round, eye of round steak, boneless, separable lean only, trimmed to 0"" fat, choice, cooked, grilled",non_vegan,,2026-05-26T01:54:14.460516+00:00
4295,"Beef, round, eye of round steak, boneless, separable lean only, trimmed to 0"" fat, choice, raw",non_vegan,,2026-05-26T01:54:14.460635+00:00
4296,"Beef, round, eye of round steak, boneless, separable lean only, trimmed to 0"" fat, select, cooked, grilled",non_vegan,,2026-05-26T01:54:14.460757+00:00
4297,"Beef, round, eye of round steak, boneless, separable lean only, trimmed to 0"" fat, select, raw",non_vegan,,2026-05-26T01:54:14.460895+00:00
4298,"Beef, round, eye of round, roast, separable lean and fat, trimmed to 1/8"" fat, all grades, cooked, roasted",non_vegan,,2026-05-26T01:54:14.461050+00:00
4299,"Beef, round, eye of round, roast, separable lean and fat, trimmed to 1/8"" fat, all grades, raw",non_vegan,,2026-05-26T01:54:14.461190+00:00
4300,"Beef, round, eye of round, roast, separable lean and fat, trimmed to 1/8"" fat, choice, cooked, roasted",non_vegan,,2026-05-26T01:54:14.461393+00:00
4301,"Beef, round, eye of round, roast, separable lean and fat, trimmed to 1/8"" fat, choice, raw",non_vegan,,2026-05-26T01:54:14.461562+00:00
4302,"Beef, round, eye of round, roast, separable lean and fat, trimmed to 1/8"" fat, select, cooked, roasted",non_vegan,,2026-05-26T01:54:14.461734+00:00
4303,"Beef, round, eye of round, roast, separable lean and fat, trimmed to 1/8"" fat, select, raw",non_vegan,,2026-05-26T01:54:14.461888+00:00
4304,"Beef, round, eye of round, roast, separable lean only, trimmed to 1/8"" fat, all grades, cooked, roasted",non_vegan,,2026-05-26T01:54:14.462002+00:00
4305,"Beef, round, eye of round, roast, separable lean only, trimmed to 1/8"" fat, all grades, raw",non_vegan,,2026-05-26T01:54:14.462695+00:00
4306,"Beef, round, eye of round, roast, separable lean only, trimmed to 1/8"" fat, choice, cooked, roasted",non_vegan,,2026-05-26T01:54:14.462783+00:00
4307,"Beef, round, eye of round, roast, separable lean only, trimmed to 1/8"" fat, choice, raw",non_vegan,,2026-05-26T01:54:14.462847+00:00
4308,"Beef, round, eye of round, roast, separable lean only, trimmed to 1/8"" fat, select, cooked, roasted",non_vegan,,2026-05-26T01:54:14.462939+00:00
4309,"Beef, round, eye of round, roast, separable lean only, trimmed to 1/8"" fat, select, raw",non_vegan,,2026-05-26T01:54:14.463005+00:00
4310,"Beef, round, full cut, separable lean and fat, trimmed to 1/8"" fat, choice, cooked, broiled",non_vegan,,2026-05-26T01:54:14.463066+00:00
4311,"Beef, round, full cut, separable lean and fat, trimmed to 1/8"" fat, choice, raw",non_vegan,,2026-05-26T01:54:14.463205+00:00
4312,"Beef, round, full cut, separable lean and fat, trimmed to 1/8"" fat, select, cooked, broiled",non_vegan,,2026-05-26T01:54:14.463358+00:00
4313,"Beef, round, full cut, separable lean and fat, trimmed to 1/8"" fat, select, raw",non_vegan,,2026-05-26T01:54:14.463464+00:00
4314,"Beef, round, full cut, separable lean only, trimmed to 1/4"" fat, choice, cooked, broiled",non_vegan,,2026-05-26T01:54:14.463621+00:00
4315,"Beef, round, full cut, separable lean only, trimmed to 1/4"" fat, select, cooked, broiled",non_vegan,,2026-05-26T01:54:14.463708+00:00
4316,"Beef, round, knuckle, tip center, steak, separable lean and fat, trimmed to 0"" fat, all grades, cooked, grilled",non_vegan,,2026-05-26T01:54:14.463776+00:00
4317,"Beef, round, knuckle, tip center, steak, separable lean and fat, trimmed to 0"" fat, choice, cooked, grilled",non_vegan,,2026-05-26T01:54:14.463842+00:00
4318,"Beef, round, knuckle, tip center, steak, separable lean and fat, trimmed to 0"" fat, choice, raw",non_vegan,,2026-05-26T01:54:14.463903+00:00
4319,"Beef, round, knuckle, tip center, steak, separable lean and fat, trimmed to 0"" fat, select, cooked, grilled",non_vegan,,2026-05-26T01:54:14.463968+00:00
4320,"Beef, round, knuckle, tip side, steak, separable lean and fat, trimmed to 0"" fat, all grades, cooked, grilled",non_vegan,,2026-05-26T01:54:14.464031+00:00
4321,"Beef, round, knuckle, tip side, steak, separable lean and fat, trimmed to 0"" fat, choice, cooked, grilled",non_vegan,,2026-05-26T01:54:14.464093+00:00
4322,"Beef, round, knuckle, tip side, steak, separable lean and fat, trimmed to 0"" fat, select, cooked, grilled",non_vegan,,2026-05-26T01:54:14.464156+00:00
4323,"Beef, round, outside round, bottom round, steak, separable lean and fat, trimmed to 0"" fat, all grades, cooked, grilled",non_vegan,,2026-05-26T01:54:14.464219+00:00
4324,"Beef, round, outside round, bottom round, steak, separable lean and fat, trimmed to 0"" fat, all grades, raw",non_vegan,,2026-05-26T01:54:14.464332+00:00
4325,"Beef, round, outside round, bottom round, steak, separable lean and fat, trimmed to 0"" fat, choice, cooked, grilled",non_vegan,,2026-05-26T01:54:14.464408+00:00
4326,"Beef, round, outside round, bottom round, steak, separable lean and fat, trimmed to 0"" fat, choice, raw",non_vegan,,2026-05-26T01:54:14.464469+00:00
4327,"Beef, round, outside round, bottom round, steak, separable lean and fat, trimmed to 0"" fat, select, raw",non_vegan,,2026-05-26T01:54:14.464543+00:00
4328,"Beef, round, tip round, roast, separable lean and fat, trimmed to 0"" fat, all grades, cooked, roasted",non_vegan,,2026-05-26T01:54:14.464605+00:00
4329,"Beef, round, tip round, roast, separable lean and fat, trimmed to 0"" fat, all grades, raw",non_vegan,,2026-05-26T01:54:14.464667+00:00
4330,"Beef, round, tip round, roast, separable lean and fat, trimmed to 0"" fat, choice, cooked, roasted",non_vegan,,2026-05-26T01:54:14.464750+00:00
4331,"Beef, round, tip round, roast, separable lean and fat, trimmed to 0"" fat, choice, raw",non_vegan,,2026-05-26T01:54:14.464863+00:00
4332,"Beef, round, tip round, roast, separable lean and fat, trimmed to 0"" fat, select, cooked, roasted",non_vegan,,2026-05-26T01:54:14.464931+00:00
4333,"Beef, round, tip round, roast, separable lean and fat, trimmed to 0"" fat, select, raw",non_vegan,,2026-05-26T01:54:14.465012+00:00
4334,"Beef, round, tip round, roast, separable lean and fat, trimmed to 1/8"" fat, all grades, cooked, roasted",non_vegan,,2026-05-26T01:54:14.465076+00:00
4335,"Beef, round, tip round, roast, separable lean and fat, trimmed to 1/8"" fat, choice, cooked, roasted",non_vegan,,2026-05-26T01:54:14.465137+00:00
4336,"Beef, round, tip round, roast, separable lean and fat, trimmed to 1/8"" fat, select, cooked, roasted",non_vegan,,2026-05-26T01:54:14.465197+00:00
4337,"Beef, short loin, porterhouse steak, separable lean and fat, trimmed to 0"" fat, USDA select, cooked, broiled",non_vegan,,2026-05-26T01:54:16.064150+00:00
4338,"Beef, short loin, porterhouse steak, separable lean and fat, trimmed to 1/8"" fat, all grades, cooked, grilled",non_vegan,,2026-05-26T01:54:16.064404+00:00
4339,"Beef, short loin, porterhouse steak, separable lean and fat, trimmed to 1/8"" fat, all grades, raw",non_vegan,,2026-05-26T01:54:16.064504+00:00
4340,"Beef, short loin, porterhouse steak, separable lean and fat, trimmed to 1/8"" fat, choice, cooked, grilled",non_vegan,,2026-05-26T01:54:16.064582+00:00
4341,"Beef, short loin, porterhouse steak, separable lean and fat, trimmed to 1/8"" fat, choice, raw",non_vegan,,2026-05-26T01:54:16.064679+00:00
4342,"Beef, short loin, porterhouse steak, separable lean and fat, trimmed to 1/8"" fat, select, raw",non_vegan,,2026-05-26T01:54:16.064751+00:00
4343,"Beef, short loin, porterhouse steak, separable lean only,  trimmed to 1/8"" fat, all grades, cooked, grilled",non_vegan,,2026-05-26T01:54:16.064854+00:00
4344,"Beef, short loin, porterhouse steak, separable lean only, trimmed to 0"" fat, all grades, cooked, broiled",non_vegan,,2026-05-26T01:54:16.064963+00:00
4345,"Beef, short loin, porterhouse steak, separable lean only, trimmed to 0"" fat, choice, cooked, broiled",non_vegan,,2026-05-26T01:54:16.065066+00:00
4346,"Beef, short loin, porterhouse steak, separable lean only, trimmed to 0"" fat, select, cooked, broiled",non_vegan,,2026-05-26T01:54:16.065165+00:00
4347,"Beef, short loin, porterhouse steak, separable lean only, trimmed to 1/8"" fat, all grades, raw",non_vegan,,2026-05-26T01:54:16.065264+00:00
4348,"Beef, short loin, porterhouse steak, separable lean only, trimmed to 1/8"" fat, choice, cooked, grilled",non_vegan,,2026-05-26T01:54:16.065407+00:00
4349,"Beef, short loin, porterhouse steak, separable lean only, trimmed to 1/8"" fat, choice, raw",non_vegan,,2026-05-26T01:54:16.065508+00:00
4350,"Beef, short loin, porterhouse steak, separable lean only, trimmed to 1/8"" fat, select, cooked, grilled",non_vegan,,2026-05-26T01:54:16.065606+00:00
4351,"Beef, short loin, porterhouse steak, separable lean only, trimmed to 1/8"" fat, select, raw",non_vegan,,2026-05-26T01:54:16.065740+00:00
4352,"Beef, short loin, t-bone steak, bone-in, separable lean only, trimmed to 1/8"" fat, all grades, cooked, grilled",non_vegan,,2026-05-26T01:54:16.065847+00:00
4353,"Beef, short loin, t-bone steak, bone-in, separable lean only, trimmed to 1/8"" fat, all grades, raw",non_vegan,,2026-05-26T01:54:16.065969+00:00
4354,"Beef, short loin, t-bone steak, bone-in, separable lean only, trimmed to 1/8"" fat, choice, cooked, grilled",non_vegan,,2026-05-26T01:54:16.066098+00:00
4355,"Beef, short loin, t-bone steak, bone-in, separable lean only, trimmed to 1/8"" fat, choice, raw",non_vegan,,2026-05-26T01:54:16.066202+00:00
4356,"Beef, short loin, t-bone steak, bone-in, separable lean only, trimmed to 1/8"" fat, select, cooked, grilled",non_vegan,,2026-05-26T01:54:16.066333+00:00
4357,"Beef, short loin, t-bone steak, bone-in, separable lean only, trimmed to 1/8"" fat, select, raw",non_vegan,,2026-05-26T01:54:16.066468+00:00
4358,"Beef, short loin, t-bone steak, separable lean and fat, trimmed to 0"" fat, all grades, cooked, broiled",non_vegan,,2026-05-26T01:54:16.066595+00:00
4359,"Beef, short loin, t-bone steak, separable lean and fat, trimmed to 0"" fat, USDA choice, cooked, broiled",non_vegan,,2026-05-26T01:54:16.066697+00:00
4360,"Agave, cooked (Southwest)",vegan,,2026-05-26T01:54:16.066798+00:00
4361,"Cattail, Narrow Leaf Shoots (Northern Plains Indians)",vegan,,2026-05-26T01:54:16.066911+00:00
4362,"Lambsquarters, raw (Northern Plains Indians)",vegan,,2026-05-26T01:54:16.067018+00:00
4363,"Prairie Turnips, boiled (Northern Plains Indians)",vegan,,2026-05-26T01:54:16.067124+00:00
4364,"Raspberries, wild (Northern Plains Indians)",vegan,,2026-05-26T01:54:16.067223+00:00
4365,"Rose Hips, wild (Northern Plains Indians)",vegan,,2026-05-26T01:54:16.067416+00:00
4366,"Chokecherries, raw, pitted (Northern Plains Indians)",vegan,,2026-05-26T01:54:16.067583+00:00
4367,"Sea lion, Steller, liver (Alaska Native)",non_vegan,,2026-05-26T01:54:16.067691+00:00
4368,"Sea lion, Steller, kidney (Alaska Native)",non_vegan,,2026-05-26T01:54:16.067790+00:00
4369,"Beef, short loin, top loin, steak, separable lean and fat, trimmed to 1/8"" fat, prime, raw",non_vegan,,2026-05-26T01:54:16.067888+00:00
4370,"Beef, short loin, top loin, steak, separable lean only, trimmed to 1/8"" fat, all grades, cooked, broiled",non_vegan,,2026-05-26T01:54:16.067987+00:00
4371,"Beef, short loin, top loin, steak, separable lean only, trimmed to 1/8"" fat, choice, cooked, broiled",non_vegan,,2026-05-26T01:54:16.068087+00:00
4372,"Beef, short loin, top loin, steak, separable lean only, trimmed to 1/8"" fat, choice, raw",non_vegan,,2026-05-26T01:54:16.068185+00:00
4373,"Beef, short loin, top loin, steak, separable lean only, trimmed to 1/8"" fat, select, cooked, grilled",non_vegan,,2026-05-26T01:54:16.068328+00:00
4374,"Beef, short loin, top loin, steak, separable lean only, trimmed to 1/8"" fat, select, raw",non_vegan,,2026-05-26T01:54:16.068440+00:00
4375,"Beef, shoulder pot roast or steak, boneless, separable lean and fat, trimmed to 0"" fat, all grades, raw",non_vegan,,2026-05-26T01:54:16.068611+00:00
4376,"Beef, shoulder pot roast or steak, boneless, separable lean and fat, trimmed to 0"" fat, choice, raw",non_vegan,,2026-05-26T01:54:16.068712+00:00
4377,"Beef, shoulder pot roast or steak, boneless, separable lean and fat, trimmed to 0"" fat, select, raw",non_vegan,,2026-05-26T01:54:16.068810+00:00
4378,"Beef, shoulder pot roast or steak, boneless, separable lean only, trimmed to 0"" fat, all grades, raw",non_vegan,,2026-05-26T01:54:16.068906+00:00
4379,"Beef, shoulder pot roast or steak, boneless, separable lean only, trimmed to 0"" fat, choice, raw",non_vegan,,2026-05-26T01:54:16.069012+00:00
4380,"Beef, shoulder pot roast or steak, boneless, separable lean only, trimmed to 0"" fat, select, raw",non_vegan,,2026-05-26T01:54:16.069114+00:00
4381,"Beef, shoulder pot roast, boneless, separable lean and fat, trimmed to 0"" fat, all grades, cooked, braised",non_vegan,,2026-05-26T01:54:16.069221+00:00
4382,"Beef, shoulder pot roast, boneless, separable lean and fat, trimmed to 0"" fat, choice, cooked, braised",non_vegan,,2026-05-26T01:54:16.069459+00:00
4383,"Beef, shoulder pot roast, boneless, separable lean and fat, trimmed to 0"" fat, select, cooked, braised",non_vegan,,2026-05-26T01:54:16.069603+00:00
4384,"Beef, shoulder pot roast, boneless, separable lean only, trimmed to 0"" fat, all grades, cooked, braised",non_vegan,,2026-05-26T01:54:16.069707+00:00
4385,"Beef, shoulder pot roast, boneless, separable lean only, trimmed to 0"" fat, choice, cooked, braised",non_vegan,,2026-05-26T01:54:16.069808+00:00
4386,"Beef, shoulder pot roast, boneless, separable lean only, trimmed to 0"" fat, select, cooked, braised",non_vegan,,2026-05-26T01:54:16.069938+00:00
4387,"Beef, round, tip round, roast, separable lean only, trimmed to 0"" fat, all grades, cooked, roasted",non_vegan,,2026-05-26T01:54:17.553717+00:00
4388,"Beef, round, tip round, roast, separable lean only, trimmed to 0"" fat, choice, cooked, roasted",non_vegan,,2026-05-26T01:54:17.557565+00:00
4389,"Beef, round, tip round, roast, separable lean only, trimmed to 0"" fat, choice, raw",non_vegan,,2026-05-26T01:54:17.557818+00:00
4390,"Beef, round, tip round, roast, separable lean only, trimmed to 0"" fat, select, cooked, roasted",non_vegan,,2026-05-26T01:54:17.557996+00:00
4391,"Beef, round, tip round, separable lean and fat, trimmed to 1/8"" fat, select, raw",non_vegan,,2026-05-26T01:54:17.558149+00:00
4392,"Beef, round, top round roast, boneless, separable lean and fat, trimmed to 0"" fat, all grades, cooked, roasted",non_vegan,,2026-05-26T01:54:17.558596+00:00
4393,"Beef, round, top round roast, boneless, separable lean and fat, trimmed to 0"" fat, choice, cooked, roasted",non_vegan,,2026-05-26T01:54:17.558754+00:00
4394,"Beef, round, top round roast, boneless, separable lean and fat, trimmed to 0"" fat, select, cooked, roasted",non_vegan,,2026-05-26T01:54:17.558897+00:00
4395,"Beef, round, tip round, roast, separable lean only, trimmed to 0"" fat, select, raw",non_vegan,,2026-05-26T01:54:17.559032+00:00
4396,"Beef, round, tip round, separable lean and fat, trimmed to 1/8"" fat, all grades, raw",non_vegan,,2026-05-26T01:54:17.559200+00:00
4397,"Beef, round, top round roast, boneless, separable lean and fat, trimmed to 0"" fat, all grades, raw",non_vegan,,2026-05-26T01:54:17.559470+00:00
4398,"Beef, round, top round roast, boneless, separable lean and fat, trimmed to 0"" fat, choice, raw",non_vegan,,2026-05-26T01:54:17.559620+00:00
4399,"Beef, round, top round roast, boneless, separable lean and fat, trimmed to 0"" fat, select, raw",non_vegan,,2026-05-26T01:54:17.559825+00:00
4400,"Beef, round, top round roast, boneless, separable lean only, trimmed to 0"" fat, all grades, cooked, roasted",non_vegan,,2026-05-26T01:54:17.559954+00:00
4401,"Beef, round, top round roast, boneless, separable lean only, trimmed to 0"" fat, all grades, raw",non_vegan,,2026-05-26T01:54:17.560103+00:00
4402,"Beef, round, top round roast, boneless, separable lean only, trimmed to 0"" fat, choice, raw",non_vegan,,2026-05-26T01:54:17.560248+00:00
4403,"Beef, round, top round roast, boneless, separable lean only, trimmed to 0"" fat, select, raw",non_vegan,,2026-05-26T01:54:17.560464+00:00
4404,"Beef, round, top round steak, boneless, separable lean and fat, trimmed to 0"" fat, all grades, cooked, grilled",non_vegan,,2026-05-26T01:54:17.560612+00:00
4405,"Beef, round, top round steak, boneless, separable lean and fat, trimmed to 0"" fat, all grades, raw",non_vegan,,2026-05-26T01:54:17.560766+00:00
4406,"Beef, round, top round steak, boneless, separable lean and fat, trimmed to 0"" fat, choice, cooked, grilled",non_vegan,,2026-05-26T01:54:17.560900+00:00
4407,"Beef, round, top round steak, boneless, separable lean and fat, trimmed to 0"" fat, choice, raw",non_vegan,,2026-05-26T01:54:17.561009+00:00
4408,"Beef, round, top round steak, boneless, separable lean and fat, trimmed to 0"" fat, select, cooked, grilled",non_vegan,,2026-05-26T01:54:17.561225+00:00
4409,"Beef, round, top round steak, boneless, separable lean only, trimmed to 0"" fat, all grades, cooked, grilled",non_vegan,,2026-05-26T01:54:17.561453+00:00
4410,"Beef, round, top round steak, boneless, separable lean only, trimmed to 0"" fat, all grades, raw",non_vegan,,2026-05-26T01:54:17.561625+00:00
4411,"Beef, round, top round steak, boneless, separable lean only, trimmed to 0"" fat, select, cooked, grilled",non_vegan,,2026-05-26T01:54:17.561783+00:00
4412,"Beef, round, top round steak, boneless, separable lean only, trimmed to 0"" fat, select, raw",non_vegan,,2026-05-26T01:54:17.561935+00:00
4413,"Beef, chuck eye Country-Style ribs, boneless, separable lean only, trimmed to 0"" fat, choice, cooked, braised",non_vegan,,2026-05-26T01:54:17.562074+00:00
4414,"Beef, chuck eye roast, boneless, America's Beef Roast, separable lean and fat, trimmed to 0"" fat, all grades, raw",non_vegan,,2026-05-26T01:54:17.562238+00:00
4415,"Beef, chuck eye roast, boneless, America's Beef Roast, separable lean and fat, trimmed to 0"" fat, select, cooked, roasted",non_vegan,,2026-05-26T01:54:17.562531+00:00
4416,"Beef, round, top round, separable lean only, trimmed to 0"" fat, choice, cooked, braised",non_vegan,,2026-05-26T01:54:17.562692+00:00
4417,"Beef, round, top round, separable lean only, trimmed to 0"" fat, select, cooked, braised",non_vegan,,2026-05-26T01:54:17.562824+00:00
4418,"Beef, round, top round, separable lean only, trimmed to 1/8"" fat, choice, cooked, pan-fried",non_vegan,,2026-05-26T01:54:17.562934+00:00
4419,"Beef, round, top round, steak, separable lean and fat, trimmed to 1/8"" fat, all grades, raw",non_vegan,,2026-05-26T01:54:17.563053+00:00
4420,"Beef, round, top round, steak, separable lean and fat, trimmed to 1/8"" fat, choice, cooked, broiled",non_vegan,,2026-05-26T01:54:17.563163+00:00
4421,"Beef, round, top round, steak, separable lean and fat, trimmed to 1/8"" fat, choice, raw",non_vegan,,2026-05-26T01:54:17.563322+00:00
4422,"Beef, round, top round, steak, separable lean and fat, trimmed to 1/8"" fat, prime, cooked, broiled",non_vegan,,2026-05-26T01:54:17.563472+00:00
4423,"Beef, round, top round, steak, separable lean and fat, trimmed to 1/8"" fat, select, cooked, broiled",non_vegan,,2026-05-26T01:54:17.563603+00:00
4424,"Beef, round, top round, steak, separable lean and fat, trimmed to 1/8"" fat, select, raw",non_vegan,,2026-05-26T01:54:17.563717+00:00
4425,"Beef, round, top round, steak, separable lean only, trimmed to 1/8"" fat, all grades, cooked, broiled",non_vegan,,2026-05-26T01:54:17.563849+00:00
4426,"Beef, round, top round, steak, separable lean only, trimmed to 1/8"" fat, all grades, raw",non_vegan,,2026-05-26T01:54:17.563993+00:00
4427,"Beef, round, top round, steak, separable lean only, trimmed to 1/8"" fat, choice, cooked, broiled",non_vegan,,2026-05-26T01:54:17.564122+00:00
4428,"Beef, round, top round, steak, separable lean only, trimmed to 1/8"" fat, choice, raw",non_vegan,,2026-05-26T01:54:17.564244+00:00
4429,"Beef, round, top round, steak, separable lean only, trimmed to 1/8"" fat, select, cooked, broiled",non_vegan,,2026-05-26T01:54:17.564463+00:00
4430,"Beef, round, top round, steak, separable lean only, trimmed to 1/8"" fat, select, raw",non_vegan,,2026-05-26T01:54:17.564626+00:00
4431,"Beef, sandwich steaks, flaked, chopped, formed and thinly sliced, raw",non_vegan,,2026-05-26T01:54:17.564754+00:00
4432,"Beef, shank crosscuts, separable lean only, trimmed to 1/4"" fat, choice, cooked, simmered",non_vegan,,2026-05-26T01:54:17.564893+00:00
4433,"Beef, shank crosscuts, separable lean only, trimmed to 1/4"" fat, choice, raw",non_vegan,,2026-05-26T01:54:17.565046+00:00
4434,"Beef, short loin (NY strip steak), raw",non_vegan,,2026-05-26T01:54:17.565193+00:00
4435,"Beef, short loin, porterhouse steak, separable lean and fat, trimmed to 0"" fat, all grades, cooked, broiled",non_vegan,,2026-05-26T01:54:17.565397+00:00
4436,"Beef, short loin, porterhouse steak, separable lean and fat, trimmed to 0"" fat, USDA choice, cooked, broiled",non_vegan,,2026-05-26T01:54:17.565639+00:00
4437,"Beef, shoulder steak, boneless, separable lean and fat, trimmed to 0"" fat, all grades, cooked, grilled",non_vegan,,2026-05-26T01:54:29.672547+00:00
4438,"Beef, shoulder steak, boneless, separable lean and fat, trimmed to 0"" fat, choice, cooked, grilled",non_vegan,,2026-05-26T01:54:29.672755+00:00
4439,"Beef, shoulder steak, boneless, separable lean and fat, trimmed to 0"" fat, select, cooked, grilled",non_vegan,,2026-05-26T01:54:29.672841+00:00
4440,"Beef, shoulder steak, boneless, separable lean only, trimmed to 0"" fat, all grades, cooked, grilled",non_vegan,,2026-05-26T01:54:29.672948+00:00
4441,"Beef, shoulder steak, boneless, separable lean only, trimmed to 0"" fat, choice, cooked, grilled",non_vegan,,2026-05-26T01:54:29.673140+00:00
4442,"Beef, shoulder steak, boneless, separable lean only, trimmed to 0"" fat, select, cooked, grilled",non_vegan,,2026-05-26T01:54:29.673366+00:00
4443,"Beef, shoulder top blade steak, boneless, separable lean and fat, trimmed to 0"" fat, all grades, cooked, grilled",non_vegan,,2026-05-26T01:54:29.673526+00:00
4444,"Beef, shoulder top blade steak, boneless, separable lean and fat, trimmed to 0"" fat, all grades, raw",non_vegan,,2026-05-26T01:54:29.673666+00:00
4445,"Beef, shoulder top blade steak, boneless, separable lean and fat, trimmed to 0"" fat, choice, cooked, grilled",non_vegan,,2026-05-26T01:54:29.673809+00:00
4446,"Beef, shoulder top blade steak, boneless, separable lean and fat, trimmed to 0"" fat, choice, raw",non_vegan,,2026-05-26T01:54:29.673947+00:00
4447,"Beef, shoulder top blade steak, boneless, separable lean and fat, trimmed to 0"" fat, select, cooked, grilled",non_vegan,,2026-05-26T01:54:29.674087+00:00
4448,"Beef, shoulder top blade steak, boneless, separable lean and fat, trimmed to 0"" fat, select, raw",non_vegan,,2026-05-26T01:54:29.674233+00:00
4449,"Beef, shoulder top blade steak, boneless, separable lean only, trimmed to 0"" fat, all grades, cooked, grilled",non_vegan,,2026-05-26T01:54:29.674406+00:00
4450,"Beef, shoulder top blade steak, boneless, separable lean only, trimmed to 0"" fat, all grades, raw",non_vegan,,2026-05-26T01:54:29.674560+00:00
4451,"Beef, shoulder top blade steak, boneless, separable lean only, trimmed to 0"" fat, choice, cooked, grilled",non_vegan,,2026-05-26T01:54:29.674721+00:00
4452,"Beef, shoulder top blade steak, boneless, separable lean only, trimmed to 0"" fat, choice, raw",non_vegan,,2026-05-26T01:54:29.674856+00:00
4453,"Beef, shoulder top blade steak, boneless, separable lean only, trimmed to 0"" fat, select, cooked, grilled",non_vegan,,2026-05-26T01:54:29.681352+00:00
4454,"Beef, shoulder top blade steak, boneless, separable lean only, trimmed to 0"" fat, select, raw",non_vegan,,2026-05-26T01:54:29.681537+00:00
4455,"Beef, tenderloin, roast, separable lean and fat, trimmed to 1/8"" fat, all grades, cooked, roasted",non_vegan,,2026-05-26T01:54:29.681682+00:00
4456,"Beef, tenderloin, roast, separable lean and fat, trimmed to 1/8"" fat, choice, cooked, roasted",non_vegan,,2026-05-26T01:54:29.681802+00:00
4457,"Beef, tenderloin, roast, separable lean and fat, trimmed to 1/8"" fat, prime, cooked, roasted",non_vegan,,2026-05-26T01:54:29.681904+00:00
4458,"Beef, tenderloin, roast, separable lean and fat, trimmed to 1/8"" fat, select, cooked, roasted",non_vegan,,2026-05-26T01:54:29.682018+00:00
4459,"Beef, tenderloin, steak, separable lean and fat, trimmed to 1/8"" fat, all grades, cooked, broiled",non_vegan,,2026-05-26T01:54:29.682122+00:00
4460,"Beef, tenderloin, steak, separable lean and fat, trimmed to 1/8"" fat, all grades, raw",non_vegan,,2026-05-26T01:54:29.682235+00:00
4461,"Beef, tenderloin, steak, separable lean and fat, trimmed to 1/8"" fat, choice, raw",non_vegan,,2026-05-26T01:54:29.683152+00:00
4462,"Beef, tenderloin, steak, separable lean and fat, trimmed to 1/8"" fat, select, cooked, broiled",non_vegan,,2026-05-26T01:54:29.683328+00:00
4463,"Beef, tenderloin, steak, separable lean and fat, trimmed to 1/8"" fat, select, raw",non_vegan,,2026-05-26T01:54:29.683478+00:00
4464,"Beef, tenderloin, steak, separable lean only, trimmed to 1/8"" fat, all grades, cooked, broiled",non_vegan,,2026-05-26T01:54:29.683611+00:00
4465,"Beef, tenderloin, steak, separable lean only, trimmed to 1/8"" fat, choice, cooked, broiled",non_vegan,,2026-05-26T01:54:29.683735+00:00
4466,"Beef, tenderloin, steak, separable lean only, trimmed to 1/8"" fat, choice, raw",non_vegan,,2026-05-26T01:54:29.683858+00:00
4467,"Beef, tenderloin, steak, separable lean only, trimmed to 1/8"" fat, select, cooked, broiled",non_vegan,,2026-05-26T01:54:29.683986+00:00
4468,"Beef, tenderloin, steak, separable lean only, trimmed to 1/8"" fat, select, raw",non_vegan,,2026-05-26T01:54:29.684124+00:00
4469,"Beef, top loin filet, boneless, separable lean and fat, trimmed to 1/8"" fat, all grades, cooked, grilled",non_vegan,,2026-05-26T01:54:29.684320+00:00
4470,"Beef, top loin filet, boneless, separable lean and fat, trimmed to 1/8"" fat, choice, cooked, grilled",non_vegan,,2026-05-26T01:54:29.684458+00:00
4471,"Beef, top loin filet, boneless, separable lean and fat, trimmed to 1/8"" fat, select, cooked, grilled",non_vegan,,2026-05-26T01:54:29.684601+00:00
4472,"Beef, top loin filet, boneless, separable lean only, trimmed to 1/8"" fat, all grades, cooked, grilled",non_vegan,,2026-05-26T01:54:29.684727+00:00
4473,"Beef, top loin filet, boneless, separable lean only, trimmed to 1/8"" fat, choice, cooked, grilled",non_vegan,,2026-05-26T01:54:29.684862+00:00
4474,"Beef, top loin filet, boneless, separable lean only, trimmed to 1/8"" fat, select, cooked, grilled",non_vegan,,2026-05-26T01:54:29.684990+00:00
4475,"Beef, top loin petite roast, boneless, separable lean and fat, trimmed to 1/8"" fat, choice, cooked, roasted",non_vegan,,2026-05-26T01:54:29.685107+00:00
4476,"Beef, top loin petite roast, boneless, separable lean only, trimmed to 1/8"" fat, select, cooked, roasted",non_vegan,,2026-05-26T01:54:29.685237+00:00
4477,"Beef, top loin petite roast/filet, boneless, separable lean and fat, trimmed to 1/8"" fat, choice, raw",non_vegan,,2026-05-26T01:54:29.685372+00:00
4478,"Beef, top loin petite roast/filet, boneless, separable lean and fat, trimmed to 1/8"" fat, select, raw",non_vegan,,2026-05-26T01:54:29.685495+00:00
4479,"Beef, top loin petite roast/filet, boneless, separable lean only, trimmed to 1/8"" fat, all grades, raw",non_vegan,,2026-05-26T01:54:29.685653+00:00
4480,"Beef, top loin petite roast, boneless, separable lean and fat, trimmed to 1/8"" fat, all grades, cooked, roasted",non_vegan,,2026-05-26T01:54:29.685800+00:00
4481,"Beef, top loin petite roast, boneless, separable lean and fat, trimmed to 1/8"" fat, select, cooked, roasted",non_vegan,,2026-05-26T01:54:29.685914+00:00
4482,"Beef, top loin petite roast, boneless, separable lean only, trimmed to 1/8"" fat, all grades, cooked, roasted",non_vegan,,2026-05-26T01:54:29.686025+00:00
4483,"Beef, top loin petite roast, boneless, separable lean only, trimmed to 1/8"" fat, choice, cooked, roasted",non_vegan,,2026-05-26T01:54:29.686130+00:00
4484,"Beef, top loin petite roast/filet, boneless, separable lean and fat, trimmed to 1/8"" fat, all grades, raw",non_vegan,,2026-05-26T01:54:29.686249+00:00
4485,"Beef, top loin petite roast/filet, boneless, separable lean only, trimmed to 1/8"" fat, choice, raw",non_vegan,,2026-05-26T01:54:29.686401+00:00
4486,"Beef, top loin petite roast/filet, boneless, separable lean only, trimmed to 1/8"" fat, select, raw",non_vegan,,2026-05-26T01:54:29.686529+00:00
4487,"Beef, ribeye cap steak, boneless, separable lean only, trimmed to 0"" fat, select, raw",non_vegan,,2026-05-26T01:54:33.530043+00:00
4488,"Beef, ribeye filet, boneless, separable lean only, trimmed to 0"" fat, all grades, cooked, grilled",non_vegan,,2026-05-26T01:54:33.530315+00:00
4489,"Beef, ribeye filet, boneless, separable lean only, trimmed to 0"" fat, choice, cooked, grilled",non_vegan,,2026-05-26T01:54:33.530442+00:00
4490,"Beef, ribeye filet, boneless, separable lean only, trimmed to 0"" fat, select, cooked, grilled",non_vegan,,2026-05-26T01:54:33.530560+00:00
4491,"Beef, ribeye petite roast, boneless, separable lean only, trimmed to 0"" fat, all grades, cooked, roasted",non_vegan,,2026-05-26T01:54:33.530657+00:00
4492,"Beef, ribeye petite roast, boneless, separable lean only, trimmed to 0"" fat, choice, cooked, roasted",non_vegan,,2026-05-26T01:54:33.530748+00:00
4493,"Beef, ribeye petite roast, boneless, separable lean only, trimmed to 0"" fat, select, cooked, roasted",non_vegan,,2026-05-26T01:54:33.530838+00:00
4494,"Beef, ribeye, steak, boneless, choice, raw",non_vegan,,2026-05-26T01:54:33.530928+00:00
4495,"Beef, round, bottom round , roast, separable lean only, trimmed to 1/8"" fat, select, cooked, roasted",non_vegan,,2026-05-26T01:54:33.531022+00:00
4496,"Beef, round, bottom round roast, separable lean only, trimmed to 0"" fat, select, cooked, roasted",non_vegan,,2026-05-26T01:54:33.531116+00:00
4497,"Beef, round, bottom round, roast, separable lean and fat, trimmed to 0"" fat, all grades, cooked, roasted",non_vegan,,2026-05-26T01:54:33.531205+00:00
4498,"Beef, round, bottom round, roast, separable lean and fat, trimmed to 0"" fat, choice, cooked, roasted",non_vegan,,2026-05-26T01:54:33.531325+00:00
4499,"Frostings, vanilla, creamy, dry mix",non_vegan,,2026-05-26T01:54:33.531419+00:00
4500,"Frostings, white, fluffy, dry mix",non_vegan,,2026-05-26T01:54:33.531517+00:00
4501,"Candies, MARS SNACKFOOD US, DOVE Milk Chocolate",non_vegan,,2026-05-26T01:54:33.531628+00:00
4502,"Candies, MARS SNACKFOOD US, DOVE Dark Chocolate",non_vegan,,2026-05-26T01:54:33.531724+00:00
4503,"Candies, MARS SNACKFOOD US, MILKY WAY Caramels, milk chocolate covered",non_vegan,,2026-05-26T01:54:33.531815+00:00
4504,"Candies, MARS SNACKFOOD US, MILKY WAY Caramels. dark chocolate covered",non_vegan,,2026-05-26T01:54:33.531905+00:00
4505,"Snacks, GENERAL MILLS, BETTY CROCKER Fruit Roll Ups, berry flavored, with vitamin C",non_vegan,,2026-05-26T01:54:33.531992+00:00
4506,"Ice creams, chocolate",non_vegan,,2026-05-26T01:54:33.532080+00:00
4507,"Ice creams, strawberry",non_vegan,,2026-05-26T01:54:33.532168+00:00
4508,"Snacks, FARLEY CANDY, FARLEY Fruit Snacks, with vitamins A, C, and E",non_vegan,,2026-05-26T01:54:33.532251+00:00
4509,"Beef, round, bottom round, roast, separable lean only, trimmed to 1/8"" fat, select, raw",non_vegan,,2026-05-26T01:54:33.532371+00:00
4510,"Beef, round, bottom round, steak, separable lean and fat, trimmed to 0"" fat, all grades, cooked, braised",non_vegan,,2026-05-26T01:54:33.532463+00:00
4511,"Beef, round, bottom round, steak, separable lean and fat, trimmed to 0"" fat, choice, cooked, braised",non_vegan,,2026-05-26T01:54:33.532553+00:00
4512,"Beef, round, bottom round, steak, separable lean and fat, trimmed to 0"" fat, select, cooked, braised",non_vegan,,2026-05-26T01:54:33.532645+00:00
4513,"Beef, round, bottom round, steak, separable lean and fat, trimmed to 1/8"" fat, all grades, cooked, braised",non_vegan,,2026-05-26T01:54:33.532731+00:00
4514,"Beef, round, bottom round, steak, separable lean and fat, trimmed to 1/8"" fat, all grades, raw",non_vegan,,2026-05-26T01:54:33.532817+00:00
4515,"Beef, round, bottom round, steak, separable lean and fat, trimmed to 1/8"" fat, choice, cooked, braised",non_vegan,,2026-05-26T01:54:33.532902+00:00
4516,"Beef, round, bottom round, steak, separable lean and fat, trimmed to 1/8"" fat, choice, raw",non_vegan,,2026-05-26T01:54:33.533030+00:00
4517,"Beef, round, bottom round, steak, separable lean and fat, trimmed to 1/8"" fat, select, cooked, braised",non_vegan,,2026-05-26T01:54:33.533117+00:00
4518,"Beef, round, bottom round, steak, separable lean and fat, trimmed to 1/8"" fat, select, raw",non_vegan,,2026-05-26T01:54:33.533218+00:00
4519,"Beef, round, bottom round, steak, separable lean only, trimmed to 0"" fat, all grades, cooked, braised",non_vegan,,2026-05-26T01:54:33.533387+00:00
4520,"Beef, round, bottom round, steak, separable lean only, trimmed to 0"" fat, choice, cooked, braised",non_vegan,,2026-05-26T01:54:33.533535+00:00
4521,"Beef, round, bottom round, steak, separable lean only, trimmed to 0"" fat, select, cooked, braised",non_vegan,,2026-05-26T01:54:33.533665+00:00
4522,"Beef, round, bottom round, steak, separable lean only, trimmed to 1/8"" fat, all grades, cooked, braised",non_vegan,,2026-05-26T01:54:33.533798+00:00
4523,"Beef, round, bottom round, steak, separable lean only, trimmed to 1/8"" fat, choice, cooked, braised",non_vegan,,2026-05-26T01:54:33.533927+00:00
4524,"Beef, round, bottom round, steak, separable lean only, trimmed to 1/8"" fat, select, cooked, braised",non_vegan,,2026-05-26T01:54:33.534054+00:00
4525,"Beef, round, eye of round roast, boneless, separable lean and fat, trimmed to 0"" fat, all grades, cooked, roasted",non_vegan,,2026-05-26T01:54:33.534180+00:00
4526,"Beef, round, eye of round roast, boneless, separable lean and fat, trimmed to 0"" fat, all grades, raw",non_vegan,,2026-05-26T01:54:33.534329+00:00
4527,"Beef, round, eye of round roast, boneless, separable lean and fat, trimmed to 0"" fat, choice, cooked, roasted",non_vegan,,2026-05-26T01:54:33.534485+00:00
4528,"Beef, round, eye of round roast, boneless, separable lean and fat, trimmed to 0"" fat, choice, raw",non_vegan,,2026-05-26T01:54:33.534629+00:00
4529,"Beef, round, eye of round roast, boneless, separable lean and fat, trimmed to 0"" fat, select, cooked, roasted",non_vegan,,2026-05-26T01:54:33.534807+00:00
4530,"Beef, round, eye of round roast, boneless, separable lean and fat, trimmed to 0"" fat, select, raw",non_vegan,,2026-05-26T01:54:33.534961+00:00
4531,"Beef, round, eye of round roast, boneless, separable lean only, trimmed to 0"" fat, all grades, cooked, roasted",non_vegan,,2026-05-26T01:54:33.535096+00:00
4532,"Beef, round, eye of round roast, boneless, separable lean only, trimmed to 0"" fat, all grades, raw",non_vegan,,2026-05-26T01:54:33.535229+00:00
4533,"Beef, round, eye of round roast, boneless, separable lean only, trimmed to 0"" fat, choice, cooked, roasted",non_vegan,,2026-05-26T01:54:33.535402+00:00
4534,"Beef, round, eye of round roast, boneless, separable lean only, trimmed to 0"" fat, choice, raw",non_vegan,,2026-05-26T01:54:33.535538+00:00
4535,"Beef, round, eye of round roast, boneless, separable lean only, trimmed to 0"" fat, select, cooked, roasted",non_vegan,,2026-05-26T01:54:33.535706+00:00
4536,"Beef, round, eye of round steak, boneless separable lean and fat, trimmed to 0"" fat, choice, raw",non_vegan,,2026-05-26T01:54:33.535834+00:00
4537,"Beef, top sirloin steak, raw",non_vegan,,2026-05-26T01:54:34.230034+00:00
4538,"Beef, top sirloin, steak, separable lean and fat, trimmed to 0"" fat, all grades, cooked, broiled",non_vegan,,2026-05-26T01:54:34.230380+00:00
4539,"Beef, top sirloin, steak, separable lean and fat, trimmed to 0"" fat, choice, cooked, broiled",non_vegan,,2026-05-26T01:54:34.230635+00:00
4540,"Beef, top sirloin, steak, separable lean and fat, trimmed to 0"" fat, select, cooked, broiled",non_vegan,,2026-05-26T01:54:34.231463+00:00
4541,"Beef, top sirloin, steak, separable lean and fat, trimmed to 1/8"" fat, all grades, cooked, broiled",non_vegan,,2026-05-26T01:54:34.231654+00:00
4542,"Beef, top sirloin, steak, separable lean and fat, trimmed to 1/8"" fat, all grades, raw",non_vegan,,2026-05-26T01:54:34.231828+00:00
4543,"Beef, top sirloin, steak, separable lean and fat, trimmed to 1/8"" fat, choice, cooked, broiled",non_vegan,,2026-05-26T01:54:34.231945+00:00
4544,"Beef, top sirloin, steak, separable lean and fat, trimmed to 1/8"" fat, choice, cooked, pan-fried",non_vegan,,2026-05-26T01:54:34.232060+00:00
4545,"Beef, top sirloin, steak, separable lean and fat, trimmed to 1/8"" fat, choice, raw",non_vegan,,2026-05-26T01:54:34.232178+00:00
4546,"Beef, top sirloin, steak, separable lean and fat, trimmed to 1/8"" fat, select, cooked, broiled",non_vegan,,2026-05-26T01:54:34.232998+00:00
4547,"Beef, top sirloin, steak, separable lean and fat, trimmed to 1/8"" fat, select, raw",non_vegan,,2026-05-26T01:54:34.233175+00:00
4548,"Beef, top sirloin, steak, separable lean only, trimmed to 0"" fat, all grades, cooked, broiled",non_vegan,,2026-05-26T01:54:34.233335+00:00
4549,"Beef, top sirloin, steak, separable lean only, trimmed to 0"" fat, choice, cooked, broiled",non_vegan,,2026-05-26T01:54:34.233458+00:00
4550,"Beef, top sirloin, steak, separable lean only, trimmed to 0"" fat, select, cooked, broiled",non_vegan,,2026-05-26T01:54:34.233586+00:00
4551,"Beef, top sirloin, steak, separable lean only, trimmed to 1/8"" fat, all grades, cooked, broiled",non_vegan,,2026-05-26T01:54:34.233683+00:00
4552,"Beef, top sirloin, steak, separable lean only, trimmed to 1/8"" fat, all grades, raw",non_vegan,,2026-05-26T01:54:34.234041+00:00
4553,"Beef, top sirloin, steak, separable lean only, trimmed to 1/8"" fat, choice, cooked, broiled",non_vegan,,2026-05-26T01:54:34.234190+00:00
4554,"Beef, top sirloin, steak, separable lean only, trimmed to 1/8"" fat, choice, raw",non_vegan,,2026-05-26T01:54:34.234359+00:00
4555,"Beef, top sirloin, steak, separable lean only, trimmed to 1/8"" fat, select, cooked, broiled",non_vegan,,2026-05-26T01:54:34.240478+00:00
4556,"Beef, top sirloin, steak, separable lean only, trimmed to 1/8"" fat, select, raw",non_vegan,,2026-05-26T01:54:34.240683+00:00
4557,"Beef, variety meats and by-products, brain, cooked, pan-fried",non_vegan,,2026-05-26T01:54:34.240811+00:00
4558,"Beef, variety meats and by-products, brain, cooked, simmered",non_vegan,,2026-05-26T01:54:34.240918+00:00
4559,"Beef, variety meats and by-products, brain, raw",non_vegan,,2026-05-26T01:54:34.241050+00:00
4560,"Beef, variety meats and by-products, heart, cooked, simmered",non_vegan,,2026-05-26T01:54:34.241188+00:00
4561,"Beef, variety meats and by-products, heart, raw",non_vegan,,2026-05-26T01:54:34.241359+00:00
4562,"Beef, variety meats and by-products, kidneys, cooked, simmered",non_vegan,,2026-05-26T01:54:34.241500+00:00
4563,"Beef, variety meats and by-products, kidneys, raw",non_vegan,,2026-05-26T01:54:34.241630+00:00
4564,"Beef, variety meats and by-products, liver, cooked, braised",non_vegan,,2026-05-26T01:54:34.241759+00:00
4565,"Beef, variety meats and by-products, liver, cooked, pan-fried",non_vegan,,2026-05-26T01:54:34.247527+00:00
4566,"Beef, variety meats and by-products, liver, raw",non_vegan,,2026-05-26T01:54:34.247783+00:00
4567,"Beef, variety meats and by-products, lungs, cooked, braised",non_vegan,,2026-05-26T01:54:34.247920+00:00
4568,"Beef, variety meats and by-products, lungs, raw",non_vegan,,2026-05-26T01:54:34.248040+00:00
4569,"Beef, variety meats and by-products, mechanically separated beef, raw",non_vegan,,2026-05-26T01:54:34.248160+00:00
4570,"Beef, variety meats and by-products, pancreas, cooked, braised",non_vegan,,2026-05-26T01:54:34.248297+00:00
4571,"Beef, variety meats and by-products, pancreas, raw",non_vegan,,2026-05-26T01:54:34.248421+00:00
4572,"Beef, variety meats and by-products, spleen, cooked, braised",non_vegan,,2026-05-26T01:54:34.248548+00:00
4573,"Beef, variety meats and by-products, spleen, raw",non_vegan,,2026-05-26T01:54:34.248664+00:00
4574,"Beef, variety meats and by-products, suet, raw",non_vegan,,2026-05-26T01:54:34.248799+00:00
4575,"Beef, variety meats and by-products, thymus, cooked, braised",non_vegan,,2026-05-26T01:54:34.248917+00:00
4576,"Beef, variety meats and by-products, thymus, raw",non_vegan,,2026-05-26T01:54:34.249076+00:00
4577,"Beef, variety meats and by-products, tongue, cooked, simmered",non_vegan,,2026-05-26T01:54:34.249206+00:00
4578,"Beef, variety meats and by-products, tongue, raw",non_vegan,,2026-05-26T01:54:34.249366+00:00
4579,"Beef, variety meats and by-products, tripe, raw",non_vegan,,2026-05-26T01:54:34.249489+00:00
4580,"Beef, tenderloin steak, raw",non_vegan,,2026-05-26T01:54:34.249611+00:00
4581,"Beerwurst, beer salami, pork",non_vegan,,2026-05-26T01:54:34.249756+00:00
4582,"Beerwurst, beer salami, pork and beef",non_vegan,,2026-05-26T01:54:34.249871+00:00
4583,"Beet greens, cooked, boiled, drained, with salt",vegan,,2026-05-26T01:54:34.249993+00:00
4584,"Beet greens, cooked, boiled, drained, without salt",vegan,,2026-05-26T01:54:34.250114+00:00
4585,"Beet greens, raw",vegan,,2026-05-26T01:54:34.250224+00:00
4586,"Beets, canned, drained solids",vegan,,2026-05-26T01:54:34.250388+00:00
4587,"Beets, canned, no salt added, solids and liquids",vegan,,2026-05-26T01:55:08.583834+00:00
4588,"Beets, canned, regular pack, solids and liquids",vegan,,2026-05-26T01:55:08.584145+00:00
4589,"Beets, cooked, boiled, drained",vegan,,2026-05-26T01:55:08.584334+00:00
4590,"Beets, cooked, boiled. drained, with salt",vegan,,2026-05-26T01:55:08.584463+00:00
4591,"Beets, harvard, canned, solids and liquids",vegan,,2026-05-26T01:55:08.584573+00:00
4592,"Beets, pickled, canned, solids and liquids",vegan,,2026-05-26T01:55:08.584677+00:00
4593,"Beets, raw",vegan,,2026-05-26T01:55:08.584779+00:00
4594,"Beverage, instant breakfast powder, chocolate, not reconstituted",non_vegan,,2026-05-26T01:55:08.584885+00:00
4595,"Beverage, instant breakfast powder, chocolate, sugar-free, not reconstituted",non_vegan,,2026-05-26T01:55:08.584994+00:00
4596,"Beverages,  Energy drink, Citrus",ambiguous,,2026-05-26T01:55:08.585103+00:00
4597,"Beverages, ABBOTT, EAS soy protein powder",vegan,,2026-05-26T01:55:08.585203+00:00
4598,"Beverages, ABBOTT, EAS whey protein powder",non_vegan,,2026-05-26T01:55:08.585341+00:00
4599,"Beverages, ABBOTT, ENSURE PLUS, ready-to-drink",non_vegan,,2026-05-26T01:55:08.585477+00:00
4600,"Beverages, Acai berry drink, fortified",ambiguous,,2026-05-26T01:55:08.585595+00:00
4601,"Beverages, almond milk, chocolate, ready-to-drink",vegan,,2026-05-26T01:55:08.585700+00:00
4602,"Beverages, almond milk, sweetened, vanilla flavor, ready-to-drink",vegan,,2026-05-26T01:55:08.585821+00:00
4603,"Beverages, almond milk, unsweetened, shelf stable",vegan,,2026-05-26T01:55:08.585927+00:00
4604,"Beverages, aloe vera juice drink, fortified with Vitamin C",vegan,,2026-05-26T01:55:08.586025+00:00
4605,"Beverages, AMBER, hard cider",vegan,,2026-05-26T01:55:08.586126+00:00
4606,"Beverages, Apple juice drink, light, fortified with vitamin C",vegan,,2026-05-26T01:55:08.586240+00:00
4607,"Beverages, ARIZONA, tea, ready-to-drink, lemon",vegan,,2026-05-26T01:55:08.586405+00:00
4608,"Beverages, carbonated, club soda",vegan,,2026-05-26T01:55:08.586513+00:00
4609,"Beverages, carbonated, cola, fast-food cola",vegan,,2026-05-26T01:55:08.586639+00:00
4610,"Beverages, carbonated, cola, regular",vegan,,2026-05-26T01:55:08.586736+00:00
4611,"Beverages, carbonated, cola, without caffeine",vegan,,2026-05-26T01:55:08.586839+00:00
4612,"Beverages, carbonated, ginger ale",vegan,,2026-05-26T01:55:08.586937+00:00
4613,"Beverages, carbonated, grape soda",vegan,,2026-05-26T01:55:08.587035+00:00
4614,"Beverages, carbonated, lemon-lime soda, no caffeine",vegan,,2026-05-26T01:55:08.587135+00:00
4615,"Beverages, carbonated, limeade, high caffeine",vegan,,2026-05-26T01:55:08.587295+00:00
4616,"Beverages, carbonated, low calorie, cola or pepper-type, with aspartame, contains caffeine",vegan,,2026-05-26T01:55:08.587409+00:00
4617,"Beverages, carbonated, low calorie, cola or pepper-type, with aspartame, without caffeine",vegan,,2026-05-26T01:55:08.587517+00:00
4618,"Beverages, carbonated, low calorie, cola or pepper-types, with sodium saccharin, contains caffeine",vegan,,2026-05-26T01:55:08.587616+00:00
4619,"Beverages, carbonated, low calorie, other than cola or pepper,  without caffeine",vegan,,2026-05-26T01:55:08.587730+00:00
4620,"Beverages, carbonated, low calorie, other than cola or pepper, with aspartame, contains caffeine",vegan,,2026-05-26T01:55:08.587854+00:00
4621,"Beverages, carbonated, orange",vegan,,2026-05-26T01:55:08.587999+00:00
4622,"Beverages, carbonated, pepper-type, contains caffeine",vegan,,2026-05-26T01:55:08.588102+00:00
4623,"Beverages, carbonated, reduced sugar, cola, contains caffeine and sweeteners",vegan,,2026-05-26T01:55:08.588233+00:00
4624,"Beverages, carbonated, root beer",vegan,,2026-05-26T01:55:08.588370+00:00
4625,"Beverages, carbonated, SPRITE, lemon-lime, without caffeine",vegan,,2026-05-26T01:55:08.588602+00:00
4626,"Beverages, carbonated, tonic water",vegan,,2026-05-26T01:55:08.588746+00:00
4627,"Beverages, Carob-flavor beverage mix, powder",vegan,,2026-05-26T01:55:08.588887+00:00
4628,"Beverages, Carob-flavor beverage mix, powder, prepared with whole milk",non_vegan,,2026-05-26T01:55:08.589019+00:00
4629,"Beverages, chocolate almond milk, unsweetened, shelf-stable, fortified with vitamin D2 and E",vegan,,2026-05-26T01:55:08.589178+00:00
4630,"Beverages, chocolate drink, milk and soy based, ready to drink, fortified",non_vegan,,2026-05-26T01:55:08.589466+00:00
4631,"Beverages, chocolate malt powder, prepared with 1% milk, fortified",non_vegan,,2026-05-26T01:55:08.589590+00:00
4632,"Beverages, chocolate malt, powder, prepared with fat free milk",non_vegan,,2026-05-26T01:55:08.589741+00:00
4633,"Beverages, chocolate powder, no sugar added",ambiguous,,2026-05-26T01:55:08.589860+00:00
4634,"Beverages, chocolate syrup",ambiguous,,2026-05-26T01:55:08.589987+00:00
4635,"Beverages, chocolate syrup, prepared with whole milk",non_vegan,,2026-05-26T01:55:08.590114+00:00
4636,"Beverages, chocolate-flavor beverage mix for milk, powder, with added nutrients",non_vegan,,2026-05-26T01:55:08.590232+00:00
4637,"Beverages, chocolate-flavor beverage mix for milk, powder, with added nutrients, prepared with whole milk",non_vegan,,2026-05-26T01:55:10.271604+00:00
4638,"Beverages, chocolate-flavor beverage mix, powder, prepared with whole milk",non_vegan,,2026-05-26T01:55:10.271861+00:00
4639,"Beverages, citrus fruit juice drink, frozen concentrate",vegan,,2026-05-26T01:55:10.272077+00:00
4640,"Beverages, citrus fruit juice drink, frozen concentrate, prepared with water",vegan,,2026-05-26T01:55:10.272236+00:00
4641,"Beverages, COCA-COLA, POWERADE, lemon-lime flavored, ready-to-drink",vegan,,2026-05-26T01:55:10.275496+00:00
4642,"Beverages, Cocoa mix, NESTLE, Hot Cocoa Mix Rich Chocolate With Marshmallows",non_vegan,,2026-05-26T01:55:10.275739+00:00
4643,"Beverages, Cocoa mix, no sugar added, powder",vegan,,2026-05-26T01:55:10.275924+00:00
4644,"Beverages, Cocoa mix, powder, prepared with water",vegan,,2026-05-26T01:55:10.276034+00:00
4645,"Beverages, cocoa mix, with aspartame, powder, prepared with water",vegan,,2026-05-26T01:55:10.276148+00:00
4646,"Beverages, coconut milk, sweetened, fortified with calcium, vitamins A, B12, D2",vegan,,2026-05-26T01:55:10.276253+00:00
4647,"Beverages, Coconut water, ready-to-drink, unsweetened",vegan,,2026-05-26T01:55:10.276419+00:00
4648,"Beverages, coffee and cocoa, instant, decaffeinated, with whitener and low calorie sweetener",ambiguous,,2026-05-26T01:55:10.276574+00:00
4649,"Beverages, coffee substitute, cereal grain beverage, powder",vegan,,2026-05-26T01:55:10.276711+00:00
4650,"Beverages, coffee substitute, cereal grain beverage, powder, prepared with whole milk",non_vegan,,2026-05-26T01:55:10.276847+00:00
4651,"Beverages, coffee substitute, cereal grain beverage, prepared with water",vegan,,2026-05-26T01:55:10.276984+00:00
4652,"Beverages, coffee, brewed, breakfast blend",vegan,,2026-05-26T01:55:10.277120+00:00
4653,"Beverages, coffee, brewed, espresso, restaurant-prepared",vegan,,2026-05-26T01:55:10.277264+00:00
4654,"Beverages, coffee, brewed, espresso, restaurant-prepared, decaffeinated",vegan,,2026-05-26T01:55:10.277446+00:00
4655,"Beef, loin, top loin steak, boneless, lip off, separable lean and fat, trimmed to 0"" fat, all grades, cooked, grilled",non_vegan,,2026-05-26T01:55:10.277592+00:00
4656,"Beef, loin, top loin steak, boneless, lip off, separable lean and fat, trimmed to 0"" fat, choice, raw",non_vegan,,2026-05-26T01:55:10.277734+00:00
4657,"Beef, loin, top loin steak, boneless, lip off, separable lean and fat, trimmed to 0"" fat, select, cooked, grilled",non_vegan,,2026-05-26T01:55:10.277878+00:00
4658,"Beverages, coffee, instant, with chicory",vegan,,2026-05-26T01:55:10.277994+00:00
4659,"Beverages, coffee, instant, with whitener, reduced calorie",ambiguous,,2026-05-26T01:55:10.278097+00:00
4660,"Beverages, coffee, ready to drink, iced, mocha, milk based",non_vegan,,2026-05-26T01:55:10.278220+00:00
4661,"Beverages, coffee, ready to drink, milk based, sweetened",non_vegan,,2026-05-26T01:55:10.279229+00:00
4662,"Beverages, coffee, ready to drink, vanilla, light, milk based, sweetened",non_vegan,,2026-05-26T01:55:10.279407+00:00
4663,"Beverages, Cranberry juice cocktail",vegan,,2026-05-26T01:55:10.279555+00:00
4664,"Beverages, cranberry-apple juice drink, bottled",vegan,,2026-05-26T01:55:10.279695+00:00
4665,"Beverages, cranberry-apple juice drink, low calorie, with vitamin C added",vegan,,2026-05-26T01:55:10.279834+00:00
4666,"Beverages, cranberry-apricot juice drink, bottled",vegan,,2026-05-26T01:55:10.280015+00:00
4667,"Beverages, cranberry-grape juice drink, bottled",vegan,,2026-05-26T01:55:10.280151+00:00
4668,"Beverages, CYTOSPORT, Muscle Milk, ready-to-drink",non_vegan,,2026-05-26T01:55:10.280316+00:00
4669,"Beverages, dairy drink mix, chocolate, reduced calorie, with aspartame, powder, prepared with water and ice",non_vegan,,2026-05-26T01:55:10.281071+00:00
4670,"Beverages, Dairy drink mix, chocolate, reduced calorie, with low-calorie sweeteners, powder",non_vegan,,2026-05-26T01:55:10.281221+00:00
4671,"Beverages, DANNON, water, bottled, non-carbonated, with Fluoride",vegan,,2026-05-26T01:55:10.281673+00:00
4672,"Beverages, drink mix, QUAKER OATS, GATORADE, orange flavor, powder",vegan,,2026-05-26T01:55:10.281816+00:00
4673,"Beverages, Eggnog-flavor mix, powder, prepared with whole milk",non_vegan,,2026-05-26T01:55:10.282051+00:00
4674,"Beverages, Energy Drink with carbonated water and high fructose corn syrup",vegan,,2026-05-26T01:55:10.282202+00:00
4675,"Beverages, Energy drink, AMP",vegan,,2026-05-26T01:55:10.282383+00:00
4676,"Beverages, Energy drink, AMP, sugar free",vegan,,2026-05-26T01:55:10.282523+00:00
4677,"Beverages, Energy drink, FULL THROTTLE",vegan,,2026-05-26T01:55:10.282662+00:00
4678,"Beverages, Energy Drink, Monster, fortified with vitamins C, B2, B3, B6, B12",vegan,,2026-05-26T01:55:10.282789+00:00
4679,"Beverages, Energy drink, RED BULL",vegan,,2026-05-26T01:55:10.282901+00:00
4680,"Beverages, Energy drink, RED BULL, sugar free, with added caffeine, niacin, pantothenic acid, vitamins B6 and B12",vegan,,2026-05-26T01:55:10.282995+00:00
4681,"Beverages, Energy drink, ROCKSTAR",vegan,,2026-05-26T01:55:10.283090+00:00
4682,"Beverages, Energy drink, ROCKSTAR, sugar free",vegan,,2026-05-26T01:55:10.283180+00:00
4683,"Beverages, Energy Drink, sugar free",vegan,,2026-05-26T01:55:10.283317+00:00
4684,"Beverages, Energy drink, VAULT Zero, sugar-free, citrus flavor",vegan,,2026-05-26T01:55:10.283438+00:00
4685,"Beverages, Energy drink, VAULT, citrus flavor",vegan,,2026-05-26T01:55:10.283551+00:00
4686,"Beverages, Fruit flavored drink containing less than 3% fruit juice, with high vitamin C",vegan,,2026-05-26T01:55:10.283673+00:00
4687,"Beverages, OCEAN SPRAY, Cran-Energy, Cranberry Energy Juice Drink",vegan,,2026-05-26T01:55:14.612122+00:00
4688,"Beverages, OCEAN SPRAY, Cranberry-Apple Juice Drink, bottled",vegan,,2026-05-26T01:55:14.615520+00:00
4689,"Beverages, OCEAN SPRAY, Diet Cran Cherry",vegan,,2026-05-26T01:55:14.621666+00:00
4690,"Beverages, OCEAN SPRAY, Diet Cranberry Juice",vegan,,2026-05-26T01:55:14.621833+00:00
4691,"Beverages, OCEAN SPRAY, Light Cranberry",vegan,,2026-05-26T01:55:14.621959+00:00
4692,"Beverages, OCEAN SPRAY, Light Cranberry and Raspberry Flavored Juice",vegan,,2026-05-26T01:55:14.622076+00:00
4693,"Beverages, OCEAN SPRAY, Light Cranberry, Concord Grape",vegan,,2026-05-26T01:55:14.622190+00:00
4694,"Beverages, OCEAN SPRAY, Ruby Red cranberry",vegan,,2026-05-26T01:55:14.635914+00:00
4695,"Beverages, OCEAN SPRAY, White Cranberry Peach",vegan,,2026-05-26T01:55:14.636191+00:00
4696,"Beverages, OCEAN SPRAY, White Cranberry Strawberry Flavored Juice Drink",vegan,,2026-05-26T01:55:14.639455+00:00
4697,"Beverages, orange and apricot juice drink, canned",vegan,,2026-05-26T01:55:14.639666+00:00
4698,"Beverages, orange breakfast drink, ready-to-drink, with added nutrients",ambiguous,,2026-05-26T01:55:14.639817+00:00
4699,"Beverages, Orange drink, breakfast type, with juice and pulp, frozen concentrate",ambiguous,,2026-05-26T01:55:14.639941+00:00
4700,"Beverages, Orange drink, breakfast type, with juice and pulp, frozen concentrate, prepared with water",vegan,,2026-05-26T01:55:14.640096+00:00
4701,"Beverages, orange drink, canned, with added vitamin C",vegan,,2026-05-26T01:55:14.640226+00:00
4702,"Beverages, Orange juice drink",vegan,,2026-05-26T01:55:14.641412+00:00
4703,"Beverages, Orange juice, light, No pulp",vegan,,2026-05-26T01:55:14.641576+00:00
4704,"Beverages, Orange-flavor drink, breakfast type, low calorie, powder",ambiguous,,2026-05-26T01:55:14.641701+00:00
4705,"Beverages, orange-flavor drink, breakfast type, powder",ambiguous,,2026-05-26T01:55:14.641818+00:00
4706,"Beverages, orange-flavor drink, breakfast type, powder, prepared with water",vegan,,2026-05-26T01:55:14.641931+00:00
4707,"Beverages, Orange-flavor drink, breakfast type, with pulp, frozen concentrate, prepared with water",vegan,,2026-05-26T01:55:14.642042+00:00
4708,"Beverages, Orange-flavor drink, breakfast type, with pulp, frozen concentrate.",ambiguous,,2026-05-26T01:55:14.642154+00:00
4709,"Beverages, OVALTINE, chocolate malt powder",non_vegan,,2026-05-26T01:55:14.642265+00:00
4710,"Beverages, OVALTINE, Classic Malt powder",non_vegan,,2026-05-26T01:55:14.642418+00:00
4711,"Beverages, PEPSICO QUAKER, Gatorade G2, low calorie",vegan,,2026-05-26T01:55:14.642528+00:00
4712,"Beverages, PEPSICO QUAKER, Gatorade, G performance O 2, ready-to-drink.",vegan,,2026-05-26T01:55:14.642635+00:00
4713,"Beverages, pineapple and grapefruit juice drink, canned",vegan,,2026-05-26T01:55:14.642741+00:00
4714,"Beverages, pineapple and orange juice drink, canned",vegan,,2026-05-26T01:55:14.642850+00:00
4715,"Beverages, Powerade Zero Ion4, calorie-free, assorted flavors",vegan,,2026-05-26T01:55:14.642956+00:00
4716,"Beverages, POWERADE, Zero, Mixed Berry",vegan,,2026-05-26T01:55:14.643062+00:00
4717,"Beverages, Propel Zero, fruit-flavored, non-carbonated",vegan,,2026-05-26T01:55:14.643171+00:00
4718,"Beverages, Protein powder soy based",vegan,,2026-05-26T01:55:14.643306+00:00
4719,"Beverages, Protein powder whey based",non_vegan,,2026-05-26T01:55:14.643385+00:00
4720,"Beverages, rice milk, unsweetened",vegan,,2026-05-26T01:55:14.643452+00:00
4721,"Beverages, rich chocolate, powder",ambiguous,,2026-05-26T01:55:14.643566+00:00
4722,"Beverages, shake, fast food, strawberry",non_vegan,,2026-05-26T01:55:14.643723+00:00
4723,"Beverages, SLIMFAST, Meal replacement,  High Protein Shake, Ready-To-Drink, 3-2-1 plan",non_vegan,,2026-05-26T01:55:14.643880+00:00
4724,"Beverages, SNAPPLE, tea, black and green, ready to drink, lemon, diet",vegan,,2026-05-26T01:55:14.644036+00:00
4725,"Beverages, SNAPPLE, tea, black and green, ready to drink, peach, diet",vegan,,2026-05-26T01:55:14.644216+00:00
4726,"Beverages, Strawberry-flavor beverage mix, powder, prepared with whole milk",non_vegan,,2026-05-26T01:55:14.644413+00:00
4727,"Beverages, tea, black, brewed, prepared with distilled water",vegan,,2026-05-26T01:55:14.644565+00:00
4728,"Beverages, tea, black, brewed, prepared with tap water",vegan,,2026-05-26T01:55:14.644743+00:00
4729,"Beverages, tea, black, brewed, prepared with tap water, decaffeinated",vegan,,2026-05-26T01:55:14.644909+00:00
4730,"Beverages, tea, black, ready to drink",vegan,,2026-05-26T01:55:14.645039+00:00
4731,"Beverages, tea, black, ready to drink, decaffeinated",vegan,,2026-05-26T01:55:14.645180+00:00
4732,"Beverages, tea, black, ready to drink, decaffeinated, diet",vegan,,2026-05-26T01:55:14.645379+00:00
4733,"Beverages, tea, black, ready-to-drink, lemon, diet",vegan,,2026-05-26T01:55:14.645536+00:00
4734,"Beverages, tea, black, ready-to-drink, lemon, sweetened",vegan,,2026-05-26T01:55:14.645683+00:00
4735,"Beverages, tea, black, ready-to-drink, peach, diet",vegan,,2026-05-26T01:55:14.645846+00:00
4736,"Beverages, tea, green, brewed, decaffeinated",vegan,,2026-05-26T01:55:14.646010+00:00
4737,"Beverages, V8 V-FUSION Juices, Peach Mango",vegan,,2026-05-26T01:55:45.935154+00:00
4738,"Beverages, V8 V-FUSION Juices, Strawberry Banana",vegan,,2026-05-26T01:55:45.941672+00:00
4739,"Beverages, V8 V-FUSION Juices, Tropical",vegan,,2026-05-26T01:55:45.941819+00:00
4740,"Beverages, vegetable and fruit juice blend, 100% juice, with added vitamins A, C, E",vegan,,2026-05-26T01:55:45.941950+00:00
4741,"Beverages, Vegetable and fruit juice drink, reduced calorie, with low-calorie sweetener, added vitamin C",vegan,,2026-05-26T01:55:45.942111+00:00
4742,"Beverages, Water with added vitamins and minerals, bottles, sweetened, assorted fruit flavors",vegan,,2026-05-26T01:55:45.942227+00:00
4743,"Beverages, water, bottled, non-carbonated, CALISTOGA",vegan,,2026-05-26T01:55:45.942550+00:00
4744,"Beverages, water, bottled, non-carbonated, CRYSTAL GEYSER",vegan,,2026-05-26T01:55:45.942646+00:00
4745,"Beverages, water, bottled, non-carbonated, DANNON",vegan,,2026-05-26T01:55:45.942714+00:00
4746,"Beverages, water, bottled, non-carbonated, EVIAN",vegan,,2026-05-26T01:55:45.942778+00:00
4747,"Beverages, water, bottled, non-carbonated, PEPSI, AQUAFINA",vegan,,2026-05-26T01:55:45.942842+00:00
4748,"Beverages, water, bottled, PERRIER",vegan,,2026-05-26T01:55:45.942943+00:00
4749,"Beverages, water, bottled, POLAND SPRING",vegan,,2026-05-26T01:55:45.943054+00:00
4750,"Beverages, water, bottled, yumberry, pomegranate with anti-oxidants, zero calories",vegan,,2026-05-26T01:55:45.943583+00:00
4751,"Beverages, water, tap, drinking",vegan,,2026-05-26T01:55:45.943707+00:00
4752,"Beverages, water, tap, municipal",vegan,,2026-05-26T01:55:45.943809+00:00
4753,"Beverages, water, tap, well",vegan,,2026-05-26T01:55:45.943915+00:00
4754,"Beverages, WENDY'S, tea, ready-to-drink, unsweetened",vegan,,2026-05-26T01:55:45.944042+00:00
4755,"Beverages, Whey protein powder isolate",non_vegan,,2026-05-26T01:55:45.944153+00:00
4756,"Beverages, Whiskey sour mix, bottled",vegan,,2026-05-26T01:55:45.944299+00:00
4757,"Beverages, Whiskey sour mix, powder",vegan,,2026-05-26T01:55:45.944446+00:00
4758,"Beverages, Wine, non-alcoholic",vegan,,2026-05-26T01:55:45.944561+00:00
4759,"Beverages, yellow green colored citrus soft drink with caffeine",vegan,,2026-05-26T01:55:45.944635+00:00
4760,"Beverages, ZEVIA, cola",vegan,,2026-05-26T01:55:45.944703+00:00
4761,"Beverages, ZEVIA, cola, caffeine free",vegan,,2026-05-26T01:55:45.945119+00:00
4762,"Biscuits, mixed grain, refrigerated dough",non_vegan,,2026-05-26T01:55:45.945262+00:00
4763,"Biscuits, plain or buttermilk, dry mix",non_vegan,,2026-05-26T01:55:45.945414+00:00
4764,"Biscuits, plain or buttermilk, dry mix, prepared",non_vegan,,2026-05-26T01:55:45.945482+00:00
4765,"Biscuits, plain or buttermilk, frozen, baked",non_vegan,,2026-05-26T01:55:45.945544+00:00
4766,"Biscuits, plain or buttermilk, prepared from recipe",non_vegan,,2026-05-26T01:55:45.945603+00:00
4767,"Biscuits, plain or buttermilk, refrigerated dough, higher fat",non_vegan,,2026-05-26T01:55:45.945663+00:00
4768,"Biscuits, plain or buttermilk, refrigerated dough, higher fat, baked",non_vegan,,2026-05-26T01:55:45.945723+00:00
4769,"Biscuits, plain or buttermilk, refrigerated dough, lower fat",non_vegan,,2026-05-26T01:55:45.945787+00:00
4770,"Biscuits, plain or buttermilk, refrigerated dough, lower fat, baked",non_vegan,,2026-05-26T01:55:45.945865+00:00
4771,"Bison, ground, grass-fed, cooked",non_vegan,,2026-05-26T01:55:45.945973+00:00
4772,"Bison, ground, grass-fed, raw",non_vegan,,2026-05-26T01:55:45.946078+00:00
4773,"Bison, ground, raw",non_vegan,,2026-05-26T01:55:45.946182+00:00
4774,"Blackberries, canned, heavy syrup, solids and liquids",vegan,,2026-05-26T01:55:45.946381+00:00
4775,"Blackberries, frozen, unsweetened",vegan,,2026-05-26T01:55:45.946476+00:00
4776,"Blackberries, raw",vegan,,2026-05-26T01:55:45.946540+00:00
4777,"Blackberries, wild, raw (Alaska Native)",vegan,,2026-05-26T01:55:45.946603+00:00
4778,"Blackberry juice, canned",vegan,,2026-05-26T01:55:45.946665+00:00
4779,"Blackeye pea, canned, sodium added, drained and rinsed",vegan,,2026-05-26T01:55:45.946769+00:00
4780,"Blackeye pea, dry",vegan,,2026-05-26T01:55:45.946874+00:00
4781,Blood sausage,non_vegan,,2026-05-26T01:55:45.946990+00:00
4782,"Blueberries, canned, heavy syrup, solids and liquids",vegan,,2026-05-26T01:55:45.947095+00:00
4783,"Blueberries, canned, light syrup, drained",vegan,,2026-05-26T01:55:45.947197+00:00
4784,"Blueberries, dried, sweetened",vegan,,2026-05-26T01:55:45.947318+00:00
4785,"Blueberries, frozen, sweetened",vegan,,2026-05-26T01:55:45.947391+00:00
4786,"Blueberries, frozen, unsweetened (Includes foods for USDA's Food Distribution Program)",vegan,,2026-05-26T01:55:45.947475+00:00
4787,"Beverages, Fruit flavored drink, less than 3% juice, not fortified with vitamin C",vegan,,2026-05-26T01:55:48.845636+00:00
4788,"Beverages, Fruit flavored drink, reduced sugar, greater than 3% fruit juice, high vitamin C, added calcium",vegan,,2026-05-26T01:55:48.845954+00:00
4789,"Beverages, fruit juice drink, greater than 3% fruit juice, high vitamin C and added thiamin",vegan,,2026-05-26T01:55:48.846103+00:00
4790,"Beverages, fruit juice drink, greater than 3% juice, high vitamin C",vegan,,2026-05-26T01:55:48.846238+00:00
4791,"Beverages, fruit juice drink, reduced sugar, with vitamin E added",vegan,,2026-05-26T01:55:48.846471+00:00
4792,"Beverages, Fruit punch drink, frozen concentrate",vegan,,2026-05-26T01:55:48.846596+00:00
4793,"Beverages, Fruit punch drink, frozen concentrate, prepared with water",vegan,,2026-05-26T01:55:48.846716+00:00
4794,"Beverages, Fruit punch drink, with added nutrients, canned",vegan,,2026-05-26T01:55:48.846832+00:00
4795,"Beverages, fruit punch drink, without added nutrients, canned",vegan,,2026-05-26T01:55:48.846956+00:00
4796,"Beverages, fruit punch juice drink, frozen concentrate",vegan,,2026-05-26T01:55:48.847073+00:00
4797,"Beverages, fruit punch juice drink, frozen concentrate, prepared with water",vegan,,2026-05-26T01:55:48.847178+00:00
4798,"Beverages, fruit punch-flavor drink, powder, without added sodium, prepared with water",vegan,,2026-05-26T01:55:48.847338+00:00
4799,"Beverages, fruit-flavored drink, dry powdered mix, low calorie, with aspartame",vegan,,2026-05-26T01:55:48.847487+00:00
4800,"Beverages, fruit-flavored drink, powder, with high vitamin C with other added vitamins, low calorie",vegan,,2026-05-26T01:55:48.847608+00:00
4801,"Beverages, FUZE, orange mango, fortified with vitamins A, C, E, B6",vegan,,2026-05-26T01:55:48.847769+00:00
4802,"Beverages, GEROLSTEINER BRUNNEN GmbH & Co. KG (Gerolsteiner), naturally sparkling, mineral bottled water",vegan,,2026-05-26T01:55:48.847903+00:00
4803,"Beverages, GEROLSTEINER BRUNNEN GmbH & Co. KG,Gerolsteiner naturally sparkling mineral water,",vegan,,2026-05-26T01:55:48.848023+00:00
4804,"Beverages, grape drink, canned",vegan,,2026-05-26T01:55:48.848142+00:00
4805,"Beverages, grape juice drink, canned",vegan,,2026-05-26T01:55:48.848265+00:00
4806,"Beverages, Horchata, as served in restaurant",ambiguous,,2026-05-26T01:55:48.848427+00:00
4807,"Beverages, Kiwi Strawberry Juice Drink",vegan,,2026-05-26T01:55:48.848544+00:00
4808,"Beverages, KRAFT, coffee, instant, French Vanilla Cafe",ambiguous,,2026-05-26T01:55:48.848663+00:00
4809,"Beverages, Lemonade fruit juice drink light, fortified with vitamin E and C",vegan,,2026-05-26T01:55:48.848824+00:00
4810,"Beverages, lemonade, frozen concentrate, pink, prepared with water",vegan,,2026-05-26T01:55:48.848932+00:00
4811,"Beverages, Lemonade, powder",vegan,,2026-05-26T01:55:48.849052+00:00
4812,"Beverages, lemonade-flavor drink, powder",vegan,,2026-05-26T01:55:48.849175+00:00
4813,"Beverages, lemonade-flavor drink, powder, prepared with water",vegan,,2026-05-26T01:55:48.849341+00:00
4814,"Beverages, LIPTON BRISK, tea, black, ready-to-drink, lemon",vegan,,2026-05-26T01:55:48.849471+00:00
4815,"Beverages, Malt liquor beverage",vegan,,2026-05-26T01:55:48.849594+00:00
4816,"Beverages, malted drink mix, chocolate, powder",ambiguous,,2026-05-26T01:55:48.849705+00:00
4817,"Beverages, Malted drink mix, chocolate, powder, prepared with whole milk",non_vegan,,2026-05-26T01:55:48.849805+00:00
4818,"Beverages, Malted drink mix, chocolate, with added nutrients, powder, prepared with whole milk",non_vegan,,2026-05-26T01:55:48.849904+00:00
4819,"Beverages, Malted drink mix, natural, powder, dairy based.",non_vegan,,2026-05-26T01:55:48.850005+00:00
4820,"Beverages, Malted drink mix, natural, powder, prepared with whole milk",non_vegan,,2026-05-26T01:55:48.850107+00:00
4821,"Beverages, Malted drink mix, natural, with added nutrients, powder, prepared with whole milk",non_vegan,,2026-05-26T01:55:48.850224+00:00
4822,"Beverages, Meal supplement drink, canned, peanut flavor",ambiguous,,2026-05-26T01:55:48.850470+00:00
4823,"Beverages, milk beverage, reduced fat, flavored and sweetened, Ready-to-drink,  added calcium, vitamin A and vitamin D",non_vegan,,2026-05-26T01:55:48.850600+00:00
4824,"Beverages, MINUTE MAID, Lemonada, Limeade",vegan,,2026-05-26T01:55:48.850779+00:00
4825,"Beverages, Mixed vegetable and fruit juice drink, with added nutrients",ambiguous,,2026-05-26T01:55:48.850893+00:00
4826,"Beverages, MONSTER energy drink, low carb",vegan,,2026-05-26T01:55:48.851009+00:00
4827,"Beverages, MOTTS, Apple juice light, fortified with vitamin C",vegan,,2026-05-26T01:55:48.851122+00:00
4828,"Agave, raw (Southwest)",vegan,,2026-05-26T01:55:48.852689+00:00
4829,"Beverages, NESTEA, tea, black, ready-to-drink, lemon",vegan,,2026-05-26T01:55:48.852855+00:00
4830,"Beverages, NESTLE, Boost plus, nutritional drink, ready-to-drink",non_vegan,,2026-05-26T01:55:48.852974+00:00
4831,"Beverages, nutritional shake mix, high protein, powder",ambiguous,,2026-05-26T01:55:48.853086+00:00
4832,"Beverages, OCEAN SPRAY, Cran Cherry",vegan,,2026-05-26T01:55:48.853210+00:00
4833,"Beverages, OCEAN SPRAY, Cran Grape",vegan,,2026-05-26T01:55:48.857031+00:00
4834,"Beverages, OCEAN SPRAY, Cran Lemonade",vegan,,2026-05-26T01:55:48.857256+00:00
4835,"Beverages, OCEAN SPRAY, Cran Pomegranate",vegan,,2026-05-26T01:55:48.857465+00:00
4836,"Beverages, OCEAN SPRAY, Cran Raspberry Juice Drink",vegan,,2026-05-26T01:55:48.857595+00:00
4837,"Beverages, tea, green, brewed, regular",vegan,,2026-05-26T01:55:55.321156+00:00
4838,"Beverages, tea, green, instant, decaffeinated, lemon, unsweetened, fortified with vitamin C",vegan,,2026-05-26T01:55:55.321501+00:00
4839,"Beverages, tea, green, ready to drink, ginseng and honey, sweetened",non_vegan,,2026-05-26T01:55:55.321656+00:00
4840,"Beverages, tea, green, ready to drink, unsweetened",vegan,,2026-05-26T01:55:55.321831+00:00
4841,"Beverages, tea, green, ready-to-drink, citrus, diet, fortified with vitamin C",vegan,,2026-05-26T01:55:55.321953+00:00
4842,"Beverages, tea, green, ready-to-drink, diet",vegan,,2026-05-26T01:55:55.322091+00:00
4843,"Beverages, tea, green, ready-to-drink, sweetened",vegan,,2026-05-26T01:55:55.322429+00:00
4844,"Beverages, tea, herb, brewed, chamomile",vegan,,2026-05-26T01:55:55.322614+00:00
4845,"Beverages, tea, herb, other than chamomile, brewed",vegan,,2026-05-26T01:55:55.322730+00:00
4846,"Beverages, tea, hibiscus, brewed",vegan,,2026-05-26T01:55:55.322874+00:00
4847,"Beverages, tea, instant, decaffeinated, lemon, diet",vegan,,2026-05-26T01:55:55.323735+00:00
4848,"Beverages, tea, instant, decaffeinated, lemon, sweetened",vegan,,2026-05-26T01:55:55.323879+00:00
4849,"Beverages, tea, instant, decaffeinated, unsweetened",vegan,,2026-05-26T01:55:55.323996+00:00
4850,"Beverages, tea, instant, lemon, diet",vegan,,2026-05-26T01:55:55.324144+00:00
4851,"Beverages, tea, instant, lemon, sweetened, powder",vegan,,2026-05-26T01:55:55.324308+00:00
4852,"Beverages, tea, instant, lemon, sweetened, prepared with water",vegan,,2026-05-26T01:55:55.324431+00:00
4853,"Beverages, tea, instant, lemon, unsweetened",vegan,,2026-05-26T01:55:55.324540+00:00
4854,"Beverages, tea, instant, lemon, with added ascorbic acid",vegan,,2026-05-26T01:55:55.324654+00:00
4855,"Beverages, tea, instant, sweetened with sodium saccharin, lemon-flavored, powder",vegan,,2026-05-26T01:55:55.324771+00:00
4856,"Beverages, tea, instant, unsweetened, powder",vegan,,2026-05-26T01:55:55.324881+00:00
4857,"Beverages, tea, instant, unsweetened, prepared with water",vegan,,2026-05-26T01:55:55.325002+00:00
4858,"Beverages, tea, Oolong, brewed",vegan,,2026-05-26T01:55:55.325105+00:00
4859,"Beverages, tea, ready-to-drink, lemon, diet",vegan,,2026-05-26T01:55:55.325215+00:00
4860,"Beverages, The COCA-COLA company, DASANI, water, bottled, non-carbonated",vegan,,2026-05-26T01:55:55.325366+00:00
4861,"Beverages, The COCA-COLA company, Glaceau Vitamin Water, Revive Fruit Punch, fortified",vegan,,2026-05-26T01:55:55.325477+00:00
4862,"Beverages, The COCA-COLA company, Hi-C Flashin' Fruit Punch",vegan,,2026-05-26T01:55:55.325596+00:00
4863,"Beverages, The COCA-COLA company, Minute Maid, Lemonade",vegan,,2026-05-26T01:55:55.326670+00:00
4864,"Beverages, THE COCA-COLA COMPANY, NOS energy drink, Original, grape, loaded cherry, charged citrus, fortified with vitamins B6 and B12",vegan,,2026-05-26T01:55:55.326891+00:00
4865,"Beverages, THE COCA-COLA COMPANY, NOS Zero, energy drink, sugar-free with guarana, fortified with vitamins B6 and B12",vegan,,2026-05-26T01:55:55.327070+00:00
4866,"Beverages, Tropical Punch, ready-to-drink",vegan,,2026-05-26T01:55:55.327233+00:00
4867,"Beverages, UNILEVER, SLIMFAST Shake Mix, high protein, whey powder, 3-2-1 Plan,",non_vegan,,2026-05-26T01:55:55.327451+00:00
4868,"Beverages, UNILEVER, SLIMFAST Shake Mix, powder, 3-2-1 Plan",non_vegan,,2026-05-26T01:55:55.327612+00:00
4869,"Beverages, UNILEVER, SLIMFAST, meal replacement, regular, ready-to-drink,  3-2-1 Plan",non_vegan,,2026-05-26T01:55:55.327769+00:00
4870,"Beverages, V8 SPLASH Juice Drinks, Berry Blend",vegan,,2026-05-26T01:55:55.327930+00:00
4871,"Beverages, V8 SPLASH Juice Drinks, Diet Berry Blend",vegan,,2026-05-26T01:55:55.328116+00:00
4872,"Beverages, V8 SPLASH Juice Drinks, Diet Fruit Medley",vegan,,2026-05-26T01:55:55.328312+00:00
4873,"Beverages, V8 SPLASH Juice Drinks, Diet Strawberry Kiwi",vegan,,2026-05-26T01:55:55.328478+00:00
4874,"Beverages, V8 SPLASH Juice Drinks, Diet Tropical Blend",vegan,,2026-05-26T01:55:55.328632+00:00
4875,"Beverages, V8 SPLASH Juice Drinks, Fruit Medley",vegan,,2026-05-26T01:55:55.328784+00:00
4876,"Beverages, V8 SPLASH Juice Drinks, Guava Passion Fruit",vegan,,2026-05-26T01:55:55.328940+00:00
4877,"Beverages, V8 SPLASH Juice Drinks, Mango Peach",vegan,,2026-05-26T01:55:55.329095+00:00
4878,"Beverages, V8 SPLASH Juice Drinks, Orange Pineapple",vegan,,2026-05-26T01:55:55.329248+00:00
4879,"Beverages, V8 SPLASH Juice Drinks, Orchard Blend",vegan,,2026-05-26T01:55:55.333042+00:00
4880,"Beverages, V8 SPLASH Juice Drinks, Strawberry Banana",vegan,,2026-05-26T01:55:55.333252+00:00
4881,"Beverages, V8 SPLASH Juice Drinks, Strawberry Kiwi",vegan,,2026-05-26T01:55:55.333463+00:00
4882,"Beverages, V8 SPLASH Juice Drinks, Tropical Blend",vegan,,2026-05-26T01:55:55.334099+00:00
4883,"Beverages, V8 SPLASH Smoothies, Peach Mango",non_vegan,,2026-05-26T01:55:55.334369+00:00
4884,"Beverages, V8 SPLASH Smoothies, Strawberry Banana",non_vegan,,2026-05-26T01:55:55.334548+00:00
4885,"Beverages, V8 SPLASH Smoothies, Tropical Colada",non_vegan,,2026-05-26T01:55:55.334705+00:00
4886,"Beverages, V8 V- FUSION Juices, Acai Berry",vegan,,2026-05-26T01:55:55.334859+00:00
4887,"Bread, white wheat",ambiguous,,2026-05-26T01:56:28.437502+00:00
4888,"Bread, white, commercial",non_vegan,,2026-05-26T01:56:28.437829+00:00
4889,"Bread, white, commercially prepared (includes soft bread crumbs)",non_vegan,,2026-05-26T01:56:28.438016+00:00
4890,"Bread, white, commercially prepared, low sodium, no salt",non_vegan,,2026-05-26T01:56:28.438552+00:00
4891,"Bread, white, commercially prepared, toasted",non_vegan,,2026-05-26T01:56:28.438740+00:00
4892,"Bread, white, commercially prepared, toasted, low sodium no salt",non_vegan,,2026-05-26T01:56:28.438907+00:00
4893,"Bread, white, prepared from recipe, made with low fat (2%) milk",non_vegan,,2026-05-26T01:56:28.439070+00:00
4894,"Bread, white, prepared from recipe, made with nonfat dry milk",non_vegan,,2026-05-26T01:56:28.439223+00:00
4895,"Bread, whole-wheat, commercially prepared",non_vegan,,2026-05-26T01:56:28.439427+00:00
4896,"Bread, whole-wheat, commercially prepared, toasted",non_vegan,,2026-05-26T01:56:28.439596+00:00
4897,"Bread, whole-wheat, prepared from recipe",ambiguous,,2026-05-26T01:56:28.439756+00:00
4898,"Bread, whole-wheat, prepared from recipe, toasted",ambiguous,,2026-05-26T01:56:28.439925+00:00
4899,"Breadfruit, raw",vegan,,2026-05-26T01:56:28.440127+00:00
4900,"Breakfast bar, corn flake crust with fruit",ambiguous,,2026-05-26T01:56:28.440320+00:00
4901,"Breakfast bars, oats, sugar, raisins, coconut (include granola bar)",ambiguous,,2026-05-26T01:56:28.440491+00:00
4902,"Broadbeans (fava beans), mature seeds, canned",vegan,,2026-05-26T01:56:28.440644+00:00
4903,"Broadbeans (fava beans), mature seeds, cooked, boiled, with salt",vegan,,2026-05-26T01:56:28.440801+00:00
4904,"Broadbeans (fava beans), mature seeds, cooked, boiled, without salt",vegan,,2026-05-26T01:56:28.440969+00:00
4905,"Broadbeans (fava beans), mature seeds, raw",vegan,,2026-05-26T01:56:28.441136+00:00
4906,"Broadbeans, immature seeds, cooked, boiled, drained, with salt",vegan,,2026-05-26T01:56:28.441330+00:00
4907,"Broadbeans, immature seeds, cooked, boiled, drained, without salt",vegan,,2026-05-26T01:56:28.441510+00:00
4908,"Broadbeans, immature seeds, raw",vegan,,2026-05-26T01:56:28.441604+00:00
4909,"Broccoli raab, cooked",vegan,,2026-05-26T01:56:28.441674+00:00
4910,"Broccoli raab, raw",vegan,,2026-05-26T01:56:28.441741+00:00
4911,"Broccoli, chinese, cooked",vegan,,2026-05-26T01:56:28.441806+00:00
4912,"Broccoli, chinese, raw",vegan,,2026-05-26T01:56:28.441869+00:00
4913,"Broccoli, cooked, boiled, drained, with salt",vegan,,2026-05-26T01:56:28.441933+00:00
4914,"Broccoli, cooked, boiled, drained, without salt",vegan,,2026-05-26T01:56:28.445050+00:00
4915,"Broccoli, flower clusters, raw",vegan,,2026-05-26T01:56:28.445223+00:00
4916,"Broccoli, frozen, chopped, cooked, boiled, drained, with salt",vegan,,2026-05-26T01:56:28.445411+00:00
4917,"Broccoli, frozen, chopped, cooked, boiled, drained, without salt",vegan,,2026-05-26T01:56:28.445543+00:00
4918,"Broccoli, frozen, chopped, unprepared",vegan,,2026-05-26T01:56:28.445619+00:00
4919,"Broccoli, frozen, spears, cooked, boiled, drained, with salt",vegan,,2026-05-26T01:56:28.445686+00:00
4920,"Broccoli, frozen, spears, cooked, boiled, drained, without salt",vegan,,2026-05-26T01:56:28.445814+00:00
4921,"Broccoli, frozen, spears, unprepared (Includes foods for USDA's Food Distribution Program)",vegan,,2026-05-26T01:56:28.445988+00:00
4922,"Broccoli, leaves, raw",vegan,,2026-05-26T01:56:28.446156+00:00
4923,"Broccoli, stalks, raw",vegan,,2026-05-26T01:56:28.446534+00:00
4924,"Brussels sprouts, cooked, boiled, drained, with salt",vegan,,2026-05-26T01:56:28.446633+00:00
4925,"Brussels sprouts, cooked, boiled, drained, without salt",vegan,,2026-05-26T01:56:28.446721+00:00
4926,"Brussels sprouts, frozen, cooked, boiled, drained, with salt",vegan,,2026-05-26T01:56:28.446786+00:00
4927,"Brussels sprouts, frozen, cooked, boiled, drained, without salt",vegan,,2026-05-26T01:56:28.446904+00:00
4928,"Brussels sprouts, frozen, unprepared",vegan,,2026-05-26T01:56:28.447017+00:00
4929,"Brussels sprouts, raw",vegan,,2026-05-26T01:56:28.447140+00:00
4930,Buckwheat,vegan,,2026-05-26T01:56:28.447259+00:00
4931,"Buckwheat flour, whole-groat",vegan,,2026-05-26T01:56:28.447370+00:00
4932,"Buckwheat groats, roasted, cooked",vegan,,2026-05-26T01:56:28.447466+00:00
4933,"Buckwheat groats, roasted, dry",vegan,,2026-05-26T01:56:28.447587+00:00
4934,"Buckwheat, whole grain",vegan,,2026-05-26T01:56:28.447654+00:00
4935,"Buffalo, free range, top round steak, cooked (Shoshone Bannock)",non_vegan,,2026-05-26T01:56:28.447716+00:00
4936,"Buffalo, free range, top round steak, raw (Shoshone Bannock)",non_vegan,,2026-05-26T01:56:28.447779+00:00
4937,"Blueberries, wild, canned, heavy syrup, drained",vegan,,2026-05-26T01:56:35.219961+00:00
4938,"Blueberries, wild, frozen (Alaska Native)",vegan,,2026-05-26T01:56:35.221698+00:00
4939,"Blueberries, wild, frozen (Includes foods for USDA's Food Distribution Program)",vegan,,2026-05-26T01:56:35.221910+00:00
4940,"Blueberries, wild, raw (Alaska Native)",vegan,,2026-05-26T01:56:35.222083+00:00
4941,"Bockwurst, pork, veal, raw",non_vegan,,2026-05-26T01:56:35.222243+00:00
4942,"Bologna, beef",non_vegan,,2026-05-26T01:56:35.222450+00:00
4943,"Bologna, beef and pork",non_vegan,,2026-05-26T01:56:35.222617+00:00
4944,"Bologna, beef and pork, low fat",non_vegan,,2026-05-26T01:56:35.222850+00:00
4945,"Bologna, beef, low fat",non_vegan,,2026-05-26T01:56:35.223009+00:00
4946,"Bologna, chicken, pork",non_vegan,,2026-05-26T01:56:35.223157+00:00
4947,"Bologna, chicken, pork, beef",non_vegan,,2026-05-26T01:56:35.223515+00:00
4948,"Bologna, chicken, turkey, pork",non_vegan,,2026-05-26T01:56:35.223686+00:00
4949,"Bologna, classic",non_vegan,,2026-05-26T01:56:35.223837+00:00
4950,"Bologna, meat and poultry",non_vegan,,2026-05-26T01:56:35.223983+00:00
4951,"Bologna, pork",non_vegan,,2026-05-26T01:56:35.224136+00:00
4952,"Bologna, pork and turkey, lite",non_vegan,,2026-05-26T01:56:35.224319+00:00
4953,"Bologna, pork, turkey and beef",non_vegan,,2026-05-26T01:56:35.224474+00:00
4954,"Bologna, turkey",non_vegan,,2026-05-26T01:56:35.224630+00:00
4955,"Borage, cooked, boiled, drained, with salt",vegan,,2026-05-26T01:56:35.224809+00:00
4956,"Borage, cooked, boiled, drained, without salt",vegan,,2026-05-26T01:56:35.224976+00:00
4957,"Borage, raw",vegan,,2026-05-26T01:56:35.225128+00:00
4958,"Boysenberries, canned, heavy syrup",vegan,,2026-05-26T01:56:35.225340+00:00
4959,"Boysenberries, frozen, unsweetened",vegan,,2026-05-26T01:56:35.225514+00:00
4960,"Bratwurst, beef and pork, smoked",non_vegan,,2026-05-26T01:56:35.225675+00:00
4961,"Bratwurst, chicken, cooked",non_vegan,,2026-05-26T01:56:35.225829+00:00
4962,"Bratwurst, pork, beef and turkey, lite, smoked",non_vegan,,2026-05-26T01:56:35.225975+00:00
4963,"Bratwurst, pork, beef, link",non_vegan,,2026-05-26T01:56:35.226123+00:00
4964,"Bratwurst, pork, cooked",non_vegan,,2026-05-26T01:56:35.226308+00:00
4965,"Bratwurst, veal, cooked",non_vegan,,2026-05-26T01:56:35.226473+00:00
4966,"Braunschweiger (a liver sausage), pork",non_vegan,,2026-05-26T01:56:35.226622+00:00
4967,"Bread, 100% whole wheat, commercial",vegan,,2026-05-26T01:56:35.226779+00:00
4968,"Bread, banana, prepared from recipe, made with margarine",ambiguous,,2026-05-26T01:56:35.226939+00:00
4969,"Bread, blue corn, somiviki (Hopi)",vegan,,2026-05-26T01:56:35.227102+00:00
4970,"Bread, boston brown, canned",vegan,,2026-05-26T01:56:35.227296+00:00
4971,"Bread, chapati or roti, plain, commercially prepared",vegan,,2026-05-26T01:56:35.227472+00:00
4972,"Bread, chapati or roti, whole wheat, commercially prepared, frozen",vegan,,2026-05-26T01:56:35.227633+00:00
4973,"Bread, cheese",non_vegan,,2026-05-26T01:56:35.227792+00:00
4974,"Bread, cinnamon",ambiguous,,2026-05-26T01:56:35.227946+00:00
4975,"Bread, cornbread, dry mix, enriched (includes corn muffin mix)",vegan,,2026-05-26T01:56:35.228087+00:00
4976,"Bread, cornbread, dry mix, prepared with 2% milk, 80% margarine, and eggs",non_vegan,,2026-05-26T01:56:35.228314+00:00
4977,"Bread, cornbread, dry mix, unenriched (includes corn muffin mix)",vegan,,2026-05-26T01:56:35.228475+00:00
4978,"Bread, cornbread, prepared from recipe, made with low fat (2%) milk",non_vegan,,2026-05-26T01:56:35.228625+00:00
4979,"Bread, cracked-wheat",vegan,,2026-05-26T01:56:35.228776+00:00
4980,"Bread, crumbs, dry, grated, plain",vegan,,2026-05-26T01:56:35.228921+00:00
4981,"Bread, crumbs, dry, grated, seasoned",ambiguous,,2026-05-26T01:56:35.229057+00:00
4982,"Bread, egg",non_vegan,,2026-05-26T01:56:35.229195+00:00
4983,"Bread, egg, toasted",non_vegan,,2026-05-26T01:56:35.229471+00:00
4984,"Bread, french or vienna (includes sourdough)",vegan,,2026-05-26T01:56:35.229643+00:00
4985,"Bread, french or vienna, toasted (includes sourdough)",vegan,,2026-05-26T01:56:35.229764+00:00
4986,"Bread, french or vienna, whole wheat",vegan,,2026-05-26T01:56:35.229913+00:00
4987,"Bread, gluten-free, white, made with potato extract, rice starch, and rice flour",ambiguous,,2026-05-26T01:56:48.831559+00:00
4988,"Bread, gluten-free, white, made with rice flour, corn starch, and/or tapioca",ambiguous,,2026-05-26T01:56:48.831861+00:00
4989,"Bread, gluten-free, white, made with tapioca starch and brown rice flour",ambiguous,,2026-05-26T01:56:48.832058+00:00
4990,"Bread, gluten-free, whole grain, made with tapioca starch and brown rice flour",ambiguous,,2026-05-26T01:56:48.832226+00:00
4991,"Bread, irish soda, prepared from recipe",non_vegan,,2026-05-26T01:56:48.832442+00:00
4992,"Bread, Italian",ambiguous,,2026-05-26T01:56:48.832611+00:00
4993,"Bread, kneel down (Navajo)",ambiguous,,2026-05-26T01:56:48.832773+00:00
4994,"Bread, mulitgrain, commercial",ambiguous,,2026-05-26T01:56:48.832917+00:00
4995,"Bread, multi-grain (includes whole-grain)",ambiguous,,2026-05-26T01:56:48.833084+00:00
4996,"Bread, multi-grain, toasted (includes whole-grain)",ambiguous,,2026-05-26T01:56:48.833237+00:00
4997,"Bread, naan, plain, commercially prepared, refrigerated",non_vegan,,2026-05-26T01:56:48.833423+00:00
4998,"Bread, naan, whole wheat, commercially prepared, refrigerated",non_vegan,,2026-05-26T01:56:48.833607+00:00
4999,"Bread, oat bran",ambiguous,,2026-05-26T01:56:48.833774+00:00
5000,"Bread, oat bran, toasted",ambiguous,,2026-05-26T01:56:48.833917+00:00
5001,"Bread, oatmeal",ambiguous,,2026-05-26T01:56:48.834070+00:00
5002,"Bread, oatmeal, toasted",ambiguous,,2026-05-26T01:56:48.834497+00:00
5003,"Bread, pan dulce, sweet yeast bread",non_vegan,,2026-05-26T01:56:48.834667+00:00
5004,"Bread, paratha, whole wheat, commercially prepared, frozen",non_vegan,,2026-05-26T01:56:48.834819+00:00
5005,"Bread, pita, white, enriched",ambiguous,,2026-05-26T01:56:48.834993+00:00
5006,"Bread, pita, white, unenriched",ambiguous,,2026-05-26T01:56:48.835157+00:00
5007,"Bread, pita, whole-wheat",ambiguous,,2026-05-26T01:56:48.835317+00:00
5008,"Bread, potato",ambiguous,,2026-05-26T01:56:48.835470+00:00
5009,"Bread, pound cake type, pan de torta salvadoran",non_vegan,,2026-05-26T01:56:48.835588+00:00
5010,"Bread, protein (includes gluten)",ambiguous,,2026-05-26T01:56:48.835728+00:00
5011,"Bread, protein, (includes gluten), toasted",ambiguous,,2026-05-26T01:56:48.835844+00:00
5012,"Bread, pumpernickel",ambiguous,,2026-05-26T01:56:48.835994+00:00
5013,"Bread, raisin, enriched",ambiguous,,2026-05-26T01:56:48.836132+00:00
5014,"Bread, raisin, enriched, toasted",ambiguous,,2026-05-26T01:56:48.836258+00:00
5015,"Bread, raisin, unenriched",ambiguous,,2026-05-26T01:56:48.836458+00:00
5016,"Bread, reduced-calorie, oat bran",non_vegan,,2026-05-26T01:56:48.836582+00:00
5017,"Bread, reduced-calorie, oat bran, toasted",non_vegan,,2026-05-26T01:56:48.836727+00:00
5018,"Bread, reduced-calorie, oatmeal",non_vegan,,2026-05-26T01:56:48.836897+00:00
5019,"Bread, reduced-calorie, rye",non_vegan,,2026-05-26T01:56:48.837057+00:00
5020,"Bread, reduced-calorie, wheat",non_vegan,,2026-05-26T01:56:48.837262+00:00
5021,"Bread, reduced-calorie, white",non_vegan,,2026-05-26T01:56:48.837631+00:00
5022,"Bread, rice bran",ambiguous,,2026-05-26T01:56:48.837781+00:00
5023,"Bread, rice bran, toasted",ambiguous,,2026-05-26T01:56:48.837914+00:00
5024,"Bread, roll, Mexican, bollilo",ambiguous,,2026-05-26T01:56:48.838032+00:00
5025,"Bread, rye",ambiguous,,2026-05-26T01:56:48.838188+00:00
5026,"Bread, rye, toasted",ambiguous,,2026-05-26T01:56:48.838355+00:00
5027,"Bread, salvadoran sweet cheese (quesadilla salvadorena)",non_vegan,,2026-05-26T01:56:48.838523+00:00
5028,"Bread, sticks, plain",ambiguous,,2026-05-26T01:56:48.838659+00:00
5029,"Bread, stuffing, cornbread, dry mix",ambiguous,,2026-05-26T01:56:48.838764+00:00
5030,"Bread, stuffing, cornbread, dry mix, prepared",non_vegan,,2026-05-26T01:56:48.838887+00:00
5031,"Bread, stuffing, dry mix",ambiguous,,2026-05-26T01:56:48.838996+00:00
5032,"Bread, stuffing, dry mix, prepared",non_vegan,,2026-05-26T01:56:48.839116+00:00
5033,"Bread, wheat",ambiguous,,2026-05-26T01:56:48.839224+00:00
5034,"Bread, wheat, sprouted",ambiguous,,2026-05-26T01:56:48.839408+00:00
5035,"Bread, wheat, sprouted, toasted",ambiguous,,2026-05-26T01:56:48.839510+00:00
5036,"Bread, wheat, toasted",ambiguous,,2026-05-26T01:56:48.839695+00:00
5037,"Cabbage, common (danish, domestic, and pointed types), stored, raw",vegan,,2026-05-26T01:56:52.467876+00:00
5038,"Cabbage, common, cooked, boiled, drained, with salt",vegan,,2026-05-26T01:56:52.468188+00:00
5039,"Cabbage, cooked, boiled, drained, without salt",vegan,,2026-05-26T01:56:52.468388+00:00
5040,"Cabbage, green, raw",vegan,,2026-05-26T01:56:52.468527+00:00
5041,"Cabbage, japanese style, fresh, pickled",ambiguous,,2026-05-26T01:56:52.468667+00:00
5042,"Cabbage, kimchi",non_vegan,,2026-05-26T01:56:52.468814+00:00
5043,"Cabbage, mustard, salted",vegan,,2026-05-26T01:56:52.468947+00:00
5044,"Cabbage, napa, cooked",vegan,,2026-05-26T01:56:52.469063+00:00
5045,"Cabbage, napa, leaf, destemmed, raw",vegan,,2026-05-26T01:56:52.469240+00:00
5046,"Cabbage, raw",vegan,,2026-05-26T01:56:52.474986+00:00
5047,"Cabbage, red, cooked, boiled, drained, with salt",vegan,,2026-05-26T01:56:52.475243+00:00
5048,"Cabbage, red, cooked, boiled, drained, without salt",vegan,,2026-05-26T01:56:52.475462+00:00
5049,"Cabbage, red, raw",vegan,,2026-05-26T01:56:52.475625+00:00
5050,"Cabbage, savoy, cooked, boiled, drained, with salt",vegan,,2026-05-26T01:56:52.475778+00:00
5051,"Cabbage, savoy, cooked, boiled, drained, without salt",vegan,,2026-05-26T01:56:52.475920+00:00
5052,"Cabbage, savoy, raw",vegan,,2026-05-26T01:56:52.476082+00:00
5053,"Cake, angelfood, commercially prepared",non_vegan,,2026-05-26T01:56:52.476216+00:00
5054,"Cake, angelfood, dry mix, prepared",non_vegan,,2026-05-26T01:56:52.476391+00:00
5055,"Cake, boston cream pie, commercially prepared",non_vegan,,2026-05-26T01:56:52.476537+00:00
5056,"Cake, cheesecake, commercially prepared",non_vegan,,2026-05-26T01:56:52.476660+00:00
5057,"Cake, cheesecake, prepared from mix, no-bake type",non_vegan,,2026-05-26T01:56:52.476770+00:00
5058,"Cake, cherry fudge with chocolate frosting",non_vegan,,2026-05-26T01:56:52.476879+00:00
5059,"Cake, chocolate, commercially prepared with chocolate frosting, in-store bakery",non_vegan,,2026-05-26T01:56:52.476999+00:00
5060,"Cake, chocolate, prepared from recipe without frosting",non_vegan,,2026-05-26T01:56:52.477123+00:00
5061,"Cake, coffeecake, cheese",non_vegan,,2026-05-26T01:56:52.477244+00:00
5062,"Cake, coffeecake, cinnamon with crumb topping, commercially prepared, enriched",non_vegan,,2026-05-26T01:56:52.477426+00:00
5063,"Cake, coffeecake, cinnamon with crumb topping, commercially prepared, unenriched",non_vegan,,2026-05-26T01:56:52.477573+00:00
5064,"Cake, coffeecake, cinnamon with crumb topping, dry mix, prepared",non_vegan,,2026-05-26T01:56:52.477713+00:00
5065,"Cake, coffeecake, creme-filled with chocolate frosting",non_vegan,,2026-05-26T01:56:52.477866+00:00
5066,"Cake, coffeecake, fruit",non_vegan,,2026-05-26T01:56:52.478001+00:00
5067,"Cake, fruitcake, commercially prepared",non_vegan,,2026-05-26T01:56:52.478125+00:00
5068,"Cake, gingerbread, dry mix",non_vegan,,2026-05-26T01:56:52.482436+00:00
5069,"Cake, gingerbread, prepared from recipe",non_vegan,,2026-05-26T01:56:52.482712+00:00
5070,"Cake, pineapple upside-down, prepared from recipe",non_vegan,,2026-05-26T01:56:52.482883+00:00
5071,"Cake, pound, Bimbo Bakeries USA, Panque Casero, home baked style",non_vegan,,2026-05-26T01:56:52.483023+00:00
5072,"Cake, pound, commercially prepared, butter (includes fresh and frozen)",non_vegan,,2026-05-26T01:56:52.483138+00:00
5073,"Cake, pound, commercially prepared, fat-free",non_vegan,,2026-05-26T01:56:52.483264+00:00
5074,"Cake, pound, commercially prepared, other than all butter, enriched",non_vegan,,2026-05-26T01:56:52.483436+00:00
5075,"Cake, pound, commercially prepared, other than all butter, unenriched",non_vegan,,2026-05-26T01:56:52.483683+00:00
5076,"Cake, pudding-type, carrot, dry mix",non_vegan,,2026-05-26T01:56:52.483798+00:00
5077,"Cake, pudding-type, chocolate, dry mix",non_vegan,,2026-05-26T01:56:52.483929+00:00
5078,"Cake, pudding-type, white, enriched, dry mix",non_vegan,,2026-05-26T01:56:52.484033+00:00
5079,"Cake, pudding-type, white, unenriched, dry mix",non_vegan,,2026-05-26T01:56:52.484153+00:00
5080,"Cake, pudding-type, yellow, dry mix",non_vegan,,2026-05-26T01:56:52.499091+00:00
5081,"Cake, shortcake, biscuit-type, prepared from recipe",non_vegan,,2026-05-26T01:56:52.501425+00:00
5082,"Cake, snack cakes, creme-filled, chocolate with frosting",non_vegan,,2026-05-26T01:56:52.501623+00:00
5083,"Cake, snack cakes, creme-filled, chocolate with frosting, low-fat, with added fiber",non_vegan,,2026-05-26T01:56:52.501783+00:00
5084,"Cake, snack cakes, creme-filled, sponge",non_vegan,,2026-05-26T01:56:52.501910+00:00
5085,"Cake, snack cakes, not chocolate, with icing or filling, low-fat, with added fiber",non_vegan,,2026-05-26T01:56:52.502026+00:00
5086,"Cake, sponge, commercially prepared",non_vegan,,2026-05-26T01:56:52.502148+00:00
5087,"Bulgur, cooked",vegan,,2026-05-26T01:56:53.112988+00:00
5088,"Bulgur, dry",vegan,,2026-05-26T01:56:53.113546+00:00
5089,"Bulgur, dry, raw",vegan,,2026-05-26T01:56:53.113742+00:00
5090,"Burdock root, cooked, boiled, drained, with salt",vegan,,2026-05-26T01:56:53.113961+00:00
5091,"Burdock root, cooked, boiled, drained, without salt",vegan,,2026-05-26T01:56:53.114092+00:00
5092,"Burdock root, raw",vegan,,2026-05-26T01:56:53.114205+00:00
5093,"BURGER KING, Cheeseburger",non_vegan,,2026-05-26T01:56:53.114393+00:00
5094,"BURGER KING, Chicken Strips",non_vegan,,2026-05-26T01:56:53.114565+00:00
5095,"BURGER KING, CROISSAN'WICH with Egg and Cheese",non_vegan,,2026-05-26T01:56:53.114712+00:00
5096,"BURGER KING, CROISSAN'WICH with Sausage and Cheese",non_vegan,,2026-05-26T01:56:53.114868+00:00
5097,"BURGER KING, CROISSAN'WICH with Sausage, Egg and Cheese",non_vegan,,2026-05-26T01:56:53.115021+00:00
5098,"BURGER KING, Double Cheeseburger",non_vegan,,2026-05-26T01:56:53.115139+00:00
5099,"BURGER KING, DOUBLE WHOPPER, no cheese",non_vegan,,2026-05-26T01:56:53.115257+00:00
5100,"BURGER KING, DOUBLE WHOPPER, with cheese",non_vegan,,2026-05-26T01:56:53.115440+00:00
5101,"BURGER KING, french fries",vegan,,2026-05-26T01:56:53.115575+00:00
5102,"BURGER KING, french toast sticks",non_vegan,,2026-05-26T01:56:53.115690+00:00
5103,"BURGER KING, Hamburger",non_vegan,,2026-05-26T01:56:53.115806+00:00
5104,"BURGER KING, Hash Brown Rounds",vegan,,2026-05-26T01:56:53.115923+00:00
5105,"BURGER KING, Onion Rings",non_vegan,,2026-05-26T01:56:53.116042+00:00
5106,"BURGER KING, Original Chicken Sandwich",non_vegan,,2026-05-26T01:56:53.116172+00:00
5107,"BURGER KING, Premium Fish Sandwich",non_vegan,,2026-05-26T01:56:53.116331+00:00
5108,"BURGER KING, Vanilla Shake",non_vegan,,2026-05-26T01:56:53.116484+00:00
5109,"BURGER KING, WHOPPER, no cheese",non_vegan,,2026-05-26T01:56:53.116608+00:00
5110,"BURGER KING, WHOPPER, with cheese",non_vegan,,2026-05-26T01:56:53.116745+00:00
5111,"Burrito, bean and cheese, frozen",non_vegan,,2026-05-26T01:56:53.116860+00:00
5112,"Burrito, beef and bean, frozen",non_vegan,,2026-05-26T01:56:53.116985+00:00
5113,"Burrito, beef and bean, microwaved",non_vegan,,2026-05-26T01:56:53.117086+00:00
5114,"Butter oil, anhydrous",non_vegan,,2026-05-26T01:56:53.117185+00:00
5115,"Butter replacement, without fat, powder",vegan,,2026-05-26T01:56:53.117348+00:00
5116,"Butter, Clarified butter (ghee)",non_vegan,,2026-05-26T01:56:53.117457+00:00
5117,"Butter, light, stick, with salt",non_vegan,,2026-05-26T01:56:53.117562+00:00
5118,"Butter, light, stick, without salt",non_vegan,,2026-05-26T01:56:53.117666+00:00
5119,"Butter, salted",non_vegan,,2026-05-26T01:56:53.117779+00:00
5120,"Butter, stick, salted",non_vegan,,2026-05-26T01:56:53.117884+00:00
5121,"Butter, stick, unsalted",non_vegan,,2026-05-26T01:56:53.117986+00:00
5122,"Butter, whipped, with salt",non_vegan,,2026-05-26T01:56:53.118089+00:00
5123,"Butter, without salt",non_vegan,,2026-05-26T01:56:53.118190+00:00
5124,"Butterbur, (fuki), raw",vegan,,2026-05-26T01:56:53.118583+00:00
5125,"Butterbur, canned",vegan,,2026-05-26T01:56:53.118720+00:00
5126,"Butterbur, cooked, boiled, drained, with salt",vegan,,2026-05-26T01:56:53.118970+00:00
5127,"Butterbur, cooked, boiled, drained, without salt",vegan,,2026-05-26T01:56:53.119094+00:00
5128,"Buttermilk, low fat",non_vegan,,2026-05-26T01:56:53.119201+00:00
5129,"Cabbage, bok choy, raw",vegan,,2026-05-26T01:56:53.119350+00:00
5130,"Cabbage, chinese (pak-choi), cooked, boiled, drained, with salt",vegan,,2026-05-26T01:56:53.119461+00:00
5131,"Cabbage, chinese (pak-choi), cooked, boiled, drained, without salt",vegan,,2026-05-26T01:56:53.119568+00:00
5132,"Cabbage, chinese (pak-choi), raw",vegan,,2026-05-26T01:56:53.119679+00:00
5133,"Cabbage, chinese (pe-tsai), cooked, boiled, drained, with salt",vegan,,2026-05-26T01:56:53.119774+00:00
5134,"Cabbage, chinese (pe-tsai), cooked, boiled, drained, without salt",vegan,,2026-05-26T01:56:53.119892+00:00
5135,"Cabbage, chinese (pe-tsai), raw",vegan,,2026-05-26T01:56:53.119994+00:00
5136,"Cabbage, common (danish, domestic, and pointed types), freshly harvest, raw",vegan,,2026-05-26T01:56:53.120098+00:00
5137,"Cake, sponge, prepared from recipe",non_vegan,,2026-05-26T01:57:18.891308+00:00
5138,"Cake, white, dry mix, special dietary (includes lemon-flavored)",ambiguous,,2026-05-26T01:57:18.891572+00:00
5139,"Cake, white, prepared from recipe with coconut frosting",non_vegan,,2026-05-26T01:57:18.891728+00:00
5140,"Cake, white, prepared from recipe without frosting",non_vegan,,2026-05-26T01:57:18.891860+00:00
5141,"CAMPBELL'S, Chicken Noodle Soup, condensed",non_vegan,,2026-05-26T01:57:18.892003+00:00
5142,"CAMPBELL'S, Cream of Mushroom Soup, condensed",non_vegan,,2026-05-26T01:57:18.892155+00:00
5143,"CAMPBELL'S, Tomato Soup, condensed",non_vegan,,2026-05-26T01:57:18.892346+00:00
5144,"Canada Goose, breast meat only, skinless, raw",non_vegan,,2026-05-26T01:57:18.892517+00:00
5145,"Canadian bacon, cooked, pan-fried",non_vegan,,2026-05-26T01:57:18.892721+00:00
5146,"Canadian bacon, unprepared",non_vegan,,2026-05-26T01:57:18.892879+00:00
5147,Candied fruit,ambiguous,,2026-05-26T01:57:18.893040+00:00
5148,"Candies, 5TH AVENUE Candy Bar",non_vegan,,2026-05-26T01:57:18.893184+00:00
5149,"Candies, ALMOND JOY Candy Bar",non_vegan,,2026-05-26T01:57:18.893355+00:00
5150,"Candies, butterscotch",non_vegan,,2026-05-26T01:57:18.893494+00:00
5151,"Cake, yellow, commercially prepared, with chocolate frosting, in-store bakery",non_vegan,,2026-05-26T01:57:18.893634+00:00
5152,"Cake, yellow, commercially prepared, with vanilla frosting",non_vegan,,2026-05-26T01:57:18.893779+00:00
5153,"Cake, yellow, enriched, dry mix",ambiguous,,2026-05-26T01:57:18.893935+00:00
5154,"Cake, yellow, light, dry mix",ambiguous,,2026-05-26T01:57:18.894076+00:00
5155,"Cake, yellow, prepared from recipe without frosting",non_vegan,,2026-05-26T01:57:18.894216+00:00
5156,"Cake, yellow, unenriched, dry mix",ambiguous,,2026-05-26T01:57:18.894395+00:00
5157,"CAMPBELL'S CHUNKY, Classic Chicken Noodle Soup",non_vegan,,2026-05-26T01:57:18.894541+00:00
5158,"CAMPBELL'S CHUNKY, Hearty Beef Barley Soup",non_vegan,,2026-05-26T01:57:18.894670+00:00
5159,"CAMPBELL'S CHUNKY, New England Clam Chowder",non_vegan,,2026-05-26T01:57:18.894812+00:00
5160,"CAMPBELL'S CHUNKY, Old Fashioned Vegetable Beef Soup",non_vegan,,2026-05-26T01:57:18.894967+00:00
5161,"Candies, CARAMELLO Candy Bar",non_vegan,,2026-05-26T01:57:18.895114+00:00
5162,"Candies, caramels",non_vegan,,2026-05-26T01:57:18.895256+00:00
5163,"Candies, caramels, chocolate-flavor roll",non_vegan,,2026-05-26T01:57:18.895404+00:00
5164,"Candies, carob, unsweetened",vegan,,2026-05-26T01:57:18.895501+00:00
5165,"Candies, chocolate covered, caramel with nuts",non_vegan,,2026-05-26T01:57:18.895597+00:00
5166,"Candies, chocolate covered, low sugar or low calorie",ambiguous,,2026-05-26T01:57:18.895693+00:00
5167,"Candies, chocolate, dark, NFS (45-59% cacao solids 90%; 60-69% cacao solids 5%; 70-85% cacao solids 5%)",ambiguous,,2026-05-26T01:57:18.895862+00:00
5168,"Candies, coconut bar, not chocolate covered",ambiguous,,2026-05-26T01:57:18.895964+00:00
5169,"Candies, confectioner's coating, butterscotch",non_vegan,,2026-05-26T01:57:18.896058+00:00
5170,"Candies, confectioner's coating, peanut butter",ambiguous,,2026-05-26T01:57:18.896152+00:00
5171,"Candies, confectioner's coating, yogurt",non_vegan,,2026-05-26T01:57:18.896254+00:00
5172,"Candies, crispy bar with peanut butter filling",ambiguous,,2026-05-26T01:57:18.896383+00:00
5173,"Candies, dark chocolate coated coffee beans",ambiguous,,2026-05-26T01:57:18.896479+00:00
5174,"Candies, divinity, prepared-from-recipe",non_vegan,,2026-05-26T01:57:18.896578+00:00
5175,"Candies, fondant, prepared-from-recipe",non_vegan,,2026-05-26T01:57:18.896671+00:00
5176,"Candies, fruit snacks, with high vitamin C",ambiguous,,2026-05-26T01:57:18.896765+00:00
5177,"Candies, fudge, chocolate marshmallow, prepared-from-recipe",non_vegan,,2026-05-26T01:57:18.896861+00:00
5178,"Candies, fudge, chocolate marshmallow, with nuts, prepared-by-recipe",non_vegan,,2026-05-26T01:57:18.896956+00:00
5179,"Candies, fudge, chocolate, prepared-from-recipe",non_vegan,,2026-05-26T01:57:18.897058+00:00
5180,"Candies, fudge, chocolate, with nuts, prepared-from-recipe",non_vegan,,2026-05-26T01:57:18.897198+00:00
5181,"Candies, fudge, peanut butter, prepared-from-recipe",non_vegan,,2026-05-26T01:57:18.897399+00:00
5182,"Candies, fudge, vanilla, prepared-from-recipe",non_vegan,,2026-05-26T01:57:18.897483+00:00
5183,"Candies, gum drops, no sugar or low calorie (sorbitol)",ambiguous,,2026-05-26T01:57:18.897546+00:00
5184,"Candies, gumdrops, starch jelly pieces",ambiguous,,2026-05-26T01:57:18.897616+00:00
5185,"Candies, halavah, plain",vegan,,2026-05-26T01:57:18.897678+00:00
5186,"Candies, hard",ambiguous,,2026-05-26T01:57:18.897738+00:00
5187,"Candies, hard, dietetic or low calorie (sorbitol)",ambiguous,,2026-05-26T01:57:34.073078+00:00
5188,"Candies, HEATH BITES",non_vegan,,2026-05-26T01:57:34.074494+00:00
5189,"Candies, HERSHEY'S GOLDEN ALMOND SOLITAIRES",non_vegan,,2026-05-26T01:57:34.074692+00:00
5190,"Candies, HERSHEY'S MILK CHOCOLATE WITH ALMOND BITES",non_vegan,,2026-05-26T01:57:34.074866+00:00
5191,"Candies, HERSHEY'S POT OF GOLD Almond Bar",non_vegan,,2026-05-26T01:57:34.075032+00:00
5192,"Candies, HERSHEY'S SKOR Toffee Bar",non_vegan,,2026-05-26T01:57:34.075194+00:00
5193,"Candies, HERSHEY'S, ALMOND JOY BITES",non_vegan,,2026-05-26T01:57:34.075397+00:00
5194,"Candies, HERSHEY, KIT KAT BIG KAT Bar",non_vegan,,2026-05-26T01:57:34.075512+00:00
5195,"Candies, HERSHEY, REESESTICKS crispy wafers, peanut butter, milk chocolate",non_vegan,,2026-05-26T01:57:34.075588+00:00
5196,"Candies, HERSHEYS, PAYDAY Bar",non_vegan,,2026-05-26T01:57:34.075705+00:00
5197,"Candies, honey-combed, with peanut butter",non_vegan,,2026-05-26T01:57:34.075851+00:00
5198,"Candies, jellybeans",ambiguous,,2026-05-26T01:57:34.075978+00:00
5199,"Candies, KIT KAT Wafer Bar",non_vegan,,2026-05-26T01:57:34.076090+00:00
5200,"Candies, KRACKEL Chocolate Bar",non_vegan,,2026-05-26T01:57:34.076198+00:00
5201,"Candies, M&M MARS 3 MUSKETEERS Truffle Crisp",non_vegan,,2026-05-26T01:57:34.076455+00:00
5202,"Candies, M&M MARS Pretzel Chocolate Candies",non_vegan,,2026-05-26T01:57:34.076621+00:00
5203,"Candies, MARS SNACKFOOD US, 3 MUSKETEERS Bar",non_vegan,,2026-05-26T01:57:34.076787+00:00
5204,"Candies, MARS SNACKFOOD US, COCOAVIA Blueberry and Almond Chocolate Bar",ambiguous,,2026-05-26T01:57:34.076947+00:00
5205,"Candies, MARS SNACKFOOD US, COCOAVIA Chocolate Bar",ambiguous,,2026-05-26T01:57:34.077109+00:00
5206,"Candies, MARS SNACKFOOD US, COCOAVIA Chocolate Covered Almonds",ambiguous,,2026-05-26T01:57:34.077321+00:00
5207,"Candies, MARS SNACKFOOD US, COCOAVIA Crispy Chocolate Bar",ambiguous,,2026-05-26T01:57:34.077486+00:00
5208,"Candies, MARS SNACKFOOD US, M&M's Almond Chocolate Candies",non_vegan,,2026-05-26T01:57:34.077718+00:00
5209,"Candies, MARS SNACKFOOD US, M&M's Crispy Chocolate Candies",non_vegan,,2026-05-26T01:57:34.077853+00:00
5210,"Candies, MARS SNACKFOOD US, M&M's Milk Chocolate Candies",non_vegan,,2026-05-26T01:57:34.078012+00:00
5211,"Candies, MARS SNACKFOOD US, M&M's MINIs Milk Chocolate Candies",non_vegan,,2026-05-26T01:57:34.078148+00:00
5212,"Candies, MARS SNACKFOOD US, M&M's Peanut Butter Chocolate Candies",non_vegan,,2026-05-26T01:57:34.078300+00:00
5213,"Candies, MARS SNACKFOOD US, M&M's Peanut Chocolate Candies",non_vegan,,2026-05-26T01:57:34.078449+00:00
5214,"Candies, MARS SNACKFOOD US, MARS Almond Bar",non_vegan,,2026-05-26T01:57:34.078579+00:00
5215,"Candies, MARS SNACKFOOD US, MILKY WAY Bar",non_vegan,,2026-05-26T01:57:34.078703+00:00
5216,"Candies, MARS SNACKFOOD US, MILKY WAY Midnight Bar",non_vegan,,2026-05-26T01:57:34.078840+00:00
5217,"Candies, MARS SNACKFOOD US, POP'ABLES 3 MUSKETEERS Brand Bite Size Candies",non_vegan,,2026-05-26T01:57:34.078974+00:00
5218,"Candies, MARS SNACKFOOD US, POP'ABLES MILKY WAY Brand Bite Size Candies",non_vegan,,2026-05-26T01:57:34.079113+00:00
5219,"Candies, MARS SNACKFOOD US, POP'ABLES SNICKERS Brand Bite Size Candies",non_vegan,,2026-05-26T01:57:34.079251+00:00
5220,"Candies, MARS SNACKFOOD US, SKITTLES Original Bite Size Candies",vegan,,2026-05-26T01:57:34.079483+00:00
5221,"Candies, MARS SNACKFOOD US, SKITTLES Sours Original",vegan,,2026-05-26T01:57:34.079597+00:00
5222,"Candies, MARS SNACKFOOD US, SKITTLES Tropical Bite Size Candies",vegan,,2026-05-26T01:57:34.079700+00:00
5223,"Candies, MARS SNACKFOOD US, SKITTLES Wild Berry Bite Size Candies",vegan,,2026-05-26T01:57:34.079805+00:00
5224,"Candies, MARS SNACKFOOD US, SNICKERS Almond bar",non_vegan,,2026-05-26T01:57:34.079913+00:00
5225,"Candies, MARS SNACKFOOD US, SNICKERS Bar",non_vegan,,2026-05-26T01:57:34.080033+00:00
5226,"Candies, MARS SNACKFOOD US, SNICKERS CRUNCHER",non_vegan,,2026-05-26T01:57:34.080141+00:00
5227,"Candies, MARS SNACKFOOD US, SNICKERS MUNCH bar",non_vegan,,2026-05-26T01:57:34.080253+00:00
5228,"Candies, MARS SNACKFOOD US, STARBURST Fruit Chews, Fruit and Creme",non_vegan,,2026-05-26T01:57:34.080401+00:00
5229,"Candies, MARS SNACKFOOD US, STARBURST Fruit Chews, Original fruits",vegan,,2026-05-26T01:57:34.080512+00:00
5230,"Candies, MARS SNACKFOOD US, STARBURST Fruit Chews, Tropical fruits",vegan,,2026-05-26T01:57:34.080619+00:00
5231,"Candies, MARS SNACKFOOD US, STARBURST Sour Fruit Chews",vegan,,2026-05-26T01:57:34.080754+00:00
5232,"Candies, MARS SNACKFOOD US, TWIX Caramel Cookie Bars",non_vegan,,2026-05-26T01:57:34.080861+00:00
5233,"Candies, MARS SNACKFOOD US, TWIX chocolate fudge cookie bars",non_vegan,,2026-05-26T01:57:34.080956+00:00
5234,"Candies, MARS SNACKFOOD US, TWIX Peanut Butter Cookie Bars",non_vegan,,2026-05-26T01:57:34.081052+00:00
5235,"Candies, marshmallows",non_vegan,,2026-05-26T01:57:34.081191+00:00
5236,"Candies, milk chocolate",non_vegan,,2026-05-26T01:57:34.081419+00:00
5237,"Candies, milk chocolate coated coffee beans",non_vegan,,2026-05-26T01:57:34.603220+00:00
5238,"Candies, milk chocolate coated peanuts",non_vegan,,2026-05-26T01:57:34.603537+00:00
5239,"Candies, milk chocolate coated raisins",non_vegan,,2026-05-26T01:57:34.603684+00:00
5240,"Candies, milk chocolate, with almonds",non_vegan,,2026-05-26T01:57:34.603811+00:00
5241,"Candies, milk chocolate, with rice cereal",non_vegan,,2026-05-26T01:57:34.603939+00:00
5242,"Candies, MOUNDS Candy Bar",non_vegan,,2026-05-26T01:57:34.604050+00:00
5243,"Candies, MR. GOODBAR Chocolate Bar",non_vegan,,2026-05-26T01:57:34.604158+00:00
5244,"Candies, NESTLE, 100 GRAND Bar",non_vegan,,2026-05-26T01:57:34.604259+00:00
5245,"Candies, NESTLE, AFTER EIGHT Mints",non_vegan,,2026-05-26T01:57:34.608533+00:00
5246,"Candies, NESTLE, BABY RUTH Bar",non_vegan,,2026-05-26T01:57:34.608712+00:00
5247,"Candies, NESTLE, BIT-O'-HONEY Candy Chews",non_vegan,,2026-05-26T01:57:34.608836+00:00
5248,"Candies, NESTLE, BUTTERFINGER Bar",non_vegan,,2026-05-26T01:57:34.608953+00:00
5249,"Candies, NESTLE, BUTTERFINGER Crisp",non_vegan,,2026-05-26T01:57:34.609070+00:00
5250,"Candies, NESTLE, CHUNKY Bar",non_vegan,,2026-05-26T01:57:34.609186+00:00
5251,"Candies, NESTLE, CRUNCH Bar and Dessert Topping",non_vegan,,2026-05-26T01:57:34.609434+00:00
5252,"Candies, NESTLE, OH HENRY! Bar",non_vegan,,2026-05-26T01:57:34.609560+00:00
5253,"Candies, NESTLE, RAISINETS Chocolate Covered Raisins",non_vegan,,2026-05-26T01:57:34.609682+00:00
5254,"Candies, nougat, with almonds",non_vegan,,2026-05-26T01:57:34.609804+00:00
5255,"Candies, peanut bar",non_vegan,,2026-05-26T01:57:34.609935+00:00
5256,"Candies, peanut brittle, prepared-from-recipe",non_vegan,,2026-05-26T01:57:34.610040+00:00
5257,"Candies, praline, prepared-from-recipe",non_vegan,,2026-05-26T01:57:34.610140+00:00
5258,"Candies, REESE'S BITES",non_vegan,,2026-05-26T01:57:34.610241+00:00
5259,"Candies, REESE's Fast Break, milk chocolate, peanut butter, soft nougats, candy bar",non_vegan,,2026-05-26T01:57:34.610499+00:00
5260,"Candies, REESE'S NUTRAGEOUS Candy Bar",non_vegan,,2026-05-26T01:57:34.610619+00:00
5261,"Candies, REESE'S Peanut Butter Cups",non_vegan,,2026-05-26T01:57:34.610730+00:00
5262,"Candies, REESE'S PIECES Candy",non_vegan,,2026-05-26T01:57:34.610841+00:00
5263,"Candies, REESE'S, FAST BREAK, milk chocolate peanut butter and soft nougats",non_vegan,,2026-05-26T01:57:34.610948+00:00
5264,"Candies, ROLO Caramels in Milk Chocolate",non_vegan,,2026-05-26T01:57:34.611055+00:00
5265,"Candies, semisweet chocolate",ambiguous,,2026-05-26T01:57:34.611165+00:00
5266,"Candies, semisweet chocolate, made with butter",non_vegan,,2026-05-26T01:57:34.611326+00:00
5267,"Candies, sesame crunch",non_vegan,,2026-05-26T01:57:34.611473+00:00
5268,"Candies, soft fruit and nut squares",ambiguous,,2026-05-26T01:57:34.611574+00:00
5269,"Candies, SPECIAL DARK Chocolate Bar",non_vegan,,2026-05-26T01:57:34.611672+00:00
5270,"Candies, sugar-coated almonds",ambiguous,,2026-05-26T01:57:34.611771+00:00
5271,"Candies, sweet chocolate",ambiguous,,2026-05-26T01:57:34.611871+00:00
5272,"Candies, sweet chocolate coated fondant",non_vegan,,2026-05-26T01:57:34.611973+00:00
5273,"Candies, SYMPHONY Milk Chocolate Bar",non_vegan,,2026-05-26T01:57:34.612077+00:00
5274,"Candies, taffy, prepared-from-recipe",non_vegan,,2026-05-26T01:57:34.612178+00:00
5275,"Candies, Tamarind",vegan,,2026-05-26T01:57:34.612304+00:00
5276,"Candies, TOBLERONE, milk chocolate with honey and almond nougat",non_vegan,,2026-05-26T01:57:34.612407+00:00
5277,"Candies, toffee, prepared-from-recipe",non_vegan,,2026-05-26T01:57:34.612509+00:00
5278,"Candies, TOOTSIE ROLL, chocolate-flavor roll",vegan,,2026-05-26T01:57:34.612611+00:00
5279,"Candies, truffles, prepared-from-recipe",non_vegan,,2026-05-26T01:57:34.612709+00:00
5280,"Candies, TWIZZLERS CHERRY BITES",non_vegan,,2026-05-26T01:57:34.612805+00:00
5281,"Candies, TWIZZLERS NIBS CHERRY BITS",non_vegan,,2026-05-26T01:57:34.612899+00:00
5282,"Candies, TWIZZLERS Strawberry Twists Candy",non_vegan,,2026-05-26T01:57:34.612994+00:00
5283,"Candies, WHATCHAMACALLIT Candy Bar",non_vegan,,2026-05-26T01:57:34.613088+00:00
5284,"Candies, white chocolate",non_vegan,,2026-05-26T01:57:34.613187+00:00
5285,"Candies, YORK BITES",non_vegan,,2026-05-26T01:57:34.613335+00:00
5286,"Candies, YORK Peppermint Pattie",non_vegan,,2026-05-26T01:57:34.613441+00:00
5287,"Capers, canned",vegan,,2026-05-26T01:57:43.353013+00:00
5288,"Carambola, (starfruit), raw",vegan,,2026-05-26T01:57:43.353250+00:00
5289,"Carbonated beverage, chocolate-flavored soda",ambiguous,,2026-05-26T01:57:43.353435+00:00
5290,"Carbonated beverage, cream soda",non_vegan,,2026-05-26T01:57:43.353559+00:00
5291,"Carbonated beverage, low calorie, other than cola or pepper, with sodium saccharin, without caffeine",ambiguous,,2026-05-26T01:57:43.353660+00:00
5292,"Cardoon, cooked, boiled, drained, with salt",vegan,,2026-05-26T01:57:43.353813+00:00
5293,"Cardoon, cooked, boiled, drained, without salt",vegan,,2026-05-26T01:57:43.353957+00:00
5294,"Cardoon, raw",vegan,,2026-05-26T01:57:43.354108+00:00
5295,"Caribou, bone marrow, raw (Alaska Native)",non_vegan,,2026-05-26T01:57:43.354253+00:00
5296,"Caribou, eye, raw (Alaska Native)",non_vegan,,2026-05-26T01:57:43.354430+00:00
5297,"Caribou, hind quarter meat, raw (Alaska Native)",non_vegan,,2026-05-26T01:57:43.354577+00:00
5298,"Caribou, hind quarter, meat, cooked (Alaska Native)",non_vegan,,2026-05-26T01:57:43.354781+00:00
5299,"Caribou, liver, raw (Alaska Native)",non_vegan,,2026-05-26T01:57:43.354915+00:00
5300,"Caribou, rump meat, half dried (Alaska Native)",non_vegan,,2026-05-26T01:57:43.355019+00:00
5301,"Caribou, shoulder meat, dried (Alaska Native)",non_vegan,,2026-05-26T01:57:43.355131+00:00
5302,"Caribou, tongue, raw (Alaska Native)",non_vegan,,2026-05-26T01:57:43.355249+00:00
5303,"Carissa, (natal-plum), raw",vegan,,2026-05-26T01:57:43.355399+00:00
5304,Carob flour,vegan,,2026-05-26T01:57:43.355503+00:00
5305,"CARRABBA'S ITALIAN GRILL, cheese ravioli with marinara sauce",non_vegan,,2026-05-26T01:57:43.355600+00:00
5306,"CARRABBA'S ITALIAN GRILL, chicken parmesan without cavatappi pasta",non_vegan,,2026-05-26T01:57:43.355700+00:00
5307,"CARRABBA'S ITALIAN GRILL, lasagne",non_vegan,,2026-05-26T01:57:43.355796+00:00
5308,"CARRABBA'S ITALIAN GRILL, spaghetti with meat sauce",non_vegan,,2026-05-26T01:57:43.355892+00:00
5309,"CARRABBA'S ITALIAN GRILL, spaghetti with pomodoro sauce",ambiguous,,2026-05-26T01:57:43.355986+00:00
5310,"Carrot juice, canned",vegan,,2026-05-26T01:57:43.356079+00:00
5311,"Carrot, dehydrated",vegan,,2026-05-26T01:57:43.356177+00:00
5312,"Carrots, baby, raw",vegan,,2026-05-26T01:57:43.356306+00:00
5313,"Carrots, canned, no salt added, drained solids",vegan,,2026-05-26T01:57:43.356406+00:00
5314,"Carrots, canned, no salt added, solids and liquids",vegan,,2026-05-26T01:57:43.356553+00:00
5315,"Carrots, canned, regular pack, drained solids",vegan,,2026-05-26T01:57:43.356649+00:00
5316,"Carrots, canned, regular pack, solids and liquids",vegan,,2026-05-26T01:57:43.356734+00:00
5317,"Carrots, cooked, boiled, drained, with salt",vegan,,2026-05-26T01:57:43.356820+00:00
5318,"Carrots, cooked, boiled, drained, without salt",vegan,,2026-05-26T01:57:43.356950+00:00
5319,"Carrots, frozen, cooked, boiled, drained, with salt",vegan,,2026-05-26T01:57:43.357097+00:00
5320,"Carrots, frozen, cooked, boiled, drained, without salt",vegan,,2026-05-26T01:57:43.357239+00:00
5321,"Carrots, frozen, unprepared (Includes foods for USDA's Food Distribution Program)",vegan,,2026-05-26T01:57:43.357478+00:00
5322,"Carrots, mature, raw",vegan,,2026-05-26T01:57:43.357632+00:00
5323,"Carrots, raw",vegan,,2026-05-26T01:57:43.357769+00:00
5324,"Cassava, raw",vegan,,2026-05-26T01:57:43.357867+00:00
5325,Catsup,vegan,,2026-05-26T01:57:43.357958+00:00
5326,"Catsup, low sodium",vegan,,2026-05-26T01:57:43.358085+00:00
5327,"Cauliflower, cooked, boiled, drained, with salt",vegan,,2026-05-26T01:57:43.358226+00:00
5328,"Cauliflower, cooked, boiled, drained, without salt",vegan,,2026-05-26T01:57:43.358597+00:00
5329,"Cauliflower, frozen, cooked, boiled, drained, with salt",vegan,,2026-05-26T01:57:43.358746+00:00
5330,"Cauliflower, frozen, cooked, boiled, drained, without salt",vegan,,2026-05-26T01:57:43.358901+00:00
5331,"Cauliflower, frozen, unprepared",vegan,,2026-05-26T01:57:43.359050+00:00
5332,"Cauliflower, green, cooked, no salt added",vegan,,2026-05-26T01:57:43.359210+00:00
5333,"Cauliflower, green, cooked, with salt",vegan,,2026-05-26T01:57:43.359378+00:00
5334,"Cauliflower, green, raw",vegan,,2026-05-26T01:57:43.359520+00:00
5335,"Celeriac, cooked, boiled, drained, with salt",vegan,,2026-05-26T01:57:43.359633+00:00
5336,"Celeriac, cooked, boiled, drained, without salt",vegan,,2026-05-26T01:57:43.359766+00:00
5337,"Celeriac, raw",vegan,,2026-05-26T01:57:53.470579+00:00
5338,"Celery, cooked, boiled, drained, with salt",vegan,,2026-05-26T01:57:53.470894+00:00
5339,"Celery, cooked, boiled, drained, without salt",vegan,,2026-05-26T01:57:53.471084+00:00
5340,"Celery, raw",vegan,,2026-05-26T01:57:53.471364+00:00
5341,"Celtuce, raw",vegan,,2026-05-26T01:57:53.471557+00:00
5342,"Cereals ready-to-eat, ALPEN",non_vegan,,2026-05-26T01:57:53.471707+00:00
5343,"Cereals ready-to-eat, BARBARA'S PUFFINS, original",vegan,,2026-05-26T01:57:53.471867+00:00
5344,"Cereals ready-to-eat, chocolate-flavored frosted puffed corn",ambiguous,,2026-05-26T01:57:53.472033+00:00
5345,"Cereals ready-to-eat, FAMILIA",non_vegan,,2026-05-26T01:57:53.472230+00:00
5346,"Cereals ready-to-eat, frosted oat cereal with marshmallows",non_vegan,,2026-05-26T01:57:53.472435+00:00
5347,"Cereals ready-to-eat, GENERAL MILLS, CHEERIOS",vegan,,2026-05-26T01:57:53.472520+00:00
5348,"Cereals ready-to-eat, granola, homemade",ambiguous,,2026-05-26T01:57:53.472585+00:00
5349,"Cereals ready-to-eat, HEALTH VALLEY, FIBER 7 Flakes",vegan,,2026-05-26T01:57:53.472645+00:00
5350,"Cereals ready-to-eat, MALT-O-MEAL, Apple ZINGS",vegan,,2026-05-26T01:57:53.472701+00:00
5351,"Cereals ready-to-eat, MALT-O-MEAL, BERRY COLOSSAL CRUNCH",vegan,,2026-05-26T01:57:53.472807+00:00
5352,"Cereals ready-to-eat, MALT-O-MEAL, Blueberry MUFFIN TOPS Cereal",vegan,,2026-05-26T01:57:53.472931+00:00
5353,"Cereals ready-to-eat, MALT-O-MEAL, CHOCOLATE MARSHMALLOW MATEYS",non_vegan,,2026-05-26T01:57:53.473082+00:00
5354,"Cereals ready-to-eat, MALT-O-MEAL, CINNAMON TOASTERS",vegan,,2026-05-26T01:57:53.473230+00:00
5355,"Cereals ready-to-eat, MALT-O-MEAL, COCO-ROOS",vegan,,2026-05-26T01:57:53.473397+00:00
5356,"Cereals ready-to-eat, MALT-O-MEAL, Cocoa DYNO-BITES",vegan,,2026-05-26T01:57:53.473535+00:00
5357,"Cereals ready-to-eat, MALT-O-MEAL, COLOSSAL CRUNCH",vegan,,2026-05-26T01:57:53.473668+00:00
5358,"Cereals ready-to-eat, MALT-O-MEAL, CORN BURSTS",vegan,,2026-05-26T01:57:53.473853+00:00
5359,"Cereals ready-to-eat, MALT-O-MEAL, Crispy Rice",vegan,,2026-05-26T01:57:53.473995+00:00
5360,"Cereals ready-to-eat, MALT-O-MEAL, Frosted Flakes",vegan,,2026-05-26T01:57:53.474113+00:00
5361,"Cereals ready-to-eat, MALT-O-MEAL, Frosted Mini SPOONERS",vegan,,2026-05-26T01:57:53.474211+00:00
5362,"Cereals ready-to-eat, MALT-O-MEAL, Fruity DYNO-BITES",vegan,,2026-05-26T01:57:53.474369+00:00
5363,"Cereals ready-to-eat, MALT-O-MEAL, GOLDEN PUFFS",vegan,,2026-05-26T01:57:53.474469+00:00
5364,"Cereals ready-to-eat, MALT-O-MEAL, Honey BUZZERS",non_vegan,,2026-05-26T01:57:53.474550+00:00
5365,"Cereals ready-to-eat, MALT-O-MEAL, HONEY GRAHAM SQUARES",non_vegan,,2026-05-26T01:57:53.474635+00:00
5366,"Cereals ready-to-eat, MALT-O-MEAL, Honey Nut SCOOTERS",non_vegan,,2026-05-26T01:57:53.474714+00:00
5367,"Cereals ready-to-eat, MALT-O-MEAL, MARSHMALLOW MATEYS",non_vegan,,2026-05-26T01:57:53.474855+00:00
5368,"Cereals ready-to-eat, MALT-O-MEAL, OAT BLENDERS with honey",non_vegan,,2026-05-26T01:57:53.474963+00:00
5369,"Cereals ready-to-eat, MALT-O-MEAL, OAT BLENDERS with honey & almonds",non_vegan,,2026-05-26T01:57:53.475061+00:00
5370,"Cereals ready-to-eat, MALT-O-MEAL, Raisin Bran Cereal",vegan,,2026-05-26T01:57:53.475158+00:00
5371,"Cereals ready-to-eat, MALT-O-MEAL, TOOTIE FRUITIES",vegan,,2026-05-26T01:57:53.475251+00:00
5372,"Cereals ready-to-eat, MOM'S BEST, Honey Nut TOASTY O'S",non_vegan,,2026-05-26T01:57:53.475392+00:00
5373,"Cereals ready-to-eat, MOM'S BEST, Sweetened WHEAT-FULS",vegan,,2026-05-26T01:57:53.475496+00:00
5374,"Cereals ready-to-eat, NATURE'S PATH, Organic FLAX PLUS flakes",vegan,,2026-05-26T01:57:53.475637+00:00
5375,"Cereals ready-to-eat, NATURE'S PATH, Organic FLAX PLUS, Pumpkin Granola",vegan,,2026-05-26T01:57:53.475736+00:00
5376,"Cereals ready-to-eat, OAT BRAN FLAKES, HEALTH VALLEY",vegan,,2026-05-26T01:57:53.475798+00:00
5377,"Cereals ready-to-eat, POST Bran Flakes",vegan,,2026-05-26T01:57:53.475859+00:00
5378,"Cereals ready-to-eat, POST GREAT GRAINS Banana Nut Crunch",non_vegan,,2026-05-26T01:57:53.475922+00:00
5379,"Cereals ready-to-eat, POST GREAT GRAINS Cranberry Almond Crunch",non_vegan,,2026-05-26T01:57:53.475997+00:00
5380,"Cereals ready-to-eat, POST HONEY BUNCHES OF OATS with cinnamon bunches",non_vegan,,2026-05-26T01:57:53.476057+00:00
5381,"Cereals ready-to-eat, POST Raisin Bran Cereal",vegan,,2026-05-26T01:57:53.476114+00:00
5382,"Cereals ready-to-eat, POST SELECTS Blueberry Morning",non_vegan,,2026-05-26T01:57:53.476167+00:00
5383,"Cereals ready-to-eat, POST SELECTS Maple Pecan Crunch",non_vegan,,2026-05-26T01:57:53.476222+00:00
5384,"Cereals ready-to-eat, POST, ALPHA-BITS",vegan,,2026-05-26T01:57:53.476325+00:00
5385,"Cereals ready-to-eat, POST, COCOA PEBBLES",vegan,,2026-05-26T01:57:53.476392+00:00
5386,"Cereals ready-to-eat, POST, FRUITY PEBBLES",vegan,,2026-05-26T01:57:53.476483+00:00
5387,"Chard, swiss, raw",vegan,,2026-05-26T01:58:11.483720+00:00
5388,"Chayote, fruit, cooked, boiled, drained, with salt",vegan,,2026-05-26T01:58:11.483974+00:00
5389,"Chayote, fruit, cooked, boiled, drained, without salt",vegan,,2026-05-26T01:58:11.484091+00:00
5390,"Chayote, fruit, raw",vegan,,2026-05-26T01:58:11.484188+00:00
5391,"Cheese food, cold pack, American",non_vegan,,2026-05-26T01:58:11.486097+00:00
5392,"Cheese food, pasteurized process, American, vitamin D fortified",non_vegan,,2026-05-26T01:58:11.486298+00:00
5393,"Cheese food, pasteurized process, American, without added vitamin D",non_vegan,,2026-05-26T01:58:11.486415+00:00
5394,"Cheese food, pasteurized process, swiss",non_vegan,,2026-05-26T01:58:11.486521+00:00
5395,"Cheese product, pasteurized process, American, reduced fat, fortified with vitamin D",non_vegan,,2026-05-26T01:58:11.486616+00:00
5396,"Cheese product, pasteurized process, American, vitamin D fortified",non_vegan,,2026-05-26T01:58:11.486716+00:00
5397,"Cheese puffs and twists, corn based, baked, low fat",non_vegan,,2026-05-26T01:58:11.486805+00:00
5398,"Cheese sauce, prepared from recipe",non_vegan,,2026-05-26T01:58:11.486903+00:00
5399,"Cheese spread, American or Cheddar cheese base, reduced fat",non_vegan,,2026-05-26T01:58:11.486990+00:00
5400,"Cheese spread, cream cheese base",non_vegan,,2026-05-26T01:58:11.487116+00:00
5401,"Cheese spread, pasteurized process, American",non_vegan,,2026-05-26T01:58:11.487241+00:00
5402,"Cheese substitute, mozzarella",ambiguous,,2026-05-26T01:58:11.487394+00:00
5403,"Cheese, american cheddar, imitation",ambiguous,,2026-05-26T01:58:11.487499+00:00
5404,"Cheese, American, nonfat or fat free",non_vegan,,2026-05-26T01:58:11.487615+00:00
5405,"Cheese, blue",non_vegan,,2026-05-26T01:58:11.487752+00:00
5406,"Cheese, brick",non_vegan,,2026-05-26T01:58:11.487856+00:00
5407,"Cheese, brie",non_vegan,,2026-05-26T01:58:11.488007+00:00
5408,"Cheese, camembert",non_vegan,,2026-05-26T01:58:11.488098+00:00
5409,"Cheese, caraway",non_vegan,,2026-05-26T01:58:11.488189+00:00
5410,"Cheese, cheddar (Includes foods for USDA's Food Distribution Program)",non_vegan,,2026-05-26T01:58:11.488386+00:00
5411,"Cheese, cheddar, nonfat or fat free",non_vegan,,2026-05-26T01:58:11.494818+00:00
5412,"Cheese, cheddar, reduced fat (Includes foods for USDA's Food Distribution Program)",non_vegan,,2026-05-26T01:58:11.494970+00:00
5413,"Cheese, cheddar, sharp, sliced",non_vegan,,2026-05-26T01:58:11.495079+00:00
5414,"Cheese, cheshire",non_vegan,,2026-05-26T01:58:11.495174+00:00
5415,"Cheese, colby",non_vegan,,2026-05-26T01:58:11.495262+00:00
5416,"Cheese, cotija, solid",non_vegan,,2026-05-26T01:58:11.495389+00:00
5417,"Cheese, cottage, creamed, large or small curd",non_vegan,,2026-05-26T01:58:11.495489+00:00
5418,"Cheese, cottage, creamed, with fruit",non_vegan,,2026-05-26T01:58:11.495577+00:00
5419,"Cheese, cottage, lowfat, 1% milkfat",non_vegan,,2026-05-26T01:58:11.495665+00:00
5420,"Cheese, cottage, lowfat, 1% milkfat, lactose reduced",non_vegan,,2026-05-26T01:58:11.495752+00:00
5421,"Cheese, cottage, lowfat, 1% milkfat, no sodium added",non_vegan,,2026-05-26T01:58:11.495836+00:00
5422,"Cheese, cottage, lowfat, 1% milkfat, with vegetables",non_vegan,,2026-05-26T01:58:11.495930+00:00
5423,"Cheese, cottage, lowfat, 2% milkfat",non_vegan,,2026-05-26T01:58:11.496013+00:00
5424,"Cheese, cottage, nonfat, uncreamed, dry, large or small curd",non_vegan,,2026-05-26T01:58:11.496377+00:00
5425,"Cheese, cottage, with vegetables",non_vegan,,2026-05-26T01:58:11.496479+00:00
5426,"Cheese, cream",non_vegan,,2026-05-26T01:58:11.496566+00:00
5427,"Cheese, cream, fat free",non_vegan,,2026-05-26T01:58:11.496656+00:00
5428,"Cheese, cream, low fat",non_vegan,,2026-05-26T01:58:11.496750+00:00
5429,"Cheese, dry white, queso seco",non_vegan,,2026-05-26T01:58:11.496834+00:00
5430,"Cheese, edam",non_vegan,,2026-05-26T01:58:11.496916+00:00
5431,"Cheese, feta",non_vegan,,2026-05-26T01:58:11.497000+00:00
5432,"Cheese, fontina",non_vegan,,2026-05-26T01:58:11.497086+00:00
5433,"Cheese, fresh, queso fresco",non_vegan,,2026-05-26T01:58:11.497214+00:00
5434,"Cheese, gjetost",non_vegan,,2026-05-26T01:58:11.497339+00:00
5435,"Cheese, goat, hard type",non_vegan,,2026-05-26T01:58:11.497430+00:00
5436,"Cheese, goat, semisoft type",non_vegan,,2026-05-26T01:58:11.497547+00:00
5437,"Cereals ready-to-eat, RALSTON CRISP RICE",vegan,,2026-05-26T01:58:22.021357+00:00
5438,"Cereals ready-to-eat, RALSTON Crispy Hexagons",vegan,,2026-05-26T01:58:22.022006+00:00
5439,"Cereals ready-to-eat, RALSTON Enriched Wheat Bran flakes",vegan,,2026-05-26T01:58:22.022208+00:00
5440,"Cereals ready-to-eat, RALSTON TASTEEOS",vegan,,2026-05-26T01:58:22.022628+00:00
5441,"Cereals ready-to-eat, rice, puffed, fortified",vegan,,2026-05-26T01:58:22.022798+00:00
5442,"Cereals ready-to-eat, SUN COUNTRY, KRETSCHMER Honey Crunch Wheat Germ",non_vegan,,2026-05-26T01:58:22.022957+00:00
5443,"Cereals ready-to-eat, SUN COUNTRY, KRETSCHMER Toasted Wheat Bran",vegan,,2026-05-26T01:58:22.023148+00:00
5444,"Cereals ready-to-eat, SUN COUNTRY, KRETSCHMER Wheat Germ, Regular",vegan,,2026-05-26T01:58:22.023377+00:00
5445,"Cereals ready-to-eat, UNCLE SAM CEREAL",vegan,,2026-05-26T01:58:22.023554+00:00
5446,"Cereals ready-to-eat, WEETABIX whole grain cereal",vegan,,2026-05-26T01:58:22.023714+00:00
5447,"Cereals ready-to-eat, wheat and bran, presweetened with nuts and fruits",ambiguous,,2026-05-26T01:58:22.023927+00:00
5448,"Cereals ready-to-eat, wheat germ, toasted, plain",vegan,,2026-05-26T01:58:22.024074+00:00
5449,"Cereals ready-to-eat, wheat, puffed, fortified",vegan,,2026-05-26T01:58:22.024228+00:00
5450,"Cereals, corn grits, white, regular and quick, enriched, cooked with water, with salt",vegan,,2026-05-26T01:58:22.025958+00:00
5451,"Cereals, corn grits, white, regular and quick, enriched, cooked with water, without salt",vegan,,2026-05-26T01:58:22.026201+00:00
5452,"Cereals, corn grits, white, regular and quick, enriched, dry",vegan,,2026-05-26T01:58:22.026409+00:00
5453,"Cereals, corn grits, yellow, regular and quick, enriched, cooked with water, without salt",vegan,,2026-05-26T01:58:22.026591+00:00
5454,"Cereals, corn grits, yellow, regular and quick, unenriched, dry",vegan,,2026-05-26T01:58:22.026749+00:00
5455,"Cereals, corn grits, yellow, regular, quick, enriched, cooked with water, with salt",vegan,,2026-05-26T01:58:22.026909+00:00
5456,"Cereals, CREAM OF RICE, cooked with water, with salt",vegan,,2026-05-26T01:58:22.027075+00:00
5457,"Cereals, CREAM OF RICE, dry",vegan,,2026-05-26T01:58:22.027239+00:00
5458,"Cereals, CREAM OF WHEAT, 1 minute cook time, cooked with water, microwaved, without salt",vegan,,2026-05-26T01:58:22.027645+00:00
5459,"Cereals, CREAM OF WHEAT, 1 minute cook time, cooked with water, stove-top, without salt",vegan,,2026-05-26T01:58:22.027842+00:00
5460,"Cereals, CREAM OF WHEAT, 1 minute cook time, dry",vegan,,2026-05-26T01:58:22.027995+00:00
5461,"Cereals, CREAM OF WHEAT, 2 1/2 minute cook time, cooked with water, microwaved, without salt",vegan,,2026-05-26T01:58:22.028132+00:00
5462,"Cereals, CREAM OF WHEAT, 2 1/2 minute cook time, cooked with water, stove-top, without salt",vegan,,2026-05-26T01:58:22.029257+00:00
5463,"Cereals, CREAM OF WHEAT, 2 1/2 minute cook time, dry",vegan,,2026-05-26T01:58:22.029466+00:00
5464,"Cereals, CREAM OF WHEAT, instant, dry",vegan,,2026-05-26T01:58:22.031322+00:00
5465,"Cereals, CREAM OF WHEAT, instant, prepared with water, without salt",vegan,,2026-05-26T01:58:22.031562+00:00
5466,"Cereals, CREAM OF WHEAT, regular (10 minute), cooked with water, with salt",vegan,,2026-05-26T01:58:22.031725+00:00
5467,"Cereals, CREAM OF WHEAT, regular (10 minute), cooked with water, without salt",vegan,,2026-05-26T01:58:22.031878+00:00
5468,"Cereals, CREAM OF WHEAT, regular, 10 minute cooking, dry",vegan,,2026-05-26T01:58:22.032042+00:00
5469,"Cereals, farina, enriched, assorted brands including CREAM OF WHEAT, quick (1-3 minutes), cooked with water, without salt",vegan,,2026-05-26T01:58:22.032209+00:00
5470,"Cereals, farina, enriched, assorted brands including CREAM OF WHEAT, quick (1-3 minutes), dry",vegan,,2026-05-26T01:58:22.034228+00:00
5471,"Cereals, farina, enriched, cooked with water, with salt",vegan,,2026-05-26T01:58:22.034465+00:00
5472,"Cereals, farina, unenriched, dry",vegan,,2026-05-26T01:58:22.034622+00:00
5473,"Cereals, MALT-O-MEAL, chocolate, dry",non_vegan,,2026-05-26T01:58:22.034787+00:00
5474,"Cereals, MALT-O-MEAL, chocolate, prepared with water, without salt",non_vegan,,2026-05-26T01:58:22.034942+00:00
5475,"Cereals, MALT-O-MEAL, Farina Hot Wheat Cereal, dry",vegan,,2026-05-26T01:58:22.035103+00:00
5476,"Cereals, MALT-O-MEAL, Maple & Brown Sugar Hot Wheat Cereal, dry",vegan,,2026-05-26T01:58:22.038316+00:00
5477,"Cereals, MALT-O-MEAL, original, plain, dry",vegan,,2026-05-26T01:58:22.038626+00:00
5478,"Cereals, MALT-O-MEAL, original, plain, prepared with water, without salt",vegan,,2026-05-26T01:58:22.038859+00:00
5479,"Cereals, Oat Bran, QUAKER, QUAKER/MOTHER'S Oat Bran, prepared with water, salt",vegan,,2026-05-26T01:58:22.039013+00:00
5480,"Cereals, oats, instant, fortified, maple and brown sugar, dry",vegan,,2026-05-26T01:58:22.039179+00:00
5481,"Cereals, oats, instant, fortified, plain, dry",vegan,,2026-05-26T01:58:22.043577+00:00
5482,"Cereals, oats, instant, fortified, plain, prepared with water (boiling water added or microwaved)",vegan,,2026-05-26T01:58:22.043848+00:00
5483,"Cereals, oats, instant, fortified, with cinnamon and spice, dry",vegan,,2026-05-26T01:58:22.044021+00:00
5484,"Cereals, oats, instant, fortified, with cinnamon and spice, prepared with water",vegan,,2026-05-26T01:58:22.044172+00:00
5485,"Cereals, oats, instant, fortified, with raisins and spice, prepared with water",vegan,,2026-05-26T01:58:22.045411+00:00
5486,"Cereals, oats, regular and quick and instant, unenriched, cooked with water (includes boiling and microwaving), with salt",vegan,,2026-05-26T01:58:22.045622+00:00
5487,"Cheese, goat, soft type",non_vegan,,2026-05-26T01:58:28.086412+00:00
5488,"Cheese, gouda",non_vegan,,2026-05-26T01:58:28.086602+00:00
5489,"Cheese, gruyere",non_vegan,,2026-05-26T01:58:28.086691+00:00
5490,"Cheese, limburger",non_vegan,,2026-05-26T01:58:28.086801+00:00
5491,"Cheese, low fat, cheddar or colby",non_vegan,,2026-05-26T01:58:28.086928+00:00
5492,"Cheese, low-sodium, cheddar or colby",non_vegan,,2026-05-26T01:58:28.087064+00:00
5493,"Cheese, Mexican blend",non_vegan,,2026-05-26T01:58:28.087204+00:00
5494,"Cheese, Mexican, blend, reduced fat",non_vegan,,2026-05-26T01:58:28.094389+00:00
5495,"Cheese, mexican, queso anejo",non_vegan,,2026-05-26T01:58:28.094599+00:00
5496,"Cheese, mexican, queso asadero",non_vegan,,2026-05-26T01:58:28.094791+00:00
5497,"Cheese, mexican, queso chihuahua",non_vegan,,2026-05-26T01:58:28.094940+00:00
5498,"Cheese, mexican, queso cotija",non_vegan,,2026-05-26T01:58:28.095092+00:00
5499,"Cheese, monterey",non_vegan,,2026-05-26T01:58:28.095211+00:00
5500,"Cheese, monterey jack, solid",non_vegan,,2026-05-26T01:58:28.099090+00:00
5501,"Cheese, monterey, low fat",non_vegan,,2026-05-26T01:58:28.099344+00:00
5502,"Cheese, mozzarella, low moisture, part-skim",non_vegan,,2026-05-26T01:58:28.099490+00:00
5503,"Cheese, mozzarella, low moisture, part-skim, shredded",non_vegan,,2026-05-26T01:58:28.099654+00:00
5504,"Cheese, mozzarella, low sodium",non_vegan,,2026-05-26T01:58:28.099784+00:00
5505,"Cheese, mozzarella, nonfat",non_vegan,,2026-05-26T01:58:28.099894+00:00
5506,"Cheese, mozzarella, part skim milk",non_vegan,,2026-05-26T01:58:28.100030+00:00
5507,"Cheese, mozzarella, whole milk",non_vegan,,2026-05-26T01:58:28.100162+00:00
5508,"Cheese, mozzarella, whole milk, low moisture",non_vegan,,2026-05-26T01:58:28.100336+00:00
5509,"Cheese, muenster",non_vegan,,2026-05-26T01:58:28.100450+00:00
5510,"Cheese, muenster, low fat",non_vegan,,2026-05-26T01:58:28.100575+00:00
5511,"Cheese, neufchatel",non_vegan,,2026-05-26T01:58:28.100677+00:00
5512,"Cheese, oaxaca, solid",non_vegan,,2026-05-26T01:58:28.100771+00:00
5513,"Cheese, parmesan, dry grated, reduced fat",non_vegan,,2026-05-26T01:58:28.100938+00:00
5514,"Cheese, parmesan, grated",non_vegan,,2026-05-26T01:58:28.101046+00:00
5515,"Cheese, parmesan, grated, refrigerated",non_vegan,,2026-05-26T01:58:28.101146+00:00
5516,"Cheese, parmesan, hard",non_vegan,,2026-05-26T01:58:28.101241+00:00
5517,"Cheese, parmesan, low sodium",non_vegan,,2026-05-26T01:58:28.101403+00:00
5518,"Cheese, parmesan, shredded",non_vegan,,2026-05-26T01:58:28.101526+00:00
5519,"Cheese, pasteurized process cheese food or product, American, singles",non_vegan,,2026-05-26T01:58:28.101628+00:00
5520,"Cheese, pasteurized process, American, fortified with vitamin D",non_vegan,,2026-05-26T01:58:28.101765+00:00
5521,"Cheese, pasteurized process, American, low fat",non_vegan,,2026-05-26T01:58:28.101911+00:00
5522,"Cheese, pasteurized process, American, without added vitamin D",non_vegan,,2026-05-26T01:58:28.102051+00:00
5523,"Cheese, pasteurized process, cheddar or American, low sodium",non_vegan,,2026-05-26T01:58:28.102192+00:00
5524,"Cheese, pasteurized process, pimento",non_vegan,,2026-05-26T01:58:28.103070+00:00
5525,"Cheese, pasteurized process, swiss",non_vegan,,2026-05-26T01:58:28.103229+00:00
5526,"Cheese, port de salut",non_vegan,,2026-05-26T01:58:28.103435+00:00
5527,"Cheese, provolone",non_vegan,,2026-05-26T01:58:28.103602+00:00
5528,"Cheese, provolone, reduced fat",non_vegan,,2026-05-26T01:58:28.103745+00:00
5529,"Cheese, provolone, sliced",non_vegan,,2026-05-26T01:58:28.103884+00:00
5530,"Cheese, queso fresco, solid",non_vegan,,2026-05-26T01:58:28.104021+00:00
5531,"Cheese, ricotta, part skim milk",non_vegan,,2026-05-26T01:58:28.104166+00:00
5532,"Cheese, ricotta, whole milk",non_vegan,,2026-05-26T01:58:28.104340+00:00
5533,"Cheese, romano",non_vegan,,2026-05-26T01:58:28.104495+00:00
5534,"Cheese, roquefort",non_vegan,,2026-05-26T01:58:28.104637+00:00
5535,"Cheese, swiss",non_vegan,,2026-05-26T01:58:28.104737+00:00
5536,"Cheese, swiss, low fat",non_vegan,,2026-05-26T01:58:28.104835+00:00
5537,"Cereals, oats, regular and quick, not fortified, dry",vegan,,2026-05-26T01:58:33.334137+00:00
5538,"Cereals, oats, regular and quick, unenriched, cooked with water (includes boiling and microwaving), without salt",vegan,,2026-05-26T01:58:33.334622+00:00
5539,"Cereals, QUAKER, corn grits, instant, cheddar cheese flavor, dry",non_vegan,,2026-05-26T01:58:33.334760+00:00
5540,"Cereals, QUAKER, corn grits, instant, plain, dry",vegan,,2026-05-26T01:58:33.334872+00:00
5541,"Cereals, QUAKER, corn grits, instant, plain, prepared (microwaved or boiling water added), without salt",vegan,,2026-05-26T01:58:33.334973+00:00
5542,"Cereals, QUAKER, hominy grits, white, quick, dry",vegan,,2026-05-26T01:58:33.335095+00:00
5543,"Cereals, QUAKER, hominy grits, white, regular, dry",vegan,,2026-05-26T01:58:33.335201+00:00
5544,"Cereals, QUAKER, Instant Grits Product with American Cheese Flavor, dry",non_vegan,,2026-05-26T01:58:33.335381+00:00
5545,"Cereals, QUAKER, Instant Grits, Butter flavor, dry",non_vegan,,2026-05-26T01:58:33.335494+00:00
5546,"Cereals, QUAKER, Instant Grits, Country Bacon flavor, dry",non_vegan,,2026-05-26T01:58:33.335590+00:00
5547,"Cereals, QUAKER, Instant Grits, Ham 'n' Cheese flavor, dry",non_vegan,,2026-05-26T01:58:33.335726+00:00
5548,"Cereals, QUAKER, Instant Grits, Redeye Gravy & Country Ham flavor, dry",non_vegan,,2026-05-26T01:58:33.335827+00:00
5549,"Cereals, QUAKER, Instant Oatmeal Organic, Regular",vegan,,2026-05-26T01:58:33.335955+00:00
5550,"Cereals, QUAKER, Instant Oatmeal, Apple and Cinnamon, reduced sugar",vegan,,2026-05-26T01:58:33.336066+00:00
5551,"Cereals, QUAKER, Instant Oatmeal, apples and cinnamon, dry",vegan,,2026-05-26T01:58:33.336172+00:00
5552,"Cereals, QUAKER, Instant Oatmeal, Banana Bread, dry",vegan,,2026-05-26T01:58:33.336308+00:00
5553,"Cereals, QUAKER, Instant Oatmeal, Cinnamon Spice, reduced sugar",vegan,,2026-05-26T01:58:33.336411+00:00
5554,"Cereals, QUAKER, Instant Oatmeal, Cinnamon Swirl, high fiber",vegan,,2026-05-26T01:58:33.336502+00:00
5555,"Cereals, QUAKER, Instant Oatmeal, Cinnamon-Spice, dry",vegan,,2026-05-26T01:58:33.336595+00:00
5556,"Cereals, QUAKER, Instant Oatmeal, DINOSAUR EGGS, Brown Sugar, dry",vegan,,2026-05-26T01:58:33.336687+00:00
5557,"Cereals, QUAKER, Instant Oatmeal, fruit and cream variety, dry",non_vegan,,2026-05-26T01:58:33.336782+00:00
5558,"Cereals, QUAKER, Instant Oatmeal, fruit and cream, variety of flavors, reduced sugar",non_vegan,,2026-05-26T01:58:33.336902+00:00
5559,"Cereals, QUAKER, Instant Oatmeal, maple and brown sugar, dry",vegan,,2026-05-26T01:58:33.337042+00:00
5560,"Cereals, QUAKER, Instant Oatmeal, Raisin and Spice, dry",vegan,,2026-05-26T01:58:33.337179+00:00
5561,"Cereals, QUAKER, Instant Oatmeal, raisins, dates and walnuts, dry",vegan,,2026-05-26T01:58:33.337462+00:00
5562,"Cereals, QUAKER, Instant Oatmeal, weight control, cinnamon",vegan,,2026-05-26T01:58:33.337618+00:00
5563,"Cereals, QUAKER, Oat Bran, QUAKER/MOTHER'S Oat Bran, dry",vegan,,2026-05-26T01:58:33.337755+00:00
5564,"Cereals, QUAKER, Oat Bran, QUAKER/MOTHER'S Oat Bran, prepared with water, no salt",vegan,,2026-05-26T01:58:33.337892+00:00
5565,"Cereals, QUAKER, oatmeal, REAL MEDLEYS, apple walnut, dry",vegan,,2026-05-26T01:58:33.338022+00:00
5566,"Cereals, QUAKER, oatmeal, REAL MEDLEYS, blueberry hazelnut, dry",vegan,,2026-05-26T01:58:33.338156+00:00
5567,"Cereals, QUAKER, oatmeal, REAL MEDLEYS, cherry pistachio, dry",vegan,,2026-05-26T01:58:33.338326+00:00
5568,"Cereals, QUAKER, oatmeal, REAL MEDLEYS, peach almond, dry",vegan,,2026-05-26T01:58:33.338478+00:00
5569,"Cereals, QUAKER, oatmeal, REAL MEDLEYS, summer berry, dry",vegan,,2026-05-26T01:58:33.338622+00:00
5570,"Cereals, QUAKER, QUAKER MultiGrain Oatmeal, dry",vegan,,2026-05-26T01:58:33.338773+00:00
5571,"Cereals, QUAKER, QUAKER MultiGrain Oatmeal, prepared with water, no salt",vegan,,2026-05-26T01:58:33.338916+00:00
5572,"Cereals, QUAKER, QUAKER MultiGrain Oatmeal, prepared with water, salt",vegan,,2026-05-26T01:58:33.339061+00:00
5573,"Cereals, QUAKER, Quick Oats with Iron, Dry",vegan,,2026-05-26T01:58:33.339195+00:00
5574,"Cereals, QUAKER, Quick Oats, Dry",vegan,,2026-05-26T01:58:33.339499+00:00
5575,"Cereals, QUAKER, Weight Control Instant Oatmeal, banana bread",vegan,,2026-05-26T01:58:33.339640+00:00
5576,"Cereals, QUAKER, Weight Control Instant Oatmeal, maple and brown sugar",vegan,,2026-05-26T01:58:33.339773+00:00
5577,"Cereals, QUAKER, Whole Wheat Natural Cereal, dry",vegan,,2026-05-26T01:58:33.339927+00:00
5578,"Cereals, ready-to-eat, MALT-O-MEAL, Blueberry Mini SPOONERS",vegan,,2026-05-26T01:58:33.340063+00:00
5579,"Cereals, WHEATENA, cooked with water",vegan,,2026-05-26T01:58:33.340209+00:00
5580,"Cereals, WHEATENA, cooked with water, with salt",vegan,,2026-05-26T01:58:33.340375+00:00
5581,"Cereals, WHEATENA, dry",vegan,,2026-05-26T01:58:33.340515+00:00
5582,"Cereals, whole wheat hot natural cereal, cooked with water, with salt",vegan,,2026-05-26T01:58:33.340650+00:00
5583,"Cereals, whole wheat hot natural cereal, cooked with water, without salt",vegan,,2026-05-26T01:58:33.340775+00:00
5584,"Cereals, whole wheat hot natural cereal, dry",vegan,,2026-05-26T01:58:33.340905+00:00
5585,"Chard, swiss, cooked, boiled, drained, with salt",vegan,,2026-05-26T01:58:33.341038+00:00
5586,"Chard, swiss, cooked, boiled, drained, without salt",vegan,,2026-05-26T01:58:33.341168+00:00
5587,"Cereals ready-to-eat, POST, GOLDEN CRISP",non_vegan,,2026-05-26T01:58:44.607184+00:00
5588,"Cereals ready-to-eat, POST, GRAPE-NUTS Cereal",vegan,,2026-05-26T01:58:44.607518+00:00
5589,"Cereals ready-to-eat, POST, GRAPE-NUTS Flakes",vegan,,2026-05-26T01:58:44.607651+00:00
5590,"Cereals ready-to-eat, POST, GREAT GRAINS Crunchy Pecan Cereal",non_vegan,,2026-05-26T01:58:44.607757+00:00
5591,"Cereals ready-to-eat, POST, GREAT GRAINS, Raisin, Date & Pecan",non_vegan,,2026-05-26T01:58:44.607857+00:00
5592,"Cereals ready-to-eat, POST, HONEY BUNCHES OF OATS with vanilla bunches",non_vegan,,2026-05-26T01:58:44.607958+00:00
5593,"Cereals ready-to-eat, POST, HONEY BUNCHES OF OATS, honey roasted",non_vegan,,2026-05-26T01:58:44.608065+00:00
5594,"Cereals ready-to-eat, POST, HONEY BUNCHES OF OATS, pecan bunches",non_vegan,,2026-05-26T01:58:44.608177+00:00
5595,"Cereals ready-to-eat, POST, HONEY BUNCHES OF OATS, with almonds",non_vegan,,2026-05-26T01:58:44.608314+00:00
5596,"Cereals ready-to-eat, POST, HONEY BUNCHES OF OATS, with real strawberries",non_vegan,,2026-05-26T01:58:44.611609+00:00
5597,"Cereals ready-to-eat, POST, Honey Nut Shredded Wheat",non_vegan,,2026-05-26T01:58:44.611765+00:00
5598,"Cereals ready-to-eat, POST, Honeycomb Cereal",non_vegan,,2026-05-26T01:58:44.611875+00:00
5599,"Cereals ready-to-eat, POST, Shredded Wheat n' Bran, spoon-size",vegan,,2026-05-26T01:58:44.611966+00:00
5600,"Cereals ready-to-eat, POST, Shredded Wheat, lightly frosted, spoon-size",vegan,,2026-05-26T01:58:44.612053+00:00
5601,"Cereals ready-to-eat, POST, Shredded Wheat, original big biscuit",vegan,,2026-05-26T01:58:44.612185+00:00
5602,"Cereals ready-to-eat, POST, Shredded Wheat, original spoon-size",vegan,,2026-05-26T01:58:44.612315+00:00
5603,"Cereals ready-to-eat, Post, Waffle Crisp",non_vegan,,2026-05-26T01:58:44.612420+00:00
5604,"Cereals ready-to-eat, QUAKER Oatmeal Squares, Golden Maple",vegan,,2026-05-26T01:58:44.612531+00:00
5605,"Cereals ready-to-eat, QUAKER WHOLE HEARTS oat cereal",ambiguous,,2026-05-26T01:58:44.612623+00:00
5606,"Cereals ready-to-eat, QUAKER, 100% Natural Granola, Oats, Wheat and Honey",non_vegan,,2026-05-26T01:58:44.612715+00:00
5607,"Cereals ready-to-eat, QUAKER, CAP'N CRUNCH",vegan,,2026-05-26T01:58:44.612814+00:00
5608,"Cereals ready-to-eat, QUAKER, CAP'N CRUNCH with CRUNCHBERRIES",vegan,,2026-05-26T01:58:44.612911+00:00
5609,"Cereals ready-to-eat, QUAKER, CAP'N CRUNCH'S Halloween Crunch",vegan,,2026-05-26T01:58:44.613006+00:00
5610,"Cereals ready-to-eat, QUAKER, Cap'n Crunch's OOPS! All Berries Cereal",vegan,,2026-05-26T01:58:44.613123+00:00
5611,"Cereals ready-to-eat, QUAKER, CAP'N CRUNCH'S PEANUT BUTTER CRUNCH",ambiguous,,2026-05-26T01:58:44.613332+00:00
5612,"Cereals ready-to-eat, QUAKER, Christmas Crunch",vegan,,2026-05-26T01:58:44.613476+00:00
5613,"Cereals ready-to-eat, QUAKER, HONEY GRAHAM OH!S",non_vegan,,2026-05-26T01:58:44.613619+00:00
5614,"Cereals ready-to-eat, QUAKER, KING VITAMAN",vegan,,2026-05-26T01:58:44.613754+00:00
5615,"Cereals ready-to-eat, QUAKER, Low Fat 100% Natural Granola with Raisins",ambiguous,,2026-05-26T01:58:44.613886+00:00
5616,"Cereals ready-to-eat, QUAKER, Maple Brown Sugar LIFE Cereal",vegan,,2026-05-26T01:58:44.614015+00:00
5617,"Cereals ready-to-eat, QUAKER, MOTHER'S Cinnamon Oat Crunch",non_vegan,,2026-05-26T01:58:44.614163+00:00
5618,"Cereals ready-to-eat, QUAKER, MOTHER'S COCOA BUMPERS",ambiguous,,2026-05-26T01:58:44.614328+00:00
5619,"Cereals ready-to-eat, QUAKER, MOTHER'S GRAHAM BUMPERS",ambiguous,,2026-05-26T01:58:44.614464+00:00
5620,"Cereals ready-to-eat, QUAKER, MOTHER'S PEANUT BUTTER BUMPERS Cereal",ambiguous,,2026-05-26T01:58:44.614598+00:00
5621,"Cereals ready-to-eat, QUAKER, MOTHER'S Toasted Oat Bran cereal",vegan,,2026-05-26T01:58:44.614780+00:00
5622,"Cereals ready-to-eat, QUAKER, Natural Granola Apple Cranberry Almond",non_vegan,,2026-05-26T01:58:44.614917+00:00
5623,"Cereals ready-to-eat, QUAKER, Oatmeal Squares",vegan,,2026-05-26T01:58:44.618039+00:00
5624,"Cereals ready-to-eat, QUAKER, Oatmeal Squares, cinnamon",vegan,,2026-05-26T01:58:44.618228+00:00
5625,"Cereals ready-to-eat, QUAKER, QUAKER 100% Natural Granola with Oats, Wheat, Honey, and Raisins",non_vegan,,2026-05-26T01:58:44.618407+00:00
5626,"Cereals ready-to-eat, QUAKER, QUAKER CRUNCHY BRAN",vegan,,2026-05-26T01:58:44.618548+00:00
5627,"Cereals ready-to-eat, QUAKER, QUAKER Honey Graham LIFE Cereal",non_vegan,,2026-05-26T01:58:44.618689+00:00
5628,"Cereals ready-to-eat, QUAKER, QUAKER OAT CINNAMON LIFE",vegan,,2026-05-26T01:58:44.618818+00:00
5629,"Cereals ready-to-eat, QUAKER, QUAKER OAT LIFE, plain",vegan,,2026-05-26T01:58:44.619233+00:00
5630,"Cereals ready-to-eat, QUAKER, QUAKER Puffed Rice",vegan,,2026-05-26T01:58:44.619407+00:00
5631,"Cereals ready-to-eat, QUAKER, QUAKER Puffed Wheat",vegan,,2026-05-26T01:58:44.619542+00:00
5632,"Cereals ready-to-eat, QUAKER, Shredded Wheat, bagged cereal",vegan,,2026-05-26T01:58:44.619695+00:00
5633,"Cereals ready-to-eat, QUAKER, SWEET CRUNCH/QUISP",ambiguous,,2026-05-26T01:58:44.619842+00:00
5634,"Cereals ready-to-eat, QUAKER, Toasted Multigrain Crisps",vegan,,2026-05-26T01:58:44.619978+00:00
5635,"Cereals ready-to-eat, RALSTON Corn Biscuits",vegan,,2026-05-26T01:58:44.620429+00:00
5636,"Cereals ready-to-eat, RALSTON Corn Flakes",vegan,,2026-05-26T01:58:44.620598+00:00
5637,"Chicken, broiler, rotisserie, BBQ, breast, meat only",non_vegan,,2026-05-26T01:58:44.809095+00:00
5638,"Chicken, broiler, rotisserie, BBQ, drumstick, meat and skin",non_vegan,,2026-05-26T01:58:44.809414+00:00
5639,"Chicken, broiler, rotisserie, BBQ, drumstick, meat only",non_vegan,,2026-05-26T01:58:44.809600+00:00
5640,"Chicken, broiler, rotisserie, BBQ, skin",non_vegan,,2026-05-26T01:58:44.809754+00:00
5641,"Chicken, broiler, rotisserie, BBQ, thigh, meat and skin",non_vegan,,2026-05-26T01:58:44.809918+00:00
5642,"Chicken, broiler, rotisserie, BBQ, thigh, meat only",non_vegan,,2026-05-26T01:58:44.810055+00:00
5643,"Chicken, broiler, rotisserie, BBQ, wing, meat and skin",non_vegan,,2026-05-26T01:58:44.810190+00:00
5644,"Chicken, broiler, rotisserie, BBQ, wing, meat only",non_vegan,,2026-05-26T01:58:44.810359+00:00
5645,"Chicken, broilers or fryers,  rotisserie, original seasoning, drumstick, meat and skin, cooked",non_vegan,,2026-05-26T01:58:44.810494+00:00
5646,"Chicken, broilers or fryers, back, meat and skin, cooked, fried, batter",non_vegan,,2026-05-26T01:58:44.810625+00:00
5647,"Chicken, broilers or fryers, back, meat and skin, cooked, fried, flour",non_vegan,,2026-05-26T01:58:44.810775+00:00
5648,"Chicken, broilers or fryers, back, meat and skin, cooked, roasted",non_vegan,,2026-05-26T01:58:44.810977+00:00
5649,"Chicken, broilers or fryers, back, meat and skin, cooked, stewed",non_vegan,,2026-05-26T01:58:44.811128+00:00
5650,"Chicken, broilers or fryers, back, meat and skin, raw",non_vegan,,2026-05-26T01:58:44.811327+00:00
5651,"Chicken, broilers or fryers, back, meat only, cooked, fried",non_vegan,,2026-05-26T01:58:44.811486+00:00
5652,"Chicken, broilers or fryers, back, meat only, cooked, roasted",non_vegan,,2026-05-26T01:58:44.811648+00:00
5653,"Chicken, broilers or fryers, back, meat only, cooked, stewed",non_vegan,,2026-05-26T01:58:44.811801+00:00
5654,"Chicken, broilers or fryers, back, meat only, raw",non_vegan,,2026-05-26T01:58:44.811990+00:00
5655,"Chicken, broilers or fryers, breast, meat and skin, cooked, fried, batter",non_vegan,,2026-05-26T01:58:44.812562+00:00
5656,"Chicken, broilers or fryers, breast, meat and skin, cooked, fried, flour",non_vegan,,2026-05-26T01:58:44.812756+00:00
5657,"Chicken, broilers or fryers, breast, meat and skin, cooked, roasted",non_vegan,,2026-05-26T01:58:44.812912+00:00
5658,"Chicken, broilers or fryers, breast, meat and skin, cooked, stewed",non_vegan,,2026-05-26T01:58:44.813046+00:00
5659,"Chicken, broilers or fryers, breast, meat and skin, raw",non_vegan,,2026-05-26T01:58:44.813148+00:00
5660,"Chicken, broilers or fryers, breast, meat only, cooked, fried",non_vegan,,2026-05-26T01:58:44.813255+00:00
5661,"Chicken, broilers or fryers, breast, meat only, cooked, roasted",non_vegan,,2026-05-26T01:58:44.813460+00:00
5662,"Chicken, broilers or fryers, breast, meat only, cooked, stewed",non_vegan,,2026-05-26T01:58:44.813539+00:00
5663,"Chicken, broilers or fryers, breast, skinless, boneless, meat only, with added solution, raw",non_vegan,,2026-05-26T01:58:44.813596+00:00
5664,"Chicken, broilers or fryers, dark meat, drumstick, meat and skin, cooked, braised",non_vegan,,2026-05-26T01:58:44.813658+00:00
5665,"Chicken, broilers or fryers, dark meat, drumstick, meat only, cooked, braised",non_vegan,,2026-05-26T01:58:44.813789+00:00
5666,"Chicken, broilers or fryers, dark meat, drumstick, meat only, cooked, roasted",non_vegan,,2026-05-26T01:58:44.813893+00:00
5667,"Chicken, broilers or fryers, dark meat, drumstick, meat only, raw",non_vegan,,2026-05-26T01:58:44.814015+00:00
5668,"Chicken, broilers or fryers, dark meat, meat and skin, cooked, fried, batter",non_vegan,,2026-05-26T01:58:44.814113+00:00
5669,"Chicken, broilers or fryers, dark meat, meat and skin, cooked, fried, flour",non_vegan,,2026-05-26T01:58:44.814222+00:00
5670,"Chicken, broilers or fryers, dark meat, meat and skin, cooked, roasted",non_vegan,,2026-05-26T01:58:44.814510+00:00
5671,"Chicken, broilers or fryers, dark meat, meat and skin, cooked, stewed",non_vegan,,2026-05-26T01:58:44.814583+00:00
5672,"Chicken, broilers or fryers, dark meat, meat and skin, raw",non_vegan,,2026-05-26T01:58:44.814657+00:00
5673,"Chicken, broilers or fryers, dark meat, meat only, cooked, fried",non_vegan,,2026-05-26T01:58:44.814719+00:00
5674,"Chicken, broilers or fryers, dark meat, meat only, cooked, roasted",non_vegan,,2026-05-26T01:58:44.814775+00:00
5675,"Chicken, broilers or fryers, dark meat, meat only, cooked, stewed",non_vegan,,2026-05-26T01:58:44.814844+00:00
5676,"Chicken, broilers or fryers, dark meat, meat only, raw",non_vegan,,2026-05-26T01:58:44.814944+00:00
5677,"Chicken, broilers or fryers, dark meat, thigh, meat and skin, cooked, braised",non_vegan,,2026-05-26T01:58:44.815084+00:00
5678,"Chicken, broilers or fryers, dark meat, thigh, meat only, cooked, braised",non_vegan,,2026-05-26T01:58:44.815185+00:00
5679,"Chicken, broilers or fryers, dark meat, thigh, meat only, raw",non_vegan,,2026-05-26T01:58:44.815309+00:00
5680,"Chicken, broilers or fryers, drumstick, meat and skin, cooked, fried, batter",non_vegan,,2026-05-26T01:58:44.815415+00:00
5681,"Chicken, broilers or fryers, drumstick, meat and skin, cooked, fried, flour",non_vegan,,2026-05-26T01:58:44.815512+00:00
5682,"Chicken, broilers or fryers, drumstick, meat and skin, cooked, roasted",non_vegan,,2026-05-26T01:58:44.815608+00:00
5683,"Chicken, broilers or fryers, drumstick, meat and skin, cooked, stewed",non_vegan,,2026-05-26T01:58:44.815704+00:00
5684,"Chicken, broilers or fryers, drumstick, meat and skin, raw",non_vegan,,2026-05-26T01:58:44.815796+00:00
5685,"Chicken, broilers or fryers, drumstick, meat only, cooked, fried",non_vegan,,2026-05-26T01:58:44.815860+00:00
5686,"Chicken, broilers or fryers, drumstick, meat only, cooked, stewed",non_vegan,,2026-05-26T01:58:44.815919+00:00
5687,"Cheese, swiss, low sodium",non_vegan,,2026-05-26T01:58:48.041915+00:00
5688,"Cheese, Swiss, nonfat or fat free",non_vegan,,2026-05-26T01:58:48.042187+00:00
5689,"Cheese, tilsit",non_vegan,,2026-05-26T01:58:48.042357+00:00
5690,"Cheese, white, queso blanco",non_vegan,,2026-05-26T01:58:48.042478+00:00
5691,"Cheesefurter, cheese smokie, pork, beef",non_vegan,,2026-05-26T01:58:48.042584+00:00
5692,"Cherimoya, raw",vegan,,2026-05-26T01:58:48.042697+00:00
5693,"Cherries, sour, canned, water pack, drained",vegan,,2026-05-26T01:58:48.042805+00:00
5694,"Cherries, sour, red, canned, extra heavy syrup pack, solids and liquids",vegan,,2026-05-26T01:58:48.042917+00:00
5695,"Cherries, sour, red, canned, heavy syrup pack, solids and liquids",vegan,,2026-05-26T01:58:48.043022+00:00
5696,"Cherries, sour, red, canned, light syrup pack, solids and liquids",vegan,,2026-05-26T01:58:48.043125+00:00
5697,"Cherries, sour, red, canned, water pack, solids and liquids",vegan,,2026-05-26T01:58:48.043222+00:00
5698,"Cherries, sour, red, frozen, unsweetened (Includes foods for USDA's Food Distribution Program)",vegan,,2026-05-26T01:58:48.046577+00:00
5699,"Cherries, sour, red, raw",vegan,,2026-05-26T01:58:48.046748+00:00
5700,"Cherries, sweet, canned, extra heavy syrup pack, solids and liquids",vegan,,2026-05-26T01:58:48.046863+00:00
5701,"Cherries, sweet, canned, juice pack, solids and liquids",vegan,,2026-05-26T01:58:48.046969+00:00
5702,"Cherries, sweet, canned, light syrup pack, solids and liquids",vegan,,2026-05-26T01:58:48.047073+00:00
5703,"Cherries, sweet, canned, pitted, heavy syrup pack, solids and liquids",vegan,,2026-05-26T01:58:48.047212+00:00
5704,"Cherries, sweet, canned, pitted, heavy syrup, drained",vegan,,2026-05-26T01:58:48.047342+00:00
5705,"Cherries, sweet, canned, water pack, solids and liquids",vegan,,2026-05-26T01:58:48.047437+00:00
5706,"Cherries, sweet, dark red, raw",vegan,,2026-05-26T01:58:48.047855+00:00
5707,"Cherries, sweet, raw",vegan,,2026-05-26T01:58:48.047971+00:00
5708,"Cherries, tart, dried, sweetened (Includes foods for USDA's Food Distribution Program)",vegan,,2026-05-26T01:58:48.048063+00:00
5709,"Cherry juice, tart",vegan,,2026-05-26T01:58:48.048155+00:00
5710,Chewing gum,ambiguous,,2026-05-26T01:58:48.048249+00:00
5711,"Chewing gum, sugarless",ambiguous,,2026-05-26T01:58:48.048532+00:00
5712,"Chia seeds, dry, raw",vegan,,2026-05-26T01:58:48.048631+00:00
5713,"CHICK-FIL-A, Chick-n-Strips",non_vegan,,2026-05-26T01:58:48.048721+00:00
5714,"CHICK-FIL-A, chicken sandwich",non_vegan,,2026-05-26T01:58:48.048859+00:00
5715,"CHICK-FIL-A, hash browns",non_vegan,,2026-05-26T01:58:48.048954+00:00
5716,"Chicken breast tenders, breaded, cooked, microwaved",non_vegan,,2026-05-26T01:58:48.049040+00:00
5717,"Chicken breast tenders, breaded, uncooked",non_vegan,,2026-05-26T01:58:48.049148+00:00
5718,"Chicken breast, deli, rotisserie seasoned, sliced, prepackaged",non_vegan,,2026-05-26T01:58:48.049238+00:00
5719,"Chicken breast, fat-free, mesquite flavor, sliced",non_vegan,,2026-05-26T01:58:48.049362+00:00
5720,"Chicken breast, oven-roasted, fat-free, sliced",non_vegan,,2026-05-26T01:58:48.049457+00:00
5721,"Chicken breast, roll, oven-roasted",non_vegan,,2026-05-26T01:58:48.049552+00:00
5722,"Chicken patty, frozen, cooked",non_vegan,,2026-05-26T01:58:48.049652+00:00
5723,"Chicken patty, frozen, uncooked",non_vegan,,2026-05-26T01:58:48.049760+00:00
5724,"Chicken pot pie, frozen entree, prepared",non_vegan,,2026-05-26T01:58:48.049855+00:00
5725,Chicken spread,non_vegan,,2026-05-26T01:58:48.049955+00:00
5726,"Chicken tenders, breaded, frozen, prepared",non_vegan,,2026-05-26T01:58:48.050062+00:00
5727,"Chicken, breast, boneless, skinless, raw",non_vegan,,2026-05-26T01:58:48.050174+00:00
5728,"Chicken, breast, meat and skin, raw",non_vegan,,2026-05-26T01:58:48.053356+00:00
5729,"Chicken, broiler or fryers, breast, skinless, boneless, meat only, cooked, braised",non_vegan,,2026-05-26T01:58:48.053566+00:00
5730,"Chicken, broiler or fryers, breast, skinless, boneless, meat only, cooked, grilled",non_vegan,,2026-05-26T01:58:48.053705+00:00
5731,"Chicken, broiler or fryers, breast, skinless, boneless, meat only, raw",non_vegan,,2026-05-26T01:58:48.053809+00:00
5732,"Chicken, broiler or fryers, breast, skinless, boneless, meat only, with added solution, cooked, braised",non_vegan,,2026-05-26T01:58:48.053952+00:00
5733,"Chicken, broiler or fryers, breast, skinless, boneless, meat only, with added solution, cooked, grilled",non_vegan,,2026-05-26T01:58:48.054048+00:00
5734,"Chicken, broiler, rotisserie, BBQ, back meat only",non_vegan,,2026-05-26T01:58:48.054141+00:00
5735,"Chicken, broiler, rotisserie, BBQ, back, meat and skin",non_vegan,,2026-05-26T01:58:48.054232+00:00
5736,"Chicken, broiler, rotisserie, BBQ, breast, meat and skin",non_vegan,,2026-05-26T01:58:48.054359+00:00
5737,"Chicken, broilers or fryers, drumstick, rotisserie, original seasoning, meat only, cooked",non_vegan,,2026-05-26T01:58:49.920252+00:00
5738,"Chicken, broilers or fryers, giblets, cooked, fried",non_vegan,,2026-05-26T01:58:49.920537+00:00
5739,"Chicken, broilers or fryers, giblets, cooked, simmered",non_vegan,,2026-05-26T01:58:49.920653+00:00
5740,"Chicken, broilers or fryers, giblets, raw",non_vegan,,2026-05-26T01:58:49.920748+00:00
5741,"Chicken, broilers or fryers, leg, meat and skin, cooked, fried, batter",non_vegan,,2026-05-26T01:58:49.920836+00:00
5742,"Chicken, broilers or fryers, leg, meat and skin, cooked, fried, flour",non_vegan,,2026-05-26T01:58:49.920923+00:00
5743,"Chicken, broilers or fryers, leg, meat and skin, cooked, roasted",non_vegan,,2026-05-26T01:58:49.921007+00:00
5744,"Chicken, broilers or fryers, leg, meat and skin, cooked, stewed",non_vegan,,2026-05-26T01:58:49.921090+00:00
5745,"Chicken, broilers or fryers, leg, meat and skin, raw",non_vegan,,2026-05-26T01:58:49.921174+00:00
5746,"Chicken, broilers or fryers, leg, meat only, cooked, fried",non_vegan,,2026-05-26T01:58:49.921304+00:00
5747,"Chicken, broilers or fryers, leg, meat only, cooked, roasted",non_vegan,,2026-05-26T01:58:49.921397+00:00
5748,"Chicken, broilers or fryers, leg, meat only, cooked, stewed",non_vegan,,2026-05-26T01:58:49.921515+00:00
5749,"Chicken, broilers or fryers, leg, meat only, raw",non_vegan,,2026-05-26T01:58:49.921602+00:00
5750,"Chicken, broilers or fryers, light meat, meat and skin, cooked, fried, batter",non_vegan,,2026-05-26T01:58:49.921685+00:00
5751,"Chicken, broilers or fryers, light meat, meat and skin, cooked, fried, flour",non_vegan,,2026-05-26T01:58:49.921767+00:00
5752,"Chicken, broilers or fryers, light meat, meat and skin, cooked, roasted",non_vegan,,2026-05-26T01:58:49.921851+00:00
5753,"Chicken, broilers or fryers, light meat, meat and skin, cooked, stewed",non_vegan,,2026-05-26T01:58:49.921932+00:00
5754,"Chicken, broilers or fryers, light meat, meat and skin, raw",non_vegan,,2026-05-26T01:58:49.922066+00:00
5755,"Chicken, broilers or fryers, light meat, meat only, cooked, fried",non_vegan,,2026-05-26T01:58:49.922153+00:00
5756,"Chicken, broilers or fryers, light meat, meat only, cooked, roasted",non_vegan,,2026-05-26T01:58:49.922237+00:00
5757,"Chicken, broilers or fryers, light meat, meat only, cooked, stewed",non_vegan,,2026-05-26T01:58:49.933166+00:00
5758,"Chicken, broilers or fryers, light meat, meat only, raw",non_vegan,,2026-05-26T01:58:49.933376+00:00
5759,"Chicken, broilers or fryers, meat and skin and giblets and neck, cooked, fried, batter",non_vegan,,2026-05-26T01:58:49.933506+00:00
5760,"Chicken, broilers or fryers, meat and skin and giblets and neck, cooked, fried, flour",non_vegan,,2026-05-26T01:58:49.933626+00:00
5761,"Chicken, broilers or fryers, meat and skin and giblets and neck, raw",non_vegan,,2026-05-26T01:58:49.933741+00:00
5762,"Chicken, broilers or fryers, meat and skin and giblets and neck, roasted",non_vegan,,2026-05-26T01:58:49.933848+00:00
5763,"Chicken, broilers or fryers, meat and skin and giblets and neck, stewed",non_vegan,,2026-05-26T01:58:49.934013+00:00
5764,"Chicken, broilers or fryers, meat and skin, cooked, fried, batter",non_vegan,,2026-05-26T01:58:49.934129+00:00
5765,"Chicken, broilers or fryers, meat and skin, cooked, fried, flour",non_vegan,,2026-05-26T01:58:49.934240+00:00
5766,"Chicken, broilers or fryers, meat and skin, cooked, roasted",non_vegan,,2026-05-26T01:58:49.934379+00:00
5767,"Chicken, broilers or fryers, meat and skin, cooked, stewed",non_vegan,,2026-05-26T01:58:49.934483+00:00
5768,"Chicken, broilers or fryers, meat and skin, raw",non_vegan,,2026-05-26T01:58:49.934583+00:00
5769,"Chicken, broilers or fryers, meat only, cooked, fried",non_vegan,,2026-05-26T01:58:49.934687+00:00
5770,"Chicken, broilers or fryers, meat only, cooked, roasted",non_vegan,,2026-05-26T01:58:49.934785+00:00
5771,"Chicken, broilers or fryers, meat only, cooked, stewed",non_vegan,,2026-05-26T01:58:49.934891+00:00
5772,"Chicken, broilers or fryers, meat only, raw",non_vegan,,2026-05-26T01:58:49.934990+00:00
5773,"Chicken, broilers or fryers, neck, meat and skin, cooked simmered",non_vegan,,2026-05-26T01:58:49.935081+00:00
5774,"Chicken, broilers or fryers, neck, meat and skin, cooked, fried, batter",non_vegan,,2026-05-26T01:58:49.935184+00:00
5775,"Chicken, broilers or fryers, neck, meat and skin, cooked, fried, flour",non_vegan,,2026-05-26T01:58:49.942906+00:00
5776,"Chicken, broilers or fryers, neck, meat and skin, raw",non_vegan,,2026-05-26T01:58:49.943098+00:00
5777,"Chicken, broilers or fryers, neck, meat only, cooked, fried",non_vegan,,2026-05-26T01:58:49.943222+00:00
5778,"Chicken, broilers or fryers, neck, meat only, cooked, simmered",non_vegan,,2026-05-26T01:58:49.949252+00:00
5779,"Chicken, broilers or fryers, neck, meat only, raw",non_vegan,,2026-05-26T01:58:49.949456+00:00
5780,"Chicken, broilers or fryers, rotisserie, original seasoning, back, meat and skin, cooked",non_vegan,,2026-05-26T01:58:49.949745+00:00
5781,"Chicken, broilers or fryers, rotisserie, original seasoning, back, meat only, cooked",non_vegan,,2026-05-26T01:58:49.949881+00:00
5782,"Chicken, broilers or fryers, rotisserie, original seasoning, breast, meat and skin, cooked",non_vegan,,2026-05-26T01:58:49.949988+00:00
5783,"Chicken, broilers or fryers, rotisserie, original seasoning, breast, meat only, cooked",non_vegan,,2026-05-26T01:58:49.951143+00:00
5784,"Chicken, broilers or fryers, rotisserie, original seasoning, skin only, cooked",non_vegan,,2026-05-26T01:58:49.952576+00:00
5785,"Chicken, broilers or fryers, rotisserie, original seasoning, thigh, meat and skin, cooked",non_vegan,,2026-05-26T01:58:49.952752+00:00
5786,"Chicken, broilers or fryers, rotisserie, original seasoning, thigh, meat only, cooked",non_vegan,,2026-05-26T01:58:49.952890+00:00
5787,"Chicken, broilers or fryers, rotisserie, original seasoning, wing, meat and skin, cooked",non_vegan,,2026-05-26T01:59:00.255082+00:00
5788,"Chicken, broilers or fryers, rotisserie, original seasoning, wing, meat only, cooked",non_vegan,,2026-05-26T01:59:00.255427+00:00
5789,"Chicken, broilers or fryers, separable fat, raw",non_vegan,,2026-05-26T01:59:00.255617+00:00
5790,"Chicken, broilers or fryers, skin only, cooked, fried, batter",non_vegan,,2026-05-26T01:59:00.255784+00:00
5791,"Chicken, broilers or fryers, skin only, cooked, fried, flour",non_vegan,,2026-05-26T01:59:00.255952+00:00
5792,"Chicken, broilers or fryers, skin only, cooked, roasted",non_vegan,,2026-05-26T01:59:00.256124+00:00
5793,"Chicken, broilers or fryers, skin only, cooked, stewed",non_vegan,,2026-05-26T01:59:00.256404+00:00
5794,"Chicken, broilers or fryers, skin only, raw",non_vegan,,2026-05-26T01:59:00.256581+00:00
5795,"Chicken, broilers or fryers, thigh, meat and skin, cooked, fried, batter",non_vegan,,2026-05-26T01:59:00.256735+00:00
5796,"Chicken, broilers or fryers, thigh, meat and skin, cooked, fried, flour",non_vegan,,2026-05-26T01:59:00.256894+00:00
5797,"Chicken, broilers or fryers, thigh, meat and skin, cooked, roasted",non_vegan,,2026-05-26T01:59:00.257071+00:00
5798,"Chicken, broilers or fryers, thigh, meat and skin, cooked, stewed",non_vegan,,2026-05-26T01:59:00.257227+00:00
5799,"Chicken, broilers or fryers, thigh, meat and skin, raw",non_vegan,,2026-05-26T01:59:00.257418+00:00
5800,"Chicken, broilers or fryers, thigh, meat only, cooked, fried",non_vegan,,2026-05-26T01:59:00.257571+00:00
5801,"Chicken, broilers or fryers, thigh, meat only, cooked, roasted",non_vegan,,2026-05-26T01:59:00.257669+00:00
5802,"Chicken, broilers or fryers, thigh, meat only, cooked, stewed",non_vegan,,2026-05-26T01:59:00.257742+00:00
5803,"Chicken, broilers or fryers, wing, meat and skin, cooked, fried, batter",non_vegan,,2026-05-26T01:59:00.257829+00:00
5804,"Chicken, broilers or fryers, wing, meat and skin, cooked, fried, flour",non_vegan,,2026-05-26T01:59:00.257898+00:00
5805,"Chicken, broilers or fryers, wing, meat and skin, cooked, roasted",non_vegan,,2026-05-26T01:59:00.257962+00:00
5806,"Chicken, broilers or fryers, wing, meat and skin, cooked, stewed",non_vegan,,2026-05-26T01:59:00.258025+00:00
5807,"Chicken, broilers or fryers, wing, meat and skin, raw",non_vegan,,2026-05-26T01:59:00.258088+00:00
5808,"Chicken, broilers or fryers, wing, meat only, cooked, fried",non_vegan,,2026-05-26T01:59:00.258151+00:00
5809,"Chicken, broilers or fryers, wing, meat only, cooked, roasted",non_vegan,,2026-05-26T01:59:00.258304+00:00
5810,"Chicken, broilers or fryers, wing, meat only, cooked, stewed",non_vegan,,2026-05-26T01:59:00.258501+00:00
5811,"Chicken, broilers or fryers, wing, meat only, raw",non_vegan,,2026-05-26T01:59:00.258623+00:00
5812,"Chicken, canned, meat only, with broth",non_vegan,,2026-05-26T01:59:00.258757+00:00
5813,"Chicken, canned, no broth",non_vegan,,2026-05-26T01:59:00.258921+00:00
5814,"Chicken, capons, giblets, cooked, simmered",non_vegan,,2026-05-26T01:59:00.259066+00:00
5815,"Chicken, capons, giblets, raw",non_vegan,,2026-05-26T01:59:00.259208+00:00
5816,"Chicken, capons, meat and skin and giblets and neck, cooked, roasted",non_vegan,,2026-05-26T01:59:00.259485+00:00
5817,"Chicken, capons, meat and skin and giblets and neck, raw",non_vegan,,2026-05-26T01:59:00.259568+00:00
5818,"Chicken, capons, meat and skin, cooked, roasted",non_vegan,,2026-05-26T01:59:00.259633+00:00
5819,"Chicken, capons, meat and skin, raw",non_vegan,,2026-05-26T01:59:00.259701+00:00
5820,"Chicken, cornish game hens, meat and skin, cooked, roasted",non_vegan,,2026-05-26T01:59:00.259768+00:00
5821,"Chicken, cornish game hens, meat and skin, raw",non_vegan,,2026-05-26T01:59:00.259834+00:00
5822,"Chicken, cornish game hens, meat only, cooked, roasted",non_vegan,,2026-05-26T01:59:00.259899+00:00
5823,"Chicken, cornish game hens, meat only, raw",non_vegan,,2026-05-26T01:59:00.259964+00:00
5824,"Chicken, dark meat, drumstick, meat and skin, with added solution, cooked, braised",non_vegan,,2026-05-26T01:59:00.260035+00:00
5825,"Chicken, dark meat, drumstick, meat and skin, with added solution, cooked, roasted",non_vegan,,2026-05-26T01:59:00.260161+00:00
5826,"Chicken, dark meat, drumstick, meat and skin, with added solution, raw",non_vegan,,2026-05-26T01:59:00.260385+00:00
5827,"Chicken, dark meat, drumstick, meat only, with added solution, cooked, braised",non_vegan,,2026-05-26T01:59:00.260535+00:00
5828,"Chicken, dark meat, drumstick, meat only, with added solution, cooked, roasted",non_vegan,,2026-05-26T01:59:00.260692+00:00
5829,"Chicken, dark meat, drumstick, meat only, with added solution, raw",non_vegan,,2026-05-26T01:59:00.260823+00:00
5830,"Chicken, dark meat, thigh, meat and skin, with added solution, cooked, braised",non_vegan,,2026-05-26T01:59:00.260886+00:00
5831,"Chicken, dark meat, thigh, meat and skin, with added solution, cooked, roasted",non_vegan,,2026-05-26T01:59:00.260962+00:00
5832,"Chicken, dark meat, thigh, meat and skin, with added solution, raw",non_vegan,,2026-05-26T01:59:00.261021+00:00
5833,"Chicken, dark meat, thigh, meat only, with added solution, cooked, braised",non_vegan,,2026-05-26T01:59:00.261087+00:00
5834,"Chicken, dark meat, thigh, meat only, with added solution, cooked, roasted",non_vegan,,2026-05-26T01:59:00.261145+00:00
5835,"Chicken, dark meat, thigh, meat only, with added solution, raw",non_vegan,,2026-05-26T01:59:00.261203+00:00
5836,"Chicken, drumstick, meat and skin, raw",non_vegan,,2026-05-26T01:59:00.261258+00:00
5837,"Chicken, feet, boiled",non_vegan,,2026-05-26T01:59:29.616513+00:00
5838,"Chicken, gizzard, all classes, cooked, simmered",non_vegan,,2026-05-26T01:59:29.616775+00:00
5839,"Chicken, gizzard, all classes, raw",non_vegan,,2026-05-26T01:59:29.616933+00:00
5840,"Chicken, ground, crumbles, cooked, pan-browned",non_vegan,,2026-05-26T01:59:29.617163+00:00
5841,"Chicken, ground, raw",non_vegan,,2026-05-26T01:59:29.617322+00:00
5842,"Chicken, ground, with additives, raw",non_vegan,,2026-05-26T01:59:29.617455+00:00
5843,"Chicken, heart, all classes, cooked, simmered",non_vegan,,2026-05-26T01:59:29.617564+00:00
5844,"Chicken, heart, all classes, raw",non_vegan,,2026-05-26T01:59:29.617692+00:00
5845,"Chicken, liver, all classes, cooked, pan-fried",non_vegan,,2026-05-26T01:59:29.617823+00:00
5846,"Chicken, liver, all classes, cooked, simmered",non_vegan,,2026-05-26T01:59:29.617935+00:00
5847,"Chicken, liver, all classes, raw",non_vegan,,2026-05-26T01:59:29.618038+00:00
5848,"Chicken, meatless",ambiguous,,2026-05-26T01:59:29.618147+00:00
5849,"Chicken, meatless, breaded, fried",non_vegan,,2026-05-26T01:59:29.618337+00:00
5850,"Chicken, nuggets, dark and white meat, precooked, frozen, not reheated",non_vegan,,2026-05-26T01:59:29.618452+00:00
5851,"Chicken, nuggets, white meat, precooked, frozen, not reheated",non_vegan,,2026-05-26T01:59:29.618557+00:00
5852,"Chicken, roasting, dark meat, meat only, cooked, roasted",non_vegan,,2026-05-26T01:59:29.618662+00:00
5853,"Chicken, roasting, dark meat, meat only, raw",non_vegan,,2026-05-26T01:59:29.618770+00:00
5854,"Chicken, roasting, giblets, cooked, simmered",non_vegan,,2026-05-26T01:59:29.618877+00:00
5855,"Chicken, roasting, giblets, raw",non_vegan,,2026-05-26T01:59:29.618983+00:00
5856,"Chicken, roasting, light meat, meat only, cooked, roasted",non_vegan,,2026-05-26T01:59:29.619086+00:00
5857,"Chicken, roasting, light meat, meat only, raw",non_vegan,,2026-05-26T01:59:29.619190+00:00
5858,"Chicken, roasting, meat and skin and giblets and neck, cooked, roasted",non_vegan,,2026-05-26T01:59:29.619329+00:00
5859,"Chicken, roasting, meat and skin and giblets and neck, raw",non_vegan,,2026-05-26T01:59:29.619467+00:00
5860,"Chicken, roasting, meat and skin, cooked, roasted",non_vegan,,2026-05-26T01:59:29.619577+00:00
5861,"Chicken, roasting, meat only, cooked, roasted",non_vegan,,2026-05-26T01:59:29.619680+00:00
5862,"Chicken, roasting, meat only, raw",non_vegan,,2026-05-26T01:59:29.619782+00:00
5863,"Chicken, skin (drumsticks and thighs), cooked, braised",non_vegan,,2026-05-26T01:59:29.619883+00:00
5864,"Chicken, skin (drumsticks and thighs), cooked, roasted",non_vegan,,2026-05-26T01:59:29.619982+00:00
5865,"Chicken, skin (drumsticks and thighs), raw",non_vegan,,2026-05-26T01:59:29.620092+00:00
5866,"Chicken, skin (drumsticks and thighs), with added solution, cooked, braised",non_vegan,,2026-05-26T01:59:29.620196+00:00
5867,"Chicken, skin (drumsticks and thighs), with added solution, cooked, roasted",non_vegan,,2026-05-26T01:59:29.620351+00:00
5868,"Chicken, skin (drumsticks and thighs), with added solution, raw",non_vegan,,2026-05-26T01:59:29.620461+00:00
5869,"Chicken, stewing, dark meat, meat only, cooked, stewed",non_vegan,,2026-05-26T01:59:29.620568+00:00
5870,"Chicken, stewing, dark meat, meat only, raw",non_vegan,,2026-05-26T01:59:29.620669+00:00
5871,"Chicken, stewing, giblets, cooked, simmered",non_vegan,,2026-05-26T01:59:29.620774+00:00
5872,"Chicken, stewing, giblets, raw",non_vegan,,2026-05-26T01:59:29.620879+00:00
5873,"Chicken, stewing, light meat, meat only, cooked, stewed",non_vegan,,2026-05-26T01:59:29.620997+00:00
5874,"Chicken, stewing, light meat, meat only, raw",non_vegan,,2026-05-26T01:59:29.621106+00:00
5875,"Chicken, stewing, meat and skin, and giblets and neck, cooked, stewed",non_vegan,,2026-05-26T01:59:29.621212+00:00
5876,"Chicken, stewing, meat and skin, and giblets and neck, raw",non_vegan,,2026-05-26T01:59:29.621356+00:00
5877,"Chicken, stewing, meat and skin, cooked, stewed",non_vegan,,2026-05-26T01:59:29.621475+00:00
5878,"Chicken, stewing, meat and skin, raw",non_vegan,,2026-05-26T01:59:29.621582+00:00
5879,"Chicken, stewing, meat only, cooked, stewed",non_vegan,,2026-05-26T01:59:29.621687+00:00
5880,"Chicken, stewing, meat only, raw",non_vegan,,2026-05-26T01:59:29.621787+00:00
5881,"Chicken, thigh, boneless, skinless, raw",non_vegan,,2026-05-26T01:59:29.621967+00:00
5882,"Chicken, thigh, meat and skin, raw",non_vegan,,2026-05-26T01:59:29.622077+00:00
5883,"Chicken, thighs, frozen, breaded, reheated",non_vegan,,2026-05-26T01:59:29.622180+00:00
5884,"Chicken, wing, frozen, glazed, barbecue flavored",non_vegan,,2026-05-26T01:59:29.622315+00:00
5885,"Chicken, wing, frozen, glazed, barbecue flavored, heated (conventional oven)",non_vegan,,2026-05-26T01:59:29.622424+00:00
5886,"Chicken, wing, frozen, glazed, barbecue flavored, heated (microwave)",non_vegan,,2026-05-26T01:59:29.622532+00:00
5887,"Chicken, wing, meat and skin, raw",non_vegan,,2026-05-26T01:59:37.351690+00:00
5888,Chickpea flour (besan),vegan,,2026-05-26T01:59:37.352264+00:00
5889,"Chickpeas (garbanzo beans, bengal gram), canned, sodium added, drained and rinsed",vegan,,2026-05-26T01:59:37.352459+00:00
5890,"Chickpeas (garbanzo beans, bengal gram), mature seeds, canned, drained solids",vegan,,2026-05-26T01:59:37.352630+00:00
5891,"Chickpeas (garbanzo beans, bengal gram), mature seeds, canned, drained, rinsed in tap water",vegan,,2026-05-26T01:59:37.352887+00:00
5892,"Chickpeas (garbanzo beans, bengal gram), mature seeds, canned, solids and liquids",vegan,,2026-05-26T01:59:37.353002+00:00
5893,"Chickpeas (garbanzo beans, bengal gram), mature seeds, canned, solids and liquids, low sodium",vegan,,2026-05-26T01:59:37.353255+00:00
5894,"Chickpeas (garbanzo beans, bengal gram), mature seeds, cooked, boiled, with salt",vegan,,2026-05-26T01:59:37.353415+00:00
5895,"Chickpeas (garbanzo beans, bengal gram), mature seeds, cooked, boiled, without salt",vegan,,2026-05-26T01:59:37.353512+00:00
5896,"Chickpeas (garbanzo beans, bengal gram), mature seeds, raw",vegan,,2026-05-26T01:59:37.353753+00:00
5897,"Chickpeas, (garbanzo beans, bengal gram), dry",vegan,,2026-05-26T01:59:37.353882+00:00
5898,"Chicory greens, raw",vegan,,2026-05-26T01:59:37.353972+00:00
5899,"Chicory roots, raw",vegan,,2026-05-26T01:59:37.354058+00:00
5900,"Chicory, witloof, raw",vegan,,2026-05-26T01:59:37.354141+00:00
5901,Chilchen (Red Berry Beverage) (Navajo),vegan,,2026-05-26T01:59:37.354223+00:00
5902,"Child formula, ABBOTT NUTRITION, PEDIASURE, ready-to-feed",non_vegan,,2026-05-26T01:59:37.354352+00:00
5903,"Child formula, ABBOTT NUTRITION, PEDIASURE, ready-to-feed, with iron and fiber",non_vegan,,2026-05-26T01:59:37.354455+00:00
5904,"Chili con carne with beans, canned entree",non_vegan,,2026-05-26T01:59:37.354544+00:00
5905,"Chili with beans, canned",ambiguous,,2026-05-26T01:59:37.354828+00:00
5906,"Chili with beans, microwavable bowls",ambiguous,,2026-05-26T01:59:37.355113+00:00
5907,"Chili, no beans, canned entree",non_vegan,,2026-05-26T01:59:37.355529+00:00
5908,"Chiton, leathery, gumboots (Alaska Native)",non_vegan,,2026-05-26T01:59:37.355632+00:00
5909,"Chives, freeze-dried",vegan,,2026-05-26T01:59:37.355728+00:00
5910,"Chives, raw",vegan,,2026-05-26T01:59:37.355816+00:00
5911,"Chocolate, dark, 45- 59% cacao solids",ambiguous,,2026-05-26T01:59:37.355911+00:00
5912,"Chocolate, dark, 60-69% cacao solids",ambiguous,,2026-05-26T01:59:37.356000+00:00
5913,"Chocolate, dark, 70-85% cacao solids",ambiguous,,2026-05-26T01:59:37.356094+00:00
5914,Chocolate-flavored hazelnut spread,non_vegan,,2026-05-26T01:59:37.356194+00:00
5915,"Chokecherries, raw, pitted (Shoshone Bannock)",vegan,,2026-05-26T01:59:37.356307+00:00
5916,"Chrysanthemum leaves, raw",vegan,,2026-05-26T01:59:37.356489+00:00
5917,"Chrysanthemum, garland, cooked, boiled, drained, with salt",vegan,,2026-05-26T01:59:37.356583+00:00
5918,"Chrysanthemum, garland, cooked, boiled, drained, without salt",vegan,,2026-05-26T01:59:37.356679+00:00
5919,"Chrysanthemum, garland, raw",vegan,,2026-05-26T01:59:37.356765+00:00
5920,"Cinnamon buns, frosted (includes honey buns)",non_vegan,,2026-05-26T01:59:37.356851+00:00
5921,"Clementines, raw",vegan,,2026-05-26T01:59:37.356937+00:00
5922,Clif Z bar,ambiguous,,2026-05-26T01:59:37.357023+00:00
5923,"Cloudberries, raw (Alaska Native)",vegan,,2026-05-26T01:59:37.357118+00:00
5924,"Cockles, raw (Alaska Native)",non_vegan,,2026-05-26T01:59:37.357210+00:00
5925,"Cocoa mix, NESTLE, Rich Chocolate Hot Cocoa Mix",non_vegan,,2026-05-26T01:59:37.357324+00:00
5926,"Cocoa, dry powder, hi-fat or breakfast, processed with alkali",vegan,,2026-05-26T01:59:37.357415+00:00
5927,"Cocoa, dry powder, unsweetened",vegan,,2026-05-26T01:59:37.357510+00:00
5928,"Cocoa, dry powder, unsweetened, HERSHEY'S European Style Cocoa",vegan,,2026-05-26T01:59:37.357595+00:00
5929,"Cocoa, dry powder, unsweetened, processed with alkali",vegan,,2026-05-26T01:59:37.357680+00:00
5930,"Cod, Pacific or Alaskan, frozen, wild caught",non_vegan,,2026-05-26T01:59:37.357765+00:00
5931,"Collards, cooked, boiled, drained, with salt",vegan,,2026-05-26T01:59:37.357849+00:00
5932,"Collards, cooked, boiled, drained, without salt",vegan,,2026-05-26T01:59:37.357942+00:00
5933,"Collards, frozen, chopped, cooked, boiled, drained, with salt",vegan,,2026-05-26T01:59:37.358025+00:00
5934,"Collards, frozen, chopped, cooked, boiled, drained, without salt",vegan,,2026-05-26T01:59:37.358118+00:00
5935,"Collards, frozen, chopped, unprepared",vegan,,2026-05-26T01:59:37.358203+00:00
5936,"Collards, raw",vegan,,2026-05-26T01:59:37.358372+00:00
5937,"Continental Mills, Krusteaz Almond Poppyseed Muffin Mix, Artificially Flavored, dry",non_vegan,,2026-05-26T01:59:53.975119+00:00
5938,"Cookie, butter or sugar, with chocolate icing or filling",non_vegan,,2026-05-26T01:59:53.978903+00:00
5939,"Cookie, chocolate, with icing or coating",non_vegan,,2026-05-26T01:59:53.979086+00:00
5940,"Cookie, vanilla with caramel, coconut, and chocolate coating",non_vegan,,2026-05-26T01:59:53.979564+00:00
5941,"Cookie, with peanut butter filling, chocolate-coated",non_vegan,,2026-05-26T01:59:53.979724+00:00
5942,"Cookies, animal crackers (includes arrowroot, tea biscuits)",non_vegan,,2026-05-26T01:59:53.979870+00:00
5943,"Cookies, animal, with frosting or icing",non_vegan,,2026-05-26T01:59:53.980014+00:00
5944,"Cookies, brownies, commercially prepared",non_vegan,,2026-05-26T01:59:53.980173+00:00
5945,"Cookies, brownies, commercially prepared, reduced fat, with added fiber",non_vegan,,2026-05-26T01:59:53.980342+00:00
5946,"Cookies, brownies, dry mix, regular",non_vegan,,2026-05-26T01:59:53.980523+00:00
5947,"Cookies, brownies, dry mix, sugar free",non_vegan,,2026-05-26T01:59:53.980661+00:00
5948,"Cookies, brownies, prepared from recipe",non_vegan,,2026-05-26T01:59:53.980792+00:00
5949,"Cookies, butter, commercially prepared, enriched",non_vegan,,2026-05-26T01:59:53.980976+00:00
5950,"Cookies, butter, commercially prepared, unenriched",non_vegan,,2026-05-26T01:59:53.981107+00:00
5951,"Cookies, chocolate chip sandwich, with creme filling",non_vegan,,2026-05-26T01:59:53.981240+00:00
5952,"Cookies, chocolate chip, commercially prepared, regular, higher fat, enriched",non_vegan,,2026-05-26T01:59:53.981428+00:00
5953,"Cookies, chocolate chip, commercially prepared, regular, higher fat, unenriched",non_vegan,,2026-05-26T01:59:53.981556+00:00
5954,"Cookies, chocolate chip, commercially prepared, regular, lower fat",non_vegan,,2026-05-26T01:59:53.981657+00:00
5955,"Cookies, chocolate chip, commercially prepared, soft-type",non_vegan,,2026-05-26T01:59:53.981810+00:00
5956,"Cookies, chocolate chip, commercially prepared, special dietary",ambiguous,,2026-05-26T01:59:53.981957+00:00
5957,"Cookies, chocolate chip, dry mix",non_vegan,,2026-05-26T01:59:53.982111+00:00
5958,"Cookies, chocolate chip, prepared from recipe, made with butter",non_vegan,,2026-05-26T01:59:53.982242+00:00
5959,"Cookies, chocolate chip, prepared from recipe, made with margarine",non_vegan,,2026-05-26T01:59:53.982400+00:00
5960,"Cookies, chocolate chip, refrigerated dough",non_vegan,,2026-05-26T01:59:53.982467+00:00
5961,"Cookies, chocolate chip, refrigerated dough, baked",non_vegan,,2026-05-26T01:59:53.982527+00:00
5962,"Cookies, chocolate cream covered biscuit sticks",non_vegan,,2026-05-26T01:59:53.982583+00:00
5963,"Cookies, chocolate sandwich, with creme filling, reduced fat",non_vegan,,2026-05-26T01:59:53.982689+00:00
5964,"Cookies, chocolate sandwich, with creme filling, regular",non_vegan,,2026-05-26T01:59:53.982811+00:00
5965,"Cookies, chocolate sandwich, with creme filling, regular, chocolate-coated",non_vegan,,2026-05-26T01:59:53.982923+00:00
5966,"Cookies, chocolate sandwich, with creme filling, special dietary",ambiguous,,2026-05-26T01:59:53.983049+00:00
5967,"Cookies, chocolate sandwich, with extra creme filling",non_vegan,,2026-05-26T01:59:53.983153+00:00
5968,"Cookies, chocolate wafers",non_vegan,,2026-05-26T01:59:53.983249+00:00
5969,"Cookies, chocolate, made with rice cereal",non_vegan,,2026-05-26T01:59:53.983410+00:00
5970,"Cookies, coconut macaroon",non_vegan,,2026-05-26T01:59:53.983475+00:00
5971,"Cookies, fig bars",non_vegan,,2026-05-26T01:59:53.983533+00:00
5972,"Cookies, fortune",ambiguous,,2026-05-26T01:59:53.983605+00:00
5973,"Cookies, fudge, cake-type (includes trolley cakes)",non_vegan,,2026-05-26T01:59:53.983662+00:00
5974,"Cookies, gingersnaps",non_vegan,,2026-05-26T01:59:53.983719+00:00
5975,"Cookies, gluten-free, chocolate sandwich, with creme filling",non_vegan,,2026-05-26T01:59:53.983776+00:00
5976,"Cookies, gluten-free, chocolate wafer",non_vegan,,2026-05-26T01:59:53.983832+00:00
5977,"Cookies, gluten-free, lemon wafer",non_vegan,,2026-05-26T01:59:53.983891+00:00
5978,"Cookies, gluten-free, vanilla sandwich, with creme filling",non_vegan,,2026-05-26T01:59:53.983946+00:00
5979,"Cookies, graham crackers, chocolate-coated",non_vegan,,2026-05-26T01:59:53.984003+00:00
5980,"Cookies, graham crackers, plain or honey (includes cinnamon)",non_vegan,,2026-05-26T01:59:53.984097+00:00
5981,"Cookies, graham crackers, plain or honey, lowfat",non_vegan,,2026-05-26T01:59:53.984212+00:00
5982,"Cookies, ladyfingers, with lemon juice and rind",non_vegan,,2026-05-26T01:59:53.984358+00:00
5983,"Cookies, ladyfingers, without lemon juice and rind",non_vegan,,2026-05-26T01:59:53.984427+00:00
5984,"Cookies, Marie biscuit",non_vegan,,2026-05-26T01:59:53.984485+00:00
5985,"Cookies, marshmallow, chocolate-coated (includes marshmallow pies)",non_vegan,,2026-05-26T01:59:53.984543+00:00
5986,"Cookies, marshmallow, with rice cereal and chocolate chips",non_vegan,,2026-05-26T01:59:53.984655+00:00
5987,"Corn, sweet, white, canned, cream style, no salt added",non_vegan,,2026-05-26T01:59:58.534591+00:00
5988,"Corn, sweet, white, canned, cream style, regular pack",non_vegan,,2026-05-26T01:59:58.535129+00:00
5989,"Corn, sweet, white, canned, vacuum pack, no salt added",vegan,,2026-05-26T01:59:58.535875+00:00
5990,"Corn, sweet, white, canned, vacuum pack, regular pack",vegan,,2026-05-26T01:59:58.536054+00:00
5991,"Corn, sweet, white, canned, whole kernel, drained solids",vegan,,2026-05-26T01:59:58.536216+00:00
5992,"Corn, sweet, white, canned, whole kernel, no salt added, solids and liquids",vegan,,2026-05-26T01:59:58.536395+00:00
5993,"Corn, sweet, white, canned, whole kernel, regular pack, solids and liquids",vegan,,2026-05-26T01:59:58.536533+00:00
5994,"Corn, sweet, white, cooked, boiled, drained, with salt",vegan,,2026-05-26T01:59:58.536667+00:00
5995,"Corn, sweet, white, cooked, boiled, drained, without salt",vegan,,2026-05-26T01:59:58.536809+00:00
5996,"Corn, sweet, white, frozen, kernels cut off cob, boiled, drained, with salt",vegan,,2026-05-26T01:59:58.536952+00:00
5997,"Corn, sweet, white, frozen, kernels cut off cob, boiled, drained, without salt",vegan,,2026-05-26T01:59:58.537091+00:00
5998,"Corn, sweet, white, frozen, kernels cut off cob, unprepared",vegan,,2026-05-26T01:59:58.537222+00:00
5999,"Corn, sweet, white, frozen, kernels on cob, cooked, boiled, drained, with salt",vegan,,2026-05-26T01:59:58.537409+00:00
6000,"Corn, sweet, white, frozen, kernels on cob, cooked, boiled, drained, without salt",vegan,,2026-05-26T01:59:58.537559+00:00
6001,"Corn, sweet, white, frozen, kernels on cob, unprepared",vegan,,2026-05-26T01:59:58.537791+00:00
6002,"Corn, sweet, white, raw",vegan,,2026-05-26T01:59:58.537937+00:00
6003,"Corn, sweet, yellow and white kernels,  fresh, raw",vegan,,2026-05-26T01:59:58.538076+00:00
6004,"Corn, sweet, yellow, canned, brine pack, regular pack, solids and liquids",vegan,,2026-05-26T01:59:58.538216+00:00
6005,"Corn, sweet, yellow, canned, cream style, no salt added",non_vegan,,2026-05-26T01:59:58.538389+00:00
6006,"Corn, sweet, yellow, canned, cream style, regular pack",non_vegan,,2026-05-26T01:59:58.538609+00:00
6007,"Corn, sweet, yellow, canned, drained solids, rinsed with tap water",vegan,,2026-05-26T01:59:58.538755+00:00
6008,"Corn, sweet, yellow, canned, no salt added, solids and liquids (Includes foods for USDA's Food Distribution Program)",vegan,,2026-05-26T01:59:58.538894+00:00
6009,"Corn, sweet, yellow, canned, vacuum pack, no salt added",vegan,,2026-05-26T01:59:58.539032+00:00
6010,"Corn, sweet, yellow, canned, vacuum pack, regular pack",vegan,,2026-05-26T01:59:58.539166+00:00
6011,"Corn, sweet, yellow, canned, whole kernel, drained solids",vegan,,2026-05-26T01:59:58.539332+00:00
6012,"Corn, sweet, yellow, cooked, boiled, drained, with salt",vegan,,2026-05-26T01:59:58.539476+00:00
6013,"Corn, sweet, yellow, cooked, boiled, drained, without salt",vegan,,2026-05-26T01:59:58.539614+00:00
6014,"Corn, sweet, yellow, frozen, kernels cut off cob, boiled, drained, without salt",vegan,,2026-05-26T01:59:58.539757+00:00
6015,"Corn, sweet, yellow, frozen, kernels cut off cob, unprepared (Includes foods for USDA's Food Distribution Program)",vegan,,2026-05-26T01:59:58.539861+00:00
6016,"Corn, sweet, yellow, frozen, kernels on cob, cooked, boiled, drained, with salt",vegan,,2026-05-26T01:59:58.539933+00:00
6017,"Corn, sweet, yellow, frozen, kernels on cob, cooked, boiled, drained, without salt",vegan,,2026-05-26T01:59:58.539991+00:00
6018,"Corn, sweet, yellow, frozen, kernels on cob, unprepared",vegan,,2026-05-26T01:59:58.540046+00:00
6019,"Corn, sweet, yellow, frozen, kernels, cut off cob, boiled, drained, with salt",vegan,,2026-05-26T01:59:58.540831+00:00
6020,"Corn, sweet, yellow, raw",vegan,,2026-05-26T01:59:58.541156+00:00
6021,"Corn, white, steamed (Navajo)",vegan,,2026-05-26T01:59:58.541346+00:00
6022,"Corn, yellow, whole kernel, frozen, microwaved",vegan,,2026-05-26T01:59:58.541493+00:00
6023,Corned beef and potatoes in tortilla (Apache),non_vegan,,2026-05-26T01:59:58.541636+00:00
6024,"Corned beef loaf, jellied",non_vegan,,2026-05-26T01:59:58.541765+00:00
6025,"Cornmeal, blue (Navajo)",vegan,,2026-05-26T01:59:58.541862+00:00
6026,"Cornmeal, degermed, enriched, white",vegan,,2026-05-26T01:59:58.541977+00:00
6027,"Cornmeal, degermed, enriched, yellow",vegan,,2026-05-26T01:59:58.542093+00:00
6028,"Cornmeal, degermed, unenriched, white",vegan,,2026-05-26T01:59:58.542229+00:00
6029,"Cornmeal, degermed, unenriched, yellow",vegan,,2026-05-26T01:59:58.542417+00:00
6030,"Cornmeal, white (Navajo)",vegan,,2026-05-26T01:59:58.542567+00:00
6031,"Cornmeal, white, self-rising, bolted, plain, enriched",vegan,,2026-05-26T01:59:58.542715+00:00
6032,"Cornmeal, white, self-rising, bolted, with wheat flour added, enriched",vegan,,2026-05-26T01:59:58.542856+00:00
6033,"Cornmeal, white, self-rising, degermed, enriched",vegan,,2026-05-26T01:59:58.543016+00:00
6034,"Cornmeal, whole-grain, white",vegan,,2026-05-26T01:59:58.543156+00:00
6035,"Cornmeal, whole-grain, yellow",vegan,,2026-05-26T01:59:58.543484+00:00
6036,"Cornmeal, yellow (Navajo)",vegan,,2026-05-26T01:59:58.543632+00:00
6037,"Cookies, molasses",non_vegan,,2026-05-26T02:00:00.321923+00:00
6038,"Cookies, oatmeal sandwich, with creme filling",non_vegan,,2026-05-26T02:00:00.322182+00:00
6039,"Cookies, oatmeal, commercially prepared, regular",non_vegan,,2026-05-26T02:00:00.324377+00:00
6040,"Cookies, oatmeal, commercially prepared, soft-type",non_vegan,,2026-05-26T02:00:00.324610+00:00
6041,"Cookies, oatmeal, commercially prepared, special dietary",ambiguous,,2026-05-26T02:00:00.324744+00:00
6042,"Cookies, oatmeal, dry mix",ambiguous,,2026-05-26T02:00:00.324859+00:00
6043,"Cookies, oatmeal, prepared from recipe, without raisins",ambiguous,,2026-05-26T02:00:00.324969+00:00
6044,"Cookies, oatmeal, reduced fat",ambiguous,,2026-05-26T02:00:00.325061+00:00
6045,"Cookies, oatmeal, refrigerated dough",non_vegan,,2026-05-26T02:00:00.325164+00:00
6046,"Cookies, oatmeal, refrigerated dough, baked",non_vegan,,2026-05-26T02:00:00.328376+00:00
6047,"Cookies, oatmeal, with raisins",non_vegan,,2026-05-26T02:00:00.328598+00:00
6048,"Cookies, peanut butter sandwich, regular",non_vegan,,2026-05-26T02:00:00.328772+00:00
6049,"Cookies, peanut butter sandwich, special dietary",ambiguous,,2026-05-26T02:00:00.328930+00:00
6050,"Cookies, peanut butter, commercially prepared, regular",non_vegan,,2026-05-26T02:00:00.329134+00:00
6051,"Cookies, peanut butter, commercially prepared, soft-type",non_vegan,,2026-05-26T02:00:00.329347+00:00
6052,"Cookies, peanut butter, commercially prepared, sugar free",ambiguous,,2026-05-26T02:00:00.329508+00:00
6053,"Cookies, peanut butter, prepared from recipe",ambiguous,,2026-05-26T02:00:00.329658+00:00
6054,"Cookies, peanut butter, refrigerated dough",non_vegan,,2026-05-26T02:00:00.329816+00:00
6055,"Cookies, peanut butter, refrigerated dough, baked",non_vegan,,2026-05-26T02:00:00.329954+00:00
6056,"Cookies, raisin, soft-type",non_vegan,,2026-05-26T02:00:00.330109+00:00
6057,"Cookies, shortbread, commercially prepared, pecan",non_vegan,,2026-05-26T02:00:00.330301+00:00
6058,"Cookies, shortbread, commercially prepared, plain",non_vegan,,2026-05-26T02:00:00.330453+00:00
6059,"Cookies, shortbread, reduced fat",non_vegan,,2026-05-26T02:00:00.330603+00:00
6060,"Cookies, sugar wafer, chocolate-covered",non_vegan,,2026-05-26T02:00:00.330766+00:00
6061,"Cookies, sugar wafer, with creme filling, sugar free",non_vegan,,2026-05-26T02:00:00.330910+00:00
6062,"Cookies, sugar wafers with creme filling, regular",non_vegan,,2026-05-26T02:00:00.331061+00:00
6063,"Cookies, sugar, commercially prepared, regular (includes vanilla)",non_vegan,,2026-05-26T02:00:00.331210+00:00
6064,"Cookies, sugar, refrigerated dough",non_vegan,,2026-05-26T02:00:00.331383+00:00
6065,"Cookies, sugar, refrigerated dough, baked",non_vegan,,2026-05-26T02:00:00.331509+00:00
6066,"Cookies, vanilla sandwich with creme filling",non_vegan,,2026-05-26T02:00:00.331652+00:00
6067,"Cookies, vanilla sandwich with creme filling, reduced fat",non_vegan,,2026-05-26T02:00:00.331797+00:00
6068,"Cookies, vanilla wafers, higher fat",non_vegan,,2026-05-26T02:00:00.331941+00:00
6069,"Cookies, vanilla wafers, lower fat",non_vegan,,2026-05-26T02:00:00.332155+00:00
6070,"Coriander (cilantro) leaves, raw",vegan,,2026-05-26T02:00:00.332591+00:00
6071,"Corn bran, crude",vegan,,2026-05-26T02:00:00.332767+00:00
6072,"Corn dogs, frozen, prepared",non_vegan,,2026-05-26T02:00:00.332919+00:00
6073,"Corn flour, masa harina, white or yellow, dry, raw",vegan,,2026-05-26T02:00:00.333073+00:00
6074,"Corn flour, masa, enriched, white",vegan,,2026-05-26T02:00:00.333217+00:00
6075,"Corn flour, masa, unenriched, white",vegan,,2026-05-26T02:00:00.333388+00:00
6076,"Corn flour, whole-grain, blue (harina de maiz morado)",vegan,,2026-05-26T02:00:00.333536+00:00
6077,"Corn flour, whole-grain, white",vegan,,2026-05-26T02:00:00.333701+00:00
6078,"Corn flour, whole-grain, yellow",vegan,,2026-05-26T02:00:00.333846+00:00
6079,"Corn flour, yellow, degermed, unenriched",vegan,,2026-05-26T02:00:00.333992+00:00
6080,"Corn flour, yellow, masa, enriched",vegan,,2026-05-26T02:00:00.334136+00:00
6081,"Corn grain, white",vegan,,2026-05-26T02:00:00.334311+00:00
6082,"Corn grain, yellow",vegan,,2026-05-26T02:00:00.334463+00:00
6083,"Corn pudding, home prepared",non_vegan,,2026-05-26T02:00:00.334609+00:00
6084,"Corn with red and green peppers, canned, solids and liquids",vegan,,2026-05-26T02:00:00.334750+00:00
6085,"Corn, dried (Navajo)",vegan,,2026-05-26T02:00:00.334900+00:00
6086,"Corn, dried, yellow (Northern Plains Indians)",vegan,,2026-05-26T02:00:00.335049+00:00
6087,"Crackers, gluten-free, multi-seeded and multigrain",vegan,,2026-05-26T02:00:49.163015+00:00
6088,"Crackers, gluten-free, multigrain and vegetable, made with corn starch and white rice flour",vegan,,2026-05-26T02:00:49.165545+00:00
6089,"Crackers, matzo, egg",non_vegan,,2026-05-26T02:00:49.165702+00:00
6090,"Crackers, matzo, egg and onion",non_vegan,,2026-05-26T02:00:49.165804+00:00
6091,"Crackers, matzo, plain",vegan,,2026-05-26T02:00:49.165895+00:00
6092,"Crackers, matzo, whole-wheat",vegan,,2026-05-26T02:00:49.165982+00:00
6093,"Crackers, melba toast, plain",vegan,,2026-05-26T02:00:49.166065+00:00
6094,"Crackers, melba toast, plain, without salt",vegan,,2026-05-26T02:00:49.166149+00:00
6095,"Crackers, melba toast, rye (includes pumpernickel)",vegan,,2026-05-26T02:00:49.166236+00:00
6096,"Crackers, melba toast, wheat",vegan,,2026-05-26T02:00:49.166366+00:00
6097,"Crackers, milk",non_vegan,,2026-05-26T02:00:49.166463+00:00
6098,"Crackers, multigrain",vegan,,2026-05-26T02:00:49.166578+00:00
6099,"Crackers, rusk toast",ambiguous,,2026-05-26T02:00:49.166713+00:00
6100,"Crackers, rye, sandwich-type with cheese filling",non_vegan,,2026-05-26T02:00:49.166844+00:00
6101,"Crackers, rye, wafers, plain",vegan,,2026-05-26T02:00:49.167118+00:00
6102,"Crackers, rye, wafers, seasoned",ambiguous,,2026-05-26T02:00:49.167260+00:00
6103,"Crackers, saltines (includes oyster, soda, soup)",vegan,,2026-05-26T02:00:49.167547+00:00
6104,"Crackers, saltines, fat-free, low-sodium",vegan,,2026-05-26T02:00:49.167681+00:00
6105,"Crackers, saltines, low salt (includes oyster, soda, soup)",vegan,,2026-05-26T02:00:49.167796+00:00
6106,"Crackers, saltines, unsalted tops (includes oyster, soda, soup)",vegan,,2026-05-26T02:00:49.167927+00:00
6107,"Crackers, saltines, whole wheat (includes multi-grain)",vegan,,2026-05-26T02:00:49.168067+00:00
6108,"Crackers, sandwich-type, peanut butter filled, reduced fat",ambiguous,,2026-05-26T02:00:49.168200+00:00
6109,"Crackers, snack, Goya Crackers",ambiguous,,2026-05-26T02:00:49.168371+00:00
6110,"Crackers, standard snack-type, regular",ambiguous,,2026-05-26T02:00:49.168501+00:00
6111,"Crackers, standard snack-type, regular, low salt",ambiguous,,2026-05-26T02:00:49.168605+00:00
6112,"Crackers, standard snack-type, sandwich, with cheese filling",non_vegan,,2026-05-26T02:00:49.168712+00:00
6113,"Crackers, standard snack-type, sandwich, with peanut butter filling",ambiguous,,2026-05-26T02:00:49.168837+00:00
6114,"Crackers, standard snack-type, with whole wheat",ambiguous,,2026-05-26T02:00:49.168991+00:00
6115,"Crackers, toast thins, low sodium",ambiguous,,2026-05-26T02:00:49.169136+00:00
6116,"Crackers, water biscuits",vegan,,2026-05-26T02:00:49.169249+00:00
6117,"Crackers, wheat, low salt",vegan,,2026-05-26T02:00:49.169393+00:00
6118,"Crackers, wheat, reduced fat",vegan,,2026-05-26T02:00:49.169516+00:00
6119,"Crackers, wheat, regular",vegan,,2026-05-26T02:00:49.169631+00:00
6120,"Crackers, wheat, sandwich, with cheese filling",non_vegan,,2026-05-26T02:00:49.169768+00:00
6121,"Crackers, wheat, sandwich, with peanut butter filling",ambiguous,,2026-05-26T02:00:49.169893+00:00
6122,"Crackers, whole grain, sandwich-type, with peanut butter filling",ambiguous,,2026-05-26T02:00:49.172368+00:00
6123,"Crackers, whole-wheat",vegan,,2026-05-26T02:00:49.172553+00:00
6124,"Crackers, whole-wheat, low salt",vegan,,2026-05-26T02:00:49.172669+00:00
6125,"Crackers, whole-wheat, reduced fat",vegan,,2026-05-26T02:00:49.173119+00:00
6126,"Cranberries, dried, sweetened",vegan,,2026-05-26T02:00:49.173213+00:00
6127,"Cranberries, dried, sweetened (Includes foods for USDA's Food Distribution Program)",vegan,,2026-05-26T02:00:49.173335+00:00
6128,"Cranberries, raw",vegan,,2026-05-26T02:00:49.173425+00:00
6129,"Cranberries, wild, bush, raw (Alaska Native)",vegan,,2026-05-26T02:00:49.173557+00:00
6130,"Cranberry juice blend, 100% juice, bottled, with added vitamin C and calcium",vegan,,2026-05-26T02:00:49.173642+00:00
6131,"Cranberry juice cocktail, bottled",vegan,,2026-05-26T02:00:49.173725+00:00
6132,"Cranberry juice cocktail, bottled, low calorie, with calcium, saccharin and corn sweetener",vegan,,2026-05-26T02:00:49.173810+00:00
6133,"Cranberry juice cocktail, frozen concentrate",vegan,,2026-05-26T02:00:49.173899+00:00
6134,"Cranberry juice cocktail, frozen concentrate, prepared with water",vegan,,2026-05-26T02:00:49.173987+00:00
6135,"Cranberry juice, not fortified, from concentrate, shelf stable",vegan,,2026-05-26T02:00:49.174612+00:00
6136,"Cranberry juice, unsweetened",vegan,,2026-05-26T02:00:49.174738+00:00
6137,"Cornmeal, yellow, self-rising, bolted, plain, enriched",vegan,,2026-05-26T02:00:57.988684+00:00
6138,"Cornmeal, yellow, self-rising, bolted, with wheat flour added, enriched",vegan,,2026-05-26T02:00:57.988956+00:00
6139,"Cornmeal, yellow, self-rising, degermed, enriched",vegan,,2026-05-26T02:00:57.989124+00:00
6140,"Cornsalad, raw",vegan,,2026-05-26T02:00:57.989377+00:00
6141,Cornstarch,vegan,,2026-05-26T02:00:57.989531+00:00
6142,"Cottage cheese, full fat, large or small curd",non_vegan,,2026-05-26T02:00:57.989695+00:00
6143,"Couscous, cooked",vegan,,2026-05-26T02:00:57.989915+00:00
6144,"Couscous, dry",vegan,,2026-05-26T02:00:57.990070+00:00
6145,"Cowpeas (blackeyes), immature seeds, cooked, boiled, drained, with salt",vegan,,2026-05-26T02:00:57.990196+00:00
6146,"Cowpeas (blackeyes), immature seeds, cooked, boiled, drained, without salt",vegan,,2026-05-26T02:00:57.990343+00:00
6147,"Cowpeas (blackeyes), immature seeds, frozen, cooked, boiled, drained, with salt",vegan,,2026-05-26T02:00:57.990471+00:00
6148,"Cowpeas (blackeyes), immature seeds, frozen, cooked, boiled, drained, without salt",vegan,,2026-05-26T02:00:57.990571+00:00
6149,"Cowpeas (blackeyes), immature seeds, frozen, unprepared",vegan,,2026-05-26T02:00:57.990712+00:00
6150,"Cowpeas (blackeyes), immature seeds, raw",vegan,,2026-05-26T02:00:57.990886+00:00
6151,"Cowpeas, catjang, mature seeds, cooked, boiled, with salt",vegan,,2026-05-26T02:00:57.991002+00:00
6152,"Cowpeas, catjang, mature seeds, cooked, boiled, without salt",vegan,,2026-05-26T02:00:57.991118+00:00
6153,"Cowpeas, catjang, mature seeds, raw",vegan,,2026-05-26T02:00:57.991225+00:00
6154,"Cowpeas, common (blackeyes, crowder, southern), mature seeds, canned with pork",non_vegan,,2026-05-26T02:00:57.991354+00:00
6155,"Cowpeas, common (blackeyes, crowder, southern), mature seeds, canned, plain",vegan,,2026-05-26T02:00:57.991425+00:00
6156,"Cowpeas, common (blackeyes, crowder, southern), mature seeds, cooked, boiled, with salt",vegan,,2026-05-26T02:00:57.991484+00:00
6157,"Cowpeas, common (blackeyes, crowder, southern), mature seeds, cooked, boiled, without salt",vegan,,2026-05-26T02:00:57.991543+00:00
6158,"Cowpeas, common (blackeyes, crowder, southern), mature seeds, raw",vegan,,2026-05-26T02:00:57.991601+00:00
6159,"Cowpeas, leafy tips, cooked, boiled, drained, with salt",vegan,,2026-05-26T02:00:57.991682+00:00
6160,"Cowpeas, leafy tips, cooked, boiled, drained, without salt",vegan,,2026-05-26T02:00:57.991812+00:00
6161,"Cowpeas, leafy tips, raw",vegan,,2026-05-26T02:00:57.991939+00:00
6162,"Cowpeas, young pods with seeds, cooked, boiled, drained, with salt",vegan,,2026-05-26T02:00:57.992059+00:00
6163,"Cowpeas, young pods with seeds, cooked, boiled, drained, without salt",vegan,,2026-05-26T02:00:57.992182+00:00
6164,"Cowpeas, young pods with seeds, raw",vegan,,2026-05-26T02:00:57.992313+00:00
6165,"Crabapples, raw",vegan,,2026-05-26T02:00:57.992472+00:00
6166,"CRACKER BARREL, chicken tenderloin platter, fried",non_vegan,,2026-05-26T02:00:57.993019+00:00
6167,"CRACKER BARREL, chicken tenderloin platter, fried, from kid's menu",non_vegan,,2026-05-26T02:00:57.993155+00:00
6168,"CRACKER BARREL, coleslaw",non_vegan,,2026-05-26T02:00:57.994091+00:00
6169,"CRACKER BARREL, country fried shrimp platter",non_vegan,,2026-05-26T02:00:57.994243+00:00
6170,"CRACKER BARREL, farm raised catfish platter",non_vegan,,2026-05-26T02:00:57.994545+00:00
6171,"CRACKER BARREL, grilled sirloin steak",non_vegan,,2026-05-26T02:00:57.994653+00:00
6172,"CRACKER BARREL, macaroni n' cheese",non_vegan,,2026-05-26T02:00:57.994749+00:00
6173,"CRACKER BARREL, macaroni n' cheese plate, from kid's menu",non_vegan,,2026-05-26T02:00:57.994846+00:00
6174,"CRACKER BARREL, onion rings, thick-cut",non_vegan,,2026-05-26T02:00:57.994940+00:00
6175,"CRACKER BARREL, steak fries",vegan,,2026-05-26T02:00:57.995031+00:00
6176,"Cracker, meal",ambiguous,,2026-05-26T02:00:57.995209+00:00
6177,"Crackers, cheese, low sodium",non_vegan,,2026-05-26T02:00:57.995363+00:00
6178,"Crackers, cheese, reduced fat",non_vegan,,2026-05-26T02:00:57.995457+00:00
6179,"Crackers, cheese, regular",non_vegan,,2026-05-26T02:00:57.995515+00:00
6180,"Crackers, cheese, sandwich-type with cheese filling",non_vegan,,2026-05-26T02:00:57.995570+00:00
6181,"Crackers, cheese, sandwich-type with peanut butter filling",non_vegan,,2026-05-26T02:00:57.995629+00:00
6182,"Crackers, cheese, whole grain",non_vegan,,2026-05-26T02:00:57.995687+00:00
6183,"Crackers, cream, Gamesa Sabrosas",non_vegan,,2026-05-26T02:00:57.995742+00:00
6184,"Crackers, cream, La Moderna Rikis Cream Crackers",non_vegan,,2026-05-26T02:00:57.995816+00:00
6185,"Crackers, crispbread, rye",ambiguous,,2026-05-26T02:00:57.995946+00:00
6186,"Crackers, flavored, fish-shaped",ambiguous,,2026-05-26T02:00:57.996070+00:00
6187,"Cranberry sauce, canned, sweetened",ambiguous,,2026-05-26T02:00:58.955490+00:00
6188,"Cranberry sauce, jellied, canned, OCEAN SPRAY",vegan,,2026-05-26T02:00:58.955754+00:00
6189,"Cranberry sauce, whole, canned, OCEAN SPRAY",vegan,,2026-05-26T02:00:58.955892+00:00
6190,"Cranberry, low bush or lingenberry, raw (Alaska Native)",vegan,,2026-05-26T02:00:58.956049+00:00
6191,"Cranberry-orange relish, canned",ambiguous,,2026-05-26T02:00:58.956176+00:00
6192,"Cream cheese, full fat, block",non_vegan,,2026-05-26T02:00:58.956328+00:00
6193,"Cream puff shell, prepared from recipe",non_vegan,,2026-05-26T02:00:58.956447+00:00
6194,"Cream puff, eclair, custard or cream filled, iced",non_vegan,,2026-05-26T02:00:58.956553+00:00
6195,"Cream substitute, flavored, liquid",ambiguous,,2026-05-26T02:00:58.956681+00:00
6196,"Cream substitute, flavored, powdered",ambiguous,,2026-05-26T02:00:58.956807+00:00
6197,"Cream substitute, liquid, light",ambiguous,,2026-05-26T02:00:58.956938+00:00
6198,"Cream substitute, liquid, with hydrogenated vegetable oil and soy protein",vegan,,2026-05-26T02:00:58.957097+00:00
6199,"Cream substitute, liquid, with lauric acid oil and sodium caseinate",non_vegan,,2026-05-26T02:00:58.957233+00:00
6200,"Cream substitute, powdered",ambiguous,,2026-05-26T02:00:58.957401+00:00
6201,"Cream substitute, powdered, light",ambiguous,,2026-05-26T02:00:58.957531+00:00
6202,"Cream, fluid, half and half",non_vegan,,2026-05-26T02:00:58.957651+00:00
6203,"Cream, fluid, heavy whipping",non_vegan,,2026-05-26T02:00:58.957764+00:00
6204,"Cream, fluid, light (coffee cream or table cream)",non_vegan,,2026-05-26T02:00:58.957912+00:00
6205,"Cream, fluid, light whipping",non_vegan,,2026-05-26T02:00:58.958025+00:00
6206,"Cream, half and half, fat free",non_vegan,,2026-05-26T02:00:58.958122+00:00
6207,"Cream, half and half, lowfat",non_vegan,,2026-05-26T02:00:58.958227+00:00
6208,"Cream, heavy",non_vegan,,2026-05-26T02:00:58.958376+00:00
6209,"Cream, sour, cultured",non_vegan,,2026-05-26T02:00:58.958446+00:00
6210,"Cream, sour, full fat",non_vegan,,2026-05-26T02:00:58.958542+00:00
6211,"Cream, sour, reduced fat, cultured",non_vegan,,2026-05-26T02:00:58.958665+00:00
6212,"Cream, whipped, cream topping, pressurized",non_vegan,,2026-05-26T02:00:58.958767+00:00
6213,"Creamy dressing, made with sour cream and/or buttermilk and oil, reduced calorie",non_vegan,,2026-05-26T02:00:58.958890+00:00
6214,"Creamy dressing, made with sour cream and/or buttermilk and oil, reduced calorie, cholesterol-free",non_vegan,,2026-05-26T02:00:58.959014+00:00
6215,"Creamy dressing, made with sour cream and/or buttermilk and oil, reduced calorie, fat-free",non_vegan,,2026-05-26T02:00:58.959120+00:00
6216,"Cress, garden, cooked, boiled, drained, with salt",vegan,,2026-05-26T02:00:58.959223+00:00
6217,"Cress, garden, cooked, boiled, drained, without salt",vegan,,2026-05-26T02:00:58.959338+00:00
6218,"Cress, garden, raw",vegan,,2026-05-26T02:00:58.959416+00:00
6219,"Croissants, apple",non_vegan,,2026-05-26T02:00:58.959479+00:00
6220,"Croissants, butter",non_vegan,,2026-05-26T02:00:58.959596+00:00
6221,"Croissants, cheese",non_vegan,,2026-05-26T02:00:58.959705+00:00
6222,"Croutons, plain",ambiguous,,2026-05-26T02:00:58.959809+00:00
6223,"Croutons, seasoned",ambiguous,,2026-05-26T02:00:58.959913+00:00
6224,"Crunchmaster, Multi-Grain Crisps, Snack Crackers, Gluten-Free",ambiguous,,2026-05-26T02:00:58.960020+00:00
6225,"Crustaceans, crab, alaska king, cooked, moist heat",non_vegan,,2026-05-26T02:00:58.960127+00:00
6226,"Crustaceans, crab, alaska king, imitation, made from surimi",non_vegan,,2026-05-26T02:00:58.960224+00:00
6227,"Crustaceans, crab, alaska king, raw",non_vegan,,2026-05-26T02:00:58.960354+00:00
6228,"Crustaceans, crab, blue swimming, lump, pasteurized, refrigerated",non_vegan,,2026-05-26T02:00:58.960452+00:00
6229,"Crustaceans, crab, blue, canned",non_vegan,,2026-05-26T02:00:58.960558+00:00
6230,"Crustaceans, crab, blue, cooked, moist heat",non_vegan,,2026-05-26T02:00:58.960621+00:00
6231,"Crustaceans, crab, blue, crab cakes, home recipe",non_vegan,,2026-05-26T02:00:58.960708+00:00
6232,"Crustaceans, crab, blue, raw",non_vegan,,2026-05-26T02:00:58.960803+00:00
6233,"Crustaceans, crab, dungeness, cooked, moist heat",non_vegan,,2026-05-26T02:00:58.960908+00:00
6234,"Crustaceans, crab, dungeness, raw",non_vegan,,2026-05-26T02:00:58.961013+00:00
6235,"Crustaceans, crab, queen, cooked, moist heat",non_vegan,,2026-05-26T02:00:58.961108+00:00
6236,"Crustaceans, crab, queen, raw",non_vegan,,2026-05-26T02:00:58.961212+00:00
6237,"Crustaceans, crayfish, mixed species, farmed, cooked, moist heat",non_vegan,,2026-05-26T02:00:59.766911+00:00
6238,"Crustaceans, crayfish, mixed species, farmed, raw",non_vegan,,2026-05-26T02:00:59.767179+00:00
6239,"Crustaceans, crayfish, mixed species, wild, cooked, moist heat",non_vegan,,2026-05-26T02:00:59.767389+00:00
6240,"Crustaceans, crayfish, mixed species, wild, raw",non_vegan,,2026-05-26T02:00:59.767553+00:00
6241,"Crustaceans, lobster, northern, cooked, moist heat",non_vegan,,2026-05-26T02:00:59.767705+00:00
6242,"Crustaceans, lobster, northern, raw",non_vegan,,2026-05-26T02:00:59.767851+00:00
6243,"Crustaceans, shrimp, cooked",non_vegan,,2026-05-26T02:00:59.767995+00:00
6244,"Crustaceans, shrimp, farm raised, raw",non_vegan,,2026-05-26T02:00:59.768138+00:00
6245,"Crustaceans, shrimp, mixed species, canned",non_vegan,,2026-05-26T02:00:59.769655+00:00
6246,"Crustaceans, shrimp, mixed species, cooked, breaded and fried",non_vegan,,2026-05-26T02:00:59.769837+00:00
6247,"Crustaceans, shrimp, mixed species, cooked, moist heat (may contain additives to retain moisture)",non_vegan,,2026-05-26T02:00:59.769956+00:00
6248,"Crustaceans, shrimp, mixed species, imitation, made from surimi",non_vegan,,2026-05-26T02:00:59.770061+00:00
6249,"Crustaceans, shrimp, mixed species, raw (may contain additives to retain moisture)",non_vegan,,2026-05-26T02:00:59.770159+00:00
6250,"Crustaceans, shrimp, raw",non_vegan,,2026-05-26T02:00:59.770320+00:00
6251,"Crustaceans, spiny lobster, mixed species, cooked, moist heat",non_vegan,,2026-05-26T02:00:59.770499+00:00
6252,"Crustaceans, spiny lobster, mixed species, raw",non_vegan,,2026-05-26T02:00:59.770612+00:00
6253,"Cucumber, peeled, raw",vegan,,2026-05-26T02:00:59.770722+00:00
6254,"Cucumber, with peel, raw",vegan,,2026-05-26T02:00:59.770834+00:00
6255,"Currants, european black, raw",vegan,,2026-05-26T02:00:59.770930+00:00
6256,"Currants, red and white, raw",vegan,,2026-05-26T02:00:59.771052+00:00
6257,"Currants, zante, dried",vegan,,2026-05-26T02:00:59.771181+00:00
6258,"Custard-apple, (bullock's-heart), raw",vegan,,2026-05-26T02:00:59.771327+00:00
6259,"Dandelion greens, cooked, boiled, drained, with salt",vegan,,2026-05-26T02:00:59.771466+00:00
6260,"Dandelion greens, cooked, boiled, drained, without salt",vegan,,2026-05-26T02:00:59.771575+00:00
6261,"Dandelion greens, raw",vegan,,2026-05-26T02:00:59.771696+00:00
6262,"Danish pastry, cheese",non_vegan,,2026-05-26T02:00:59.771795+00:00
6263,"Danish pastry, cinnamon, enriched",non_vegan,,2026-05-26T02:00:59.771920+00:00
6264,"Danish pastry, cinnamon, unenriched",non_vegan,,2026-05-26T02:00:59.772071+00:00
6265,"Danish pastry, fruit, enriched (includes apple, cinnamon, raisin, lemon, raspberry, strawberry)",non_vegan,,2026-05-26T02:00:59.772211+00:00
6266,"Danish pastry, fruit, unenriched (includes apple, cinnamon, raisin, strawberry)",non_vegan,,2026-05-26T02:00:59.772376+00:00
6267,"Danish pastry, lemon, unenriched",non_vegan,,2026-05-26T02:00:59.772493+00:00
6268,"Danish pastry, raspberry, unenriched",non_vegan,,2026-05-26T02:00:59.772610+00:00
6269,"Dates, deglet noor",vegan,,2026-05-26T02:00:59.772733+00:00
6270,"Dates, medjool",vegan,,2026-05-26T02:00:59.772833+00:00
6271,"Deer (venison), sitka, raw (Alaska Native)",non_vegan,,2026-05-26T02:00:59.772996+00:00
6272,"DENNY'S, chicken nuggets, star shaped, from kid's menu",non_vegan,,2026-05-26T02:00:59.773112+00:00
6273,"DENNY'S, chicken strips",non_vegan,,2026-05-26T02:00:59.773223+00:00
6274,"DENNY'S, coleslaw",non_vegan,,2026-05-26T02:00:59.773480+00:00
6275,"DENNY'S, fish fillet, battered or breaded, fried",non_vegan,,2026-05-26T02:00:59.773603+00:00
6276,"DENNY'S, french fries",vegan,,2026-05-26T02:00:59.773711+00:00
6277,"DENNY'S, golden fried shrimp",non_vegan,,2026-05-26T02:00:59.773831+00:00
6278,"DENNY'S, hash browns",vegan,,2026-05-26T02:00:59.774006+00:00
6279,"DENNY'S, macaroni & cheese, from kid's menu",non_vegan,,2026-05-26T02:00:59.774130+00:00
6280,"DENNY'S, mozzarella cheese sticks",non_vegan,,2026-05-26T02:00:59.774230+00:00
6281,"DENNY'S, onion rings",non_vegan,,2026-05-26T02:00:59.774403+00:00
6282,"DENNY'S, spaghetti and meatballs",non_vegan,,2026-05-26T02:00:59.774533+00:00
6283,"DENNY'S, top sirloin steak",non_vegan,,2026-05-26T02:00:59.774653+00:00
6284,"Dessert topping, powdered",non_vegan,,2026-05-26T02:00:59.774772+00:00
6285,"Dessert topping, powdered, 1.5 ounce prepared with 1/2 cup milk",non_vegan,,2026-05-26T02:00:59.774897+00:00
6286,"Dessert topping, pressurized",non_vegan,,2026-05-26T02:00:59.775023+00:00
6287,"Dessert topping, semi solid, frozen",ambiguous,,2026-05-26T02:01:23.606005+00:00
6288,"Desserts, apple crisp, prepared-from-recipe",non_vegan,,2026-05-26T02:01:23.606346+00:00
6289,"Desserts, egg custard, baked, prepared-from-recipe",non_vegan,,2026-05-26T02:01:23.606551+00:00
6290,"Desserts, flan, caramel custard, prepared-from-recipe",non_vegan,,2026-05-26T02:01:23.606723+00:00
6291,"Desserts, mousse, chocolate, prepared-from-recipe",non_vegan,,2026-05-26T02:01:23.606880+00:00
6292,"Desserts, rennin, chocolate, dry mix",non_vegan,,2026-05-26T02:01:23.607030+00:00
6293,"Desserts, rennin, tablets, unsweetened",non_vegan,,2026-05-26T02:01:23.607201+00:00
6294,"Desserts, rennin, vanilla, dry mix",non_vegan,,2026-05-26T02:01:23.607396+00:00
6295,"DIGIORNO Pizza, cheese topping, cheese stuffed crust, frozen, baked",non_vegan,,2026-05-26T02:01:23.607517+00:00
6296,"DIGIORNO Pizza, cheese topping, rising crust, frozen, baked",non_vegan,,2026-05-26T02:01:23.607654+00:00
6297,"DIGIORNO Pizza, cheese topping, thin crispy crust, frozen, baked",non_vegan,,2026-05-26T02:01:23.607829+00:00
6298,"DIGIORNO Pizza, pepperoni topping, cheese stuffed crust, frozen, baked",non_vegan,,2026-05-26T02:01:23.607967+00:00
6299,"DIGIORNO Pizza, pepperoni topping, rising crust, frozen, baked",non_vegan,,2026-05-26T02:01:23.608113+00:00
6300,"DIGIORNO Pizza, pepperoni topping, thin crispy crust, frozen, baked",non_vegan,,2026-05-26T02:01:23.608265+00:00
6301,"DIGIORNO Pizza, supreme topping, rising crust, frozen, baked",non_vegan,,2026-05-26T02:01:23.608418+00:00
6302,"DIGIORNO Pizza, supreme topping, thin crispy crust, frozen, baked",non_vegan,,2026-05-26T02:01:23.608537+00:00
6303,"Dill weed, fresh",vegan,,2026-05-26T02:01:23.608684+00:00
6304,"Dip, bean, original flavor",ambiguous,,2026-05-26T02:01:23.608817+00:00
6305,"Dip, FRITO'S, bean, original flavor",non_vegan,,2026-05-26T02:01:23.608975+00:00
6306,"Dip, salsa con queso, cheese and salsa- medium",non_vegan,,2026-05-26T02:01:23.609130+00:00
6307,"Dip, TOSTITOS, salsa con queso, medium",non_vegan,,2026-05-26T02:01:23.609393+00:00
6308,"Dock, cooked, boiled, drained, with salt",vegan,,2026-05-26T02:01:23.609539+00:00
6309,"Dock, cooked, boiled, drained, without salt",vegan,,2026-05-26T02:01:23.609704+00:00
